Command line invocation:
    /Applications/Xcode.app/Contents/Developer/usr/bin/xcodebuild -project FishSockTransfer/FishSockTransfer.xcodeproj -scheme FishSockTransfer -configuration Debug -destination platform=macOS,arch=arm64 -derivedDataPath /tmp/fst-patch3-verify-full-20261002-1628-derived -resultBundlePath /tmp/fst-patch3-verify-full-20261002-1628.xcresult -parallel-testing-enabled NO test

Writing result bundle at path:
	/tmp/fst-patch3-verify-full-20261002-1628.xcresult

ComputePackagePrebuildTargetDependencyGraph

Prepare packages

CreateBuildRequest

SendProjectDescription

CreateBuildOperation

ComputeTargetDependencyGraph
note: Building targets in dependency order
note: Target dependency graph (2 targets)
    Target 'FishSockTransferTests' in project 'FishSockTransfer' (no dependencies)
    Target 'FishSockTransfer' in project 'FishSockTransfer' (no dependencies)

GatherProvisioningInputs

CreateBuildDescription

ExecuteExternalTool /Applications/Xcode.app/Contents/Developer/Toolchains/XcodeDefault.xctoolchain/usr/bin/clang -v -E -dM -isysroot /Applications/Xcode.app/Contents/Developer/Platforms/MacOSX.platform/Developer/SDKs/MacOSX26.2.sdk -x c -c /dev/null

ExecuteExternalTool /Applications/Xcode.app/Contents/Developer/Toolchains/XcodeDefault.xctoolchain/usr/bin/swiftc --version

ExecuteExternalTool /Applications/Xcode.app/Contents/Developer/usr/bin/actool --version --output-format xml1

ExecuteExternalTool /Applications/Xcode.app/Contents/Developer/Toolchains/XcodeDefault.xctoolchain/usr/bin/ld -version_details

Build description signature: bc46968134ef3b289f0d2e431136070d
Build description path: /tmp/fst-patch3-verify-full-20261002-1628-derived/Build/Intermediates.noindex/XCBuildData/bc46968134ef3b289f0d2e431136070d.xcbuilddata
ClangStatCache /Applications/Xcode.app/Contents/Developer/Toolchains/XcodeDefault.xctoolchain/usr/bin/clang-stat-cache /Applications/Xcode.app/Contents/Developer/Platforms/MacOSX.platform/Developer/SDKs/MacOSX26.2.sdk /tmp/fst-patch3-verify-full-20261002-1628-derived/SDKStatCaches.noindex/macosx26.2-25C58-00fa09913b459cbbc988d1f6730289ae.sdkstatcache
    cd /Users/cenvu/DEV/FST_V2/FishSockTransfer/FishSockTransfer.xcodeproj
    /Applications/Xcode.app/Contents/Developer/Toolchains/XcodeDefault.xctoolchain/usr/bin/clang-stat-cache /Applications/Xcode.app/Contents/Developer/Platforms/MacOSX.platform/Developer/SDKs/MacOSX26.2.sdk -o /tmp/fst-patch3-verify-full-20261002-1628-derived/SDKStatCaches.noindex/macosx26.2-25C58-00fa09913b459cbbc988d1f6730289ae.sdkstatcache

CreateBuildDirectory /tmp/fst-patch3-verify-full-20261002-1628-derived/Build/Products
    cd /Users/cenvu/DEV/FST_V2/FishSockTransfer/FishSockTransfer.xcodeproj
    builtin-create-build-directory /tmp/fst-patch3-verify-full-20261002-1628-derived/Build/Products

CreateBuildDirectory /tmp/fst-patch3-verify-full-20261002-1628-derived/Build/Intermediates.noindex
    cd /Users/cenvu/DEV/FST_V2/FishSockTransfer/FishSockTransfer.xcodeproj
    builtin-create-build-directory /tmp/fst-patch3-verify-full-20261002-1628-derived/Build/Intermediates.noindex

CreateBuildDirectory /tmp/fst-patch3-verify-full-20261002-1628-derived/Build/Intermediates.noindex/SwiftExplicitPrecompiledModules
    cd /Users/cenvu/DEV/FST_V2/FishSockTransfer/FishSockTransfer.xcodeproj
    builtin-create-build-directory /tmp/fst-patch3-verify-full-20261002-1628-derived/Build/Intermediates.noindex/SwiftExplicitPrecompiledModules

CreateBuildDirectory /tmp/fst-patch3-verify-full-20261002-1628-derived/Build/Intermediates.noindex/ExplicitPrecompiledModules
    cd /Users/cenvu/DEV/FST_V2/FishSockTransfer/FishSockTransfer.xcodeproj
    builtin-create-build-directory /tmp/fst-patch3-verify-full-20261002-1628-derived/Build/Intermediates.noindex/ExplicitPrecompiledModules

CreateBuildDirectory /tmp/fst-patch3-verify-full-20261002-1628-derived/Build/Products/Debug
    cd /Users/cenvu/DEV/FST_V2/FishSockTransfer/FishSockTransfer.xcodeproj
    builtin-create-build-directory /tmp/fst-patch3-verify-full-20261002-1628-derived/Build/Products/Debug

CreateBuildDirectory /tmp/fst-patch3-verify-full-20261002-1628-derived/Build/Intermediates.noindex/EagerLinkingTBDs/Debug
    cd /Users/cenvu/DEV/FST_V2/FishSockTransfer/FishSockTransfer.xcodeproj
    builtin-create-build-directory /tmp/fst-patch3-verify-full-20261002-1628-derived/Build/Intermediates.noindex/EagerLinkingTBDs/Debug

WriteAuxiliaryFile /tmp/fst-patch3-verify-full-20261002-1628-derived/Build/Intermediates.noindex/FishSockTransfer.build/Debug/FishSockTransfer-7b781d80cc4a72f320f94452b7409f22-VFS/all-product-headers.yaml
    cd /Users/cenvu/DEV/FST_V2/FishSockTransfer/FishSockTransfer.xcodeproj
    write-file /tmp/fst-patch3-verify-full-20261002-1628-derived/Build/Intermediates.noindex/FishSockTransfer.build/Debug/FishSockTransfer-7b781d80cc4a72f320f94452b7409f22-VFS/all-product-headers.yaml

WriteAuxiliaryFile /tmp/fst-patch3-verify-full-20261002-1628-derived/Build/Intermediates.noindex/FishSockTransfer.build/Debug/FishSockTransfer.build/empty-FishSockTransfer.plist (in target 'FishSockTransfer' from project 'FishSockTransfer')
    cd /Users/cenvu/DEV/FST_V2/FishSockTransfer
    write-file /tmp/fst-patch3-verify-full-20261002-1628-derived/Build/Intermediates.noindex/FishSockTransfer.build/Debug/FishSockTransfer.build/empty-FishSockTransfer.plist

WriteAuxiliaryFile /tmp/fst-patch3-verify-full-20261002-1628-derived/Build/Intermediates.noindex/FishSockTransfer.build/Debug/FishSockTransfer.build/Script-7D9475CD2FDF280000F41AE2.sh (in target 'FishSockTransfer' from project 'FishSockTransfer')
    cd /Users/cenvu/DEV/FST_V2/FishSockTransfer
    write-file /tmp/fst-patch3-verify-full-20261002-1628-derived/Build/Intermediates.noindex/FishSockTransfer.build/Debug/FishSockTransfer.build/Script-7D9475CD2FDF280000F41AE2.sh

WriteAuxiliaryFile /tmp/fst-patch3-verify-full-20261002-1628-derived/Build/Intermediates.noindex/FishSockTransfer.build/Debug/FishSockTransferTests.build/empty-FishSockTransferTests.plist (in target 'FishSockTransferTests' from project 'FishSockTransfer')
    cd /Users/cenvu/DEV/FST_V2/FishSockTransfer
    write-file /tmp/fst-patch3-verify-full-20261002-1628-derived/Build/Intermediates.noindex/FishSockTransfer.build/Debug/FishSockTransferTests.build/empty-FishSockTransferTests.plist

WriteAuxiliaryFile /tmp/fst-patch3-verify-full-20261002-1628-derived/Build/Intermediates.noindex/FishSockTransfer.build/Debug/FishSockTransferTests.build/Objects-normal/arm64/FishSockTransferTests.SwiftConstValuesFileList (in target 'FishSockTransferTests' from project 'FishSockTransfer')
    cd /Users/cenvu/DEV/FST_V2/FishSockTransfer
    write-file /tmp/fst-patch3-verify-full-20261002-1628-derived/Build/Intermediates.noindex/FishSockTransfer.build/Debug/FishSockTransferTests.build/Objects-normal/arm64/FishSockTransferTests.SwiftConstValuesFileList

WriteAuxiliaryFile /tmp/fst-patch3-verify-full-20261002-1628-derived/Build/Intermediates.noindex/FishSockTransfer.build/Debug/FishSockTransferTests.build/Objects-normal/arm64/FishSockTransferTests_const_extract_protocols.json (in target 'FishSockTransferTests' from project 'FishSockTransfer')
    cd /Users/cenvu/DEV/FST_V2/FishSockTransfer
    write-file /tmp/fst-patch3-verify-full-20261002-1628-derived/Build/Intermediates.noindex/FishSockTransfer.build/Debug/FishSockTransferTests.build/Objects-normal/arm64/FishSockTransferTests_const_extract_protocols.json

WriteAuxiliaryFile /tmp/fst-patch3-verify-full-20261002-1628-derived/Build/Intermediates.noindex/FishSockTransfer.build/Debug/FishSockTransferTests.build/Objects-normal/arm64/FishSockTransferTests.SwiftFileList (in target 'FishSockTransferTests' from project 'FishSockTransfer')
    cd /Users/cenvu/DEV/FST_V2/FishSockTransfer
    write-file /tmp/fst-patch3-verify-full-20261002-1628-derived/Build/Intermediates.noindex/FishSockTransfer.build/Debug/FishSockTransferTests.build/Objects-normal/arm64/FishSockTransferTests.SwiftFileList

WriteAuxiliaryFile /tmp/fst-patch3-verify-full-20261002-1628-derived/Build/Intermediates.noindex/FishSockTransfer.build/Debug/FishSockTransferTests.build/Objects-normal/arm64/FishSockTransferTests-OutputFileMap.json (in target 'FishSockTransferTests' from project 'FishSockTransfer')
    cd /Users/cenvu/DEV/FST_V2/FishSockTransfer
    write-file /tmp/fst-patch3-verify-full-20261002-1628-derived/Build/Intermediates.noindex/FishSockTransfer.build/Debug/FishSockTransferTests.build/Objects-normal/arm64/FishSockTransferTests-OutputFileMap.json

WriteAuxiliaryFile /tmp/fst-patch3-verify-full-20261002-1628-derived/Build/Intermediates.noindex/FishSockTransfer.build/Debug/FishSockTransferTests.build/Objects-normal/arm64/FishSockTransferTests.LinkFileList (in target 'FishSockTransferTests' from project 'FishSockTransfer')
    cd /Users/cenvu/DEV/FST_V2/FishSockTransfer
    write-file /tmp/fst-patch3-verify-full-20261002-1628-derived/Build/Intermediates.noindex/FishSockTransfer.build/Debug/FishSockTransferTests.build/Objects-normal/arm64/FishSockTransferTests.LinkFileList

WriteAuxiliaryFile /tmp/fst-patch3-verify-full-20261002-1628-derived/Build/Intermediates.noindex/FishSockTransfer.build/Debug/FishSockTransfer.build/Objects-normal/arm64/FishSockTransfer_const_extract_protocols.json (in target 'FishSockTransfer' from project 'FishSockTransfer')
    cd /Users/cenvu/DEV/FST_V2/FishSockTransfer
    write-file /tmp/fst-patch3-verify-full-20261002-1628-derived/Build/Intermediates.noindex/FishSockTransfer.build/Debug/FishSockTransfer.build/Objects-normal/arm64/FishSockTransfer_const_extract_protocols.json

WriteAuxiliaryFile /tmp/fst-patch3-verify-full-20261002-1628-derived/Build/Intermediates.noindex/FishSockTransfer.build/Debug/FishSockTransferTests.build/FishSockTransferTests.hmap (in target 'FishSockTransferTests' from project 'FishSockTransfer')
    cd /Users/cenvu/DEV/FST_V2/FishSockTransfer
    write-file /tmp/fst-patch3-verify-full-20261002-1628-derived/Build/Intermediates.noindex/FishSockTransfer.build/Debug/FishSockTransferTests.build/FishSockTransferTests.hmap

WriteAuxiliaryFile /tmp/fst-patch3-verify-full-20261002-1628-derived/Build/Intermediates.noindex/FishSockTransfer.build/Debug/FishSockTransferTests.build/FishSockTransferTests.DependencyStaticMetadataFileList (in target 'FishSockTransferTests' from project 'FishSockTransfer')
    cd /Users/cenvu/DEV/FST_V2/FishSockTransfer
    write-file /tmp/fst-patch3-verify-full-20261002-1628-derived/Build/Intermediates.noindex/FishSockTransfer.build/Debug/FishSockTransferTests.build/FishSockTransferTests.DependencyStaticMetadataFileList

WriteAuxiliaryFile /tmp/fst-patch3-verify-full-20261002-1628-derived/Build/Intermediates.noindex/FishSockTransfer.build/Debug/FishSockTransferTests.build/FishSockTransferTests.DependencyMetadataFileList (in target 'FishSockTransferTests' from project 'FishSockTransfer')
    cd /Users/cenvu/DEV/FST_V2/FishSockTransfer
    write-file /tmp/fst-patch3-verify-full-20261002-1628-derived/Build/Intermediates.noindex/FishSockTransfer.build/Debug/FishSockTransferTests.build/FishSockTransferTests.DependencyMetadataFileList

WriteAuxiliaryFile /tmp/fst-patch3-verify-full-20261002-1628-derived/Build/Intermediates.noindex/FishSockTransfer.build/Debug/FishSockTransferTests.build/FishSockTransferTests-project-headers.hmap (in target 'FishSockTransferTests' from project 'FishSockTransfer')
    cd /Users/cenvu/DEV/FST_V2/FishSockTransfer
    write-file /tmp/fst-patch3-verify-full-20261002-1628-derived/Build/Intermediates.noindex/FishSockTransfer.build/Debug/FishSockTransferTests.build/FishSockTransferTests-project-headers.hmap

WriteAuxiliaryFile /tmp/fst-patch3-verify-full-20261002-1628-derived/Build/Intermediates.noindex/FishSockTransfer.build/Debug/FishSockTransferTests.build/FishSockTransferTests-own-target-headers.hmap (in target 'FishSockTransferTests' from project 'FishSockTransfer')
    cd /Users/cenvu/DEV/FST_V2/FishSockTransfer
    write-file /tmp/fst-patch3-verify-full-20261002-1628-derived/Build/Intermediates.noindex/FishSockTransfer.build/Debug/FishSockTransferTests.build/FishSockTransferTests-own-target-headers.hmap

WriteAuxiliaryFile /tmp/fst-patch3-verify-full-20261002-1628-derived/Build/Intermediates.noindex/FishSockTransfer.build/Debug/FishSockTransferTests.build/FishSockTransferTests-generated-files.hmap (in target 'FishSockTransferTests' from project 'FishSockTransfer')
    cd /Users/cenvu/DEV/FST_V2/FishSockTransfer
    write-file /tmp/fst-patch3-verify-full-20261002-1628-derived/Build/Intermediates.noindex/FishSockTransfer.build/Debug/FishSockTransferTests.build/FishSockTransferTests-generated-files.hmap

WriteAuxiliaryFile /tmp/fst-patch3-verify-full-20261002-1628-derived/Build/Intermediates.noindex/FishSockTransfer.build/Debug/FishSockTransferTests.build/FishSockTransferTests-all-target-headers.hmap (in target 'FishSockTransferTests' from project 'FishSockTransfer')
    cd /Users/cenvu/DEV/FST_V2/FishSockTransfer
    write-file /tmp/fst-patch3-verify-full-20261002-1628-derived/Build/Intermediates.noindex/FishSockTransfer.build/Debug/FishSockTransferTests.build/FishSockTransferTests-all-target-headers.hmap

WriteAuxiliaryFile /tmp/fst-patch3-verify-full-20261002-1628-derived/Build/Intermediates.noindex/FishSockTransfer.build/Debug/FishSockTransferTests.build/FishSockTransferTests-all-non-framework-target-headers.hmap (in target 'FishSockTransferTests' from project 'FishSockTransfer')
    cd /Users/cenvu/DEV/FST_V2/FishSockTransfer
    write-file /tmp/fst-patch3-verify-full-20261002-1628-derived/Build/Intermediates.noindex/FishSockTransfer.build/Debug/FishSockTransferTests.build/FishSockTransferTests-all-non-framework-target-headers.hmap

WriteAuxiliaryFile /tmp/fst-patch3-verify-full-20261002-1628-derived/Build/Intermediates.noindex/FishSockTransfer.build/Debug/FishSockTransfer.build/Objects-normal/arm64/FishSockTransfer.SwiftFileList (in target 'FishSockTransfer' from project 'FishSockTransfer')
    cd /Users/cenvu/DEV/FST_V2/FishSockTransfer
    write-file /tmp/fst-patch3-verify-full-20261002-1628-derived/Build/Intermediates.noindex/FishSockTransfer.build/Debug/FishSockTransfer.build/Objects-normal/arm64/FishSockTransfer.SwiftFileList

WriteAuxiliaryFile /tmp/fst-patch3-verify-full-20261002-1628-derived/Build/Intermediates.noindex/FishSockTransfer.build/Debug/FishSockTransfer.build/Objects-normal/arm64/FishSockTransfer.SwiftConstValuesFileList (in target 'FishSockTransfer' from project 'FishSockTransfer')
    cd /Users/cenvu/DEV/FST_V2/FishSockTransfer
    write-file /tmp/fst-patch3-verify-full-20261002-1628-derived/Build/Intermediates.noindex/FishSockTransfer.build/Debug/FishSockTransfer.build/Objects-normal/arm64/FishSockTransfer.SwiftConstValuesFileList

WriteAuxiliaryFile /tmp/fst-patch3-verify-full-20261002-1628-derived/Build/Intermediates.noindex/FishSockTransfer.build/Debug/FishSockTransfer.build/Objects-normal/arm64/FishSockTransfer.LinkFileList (in target 'FishSockTransfer' from project 'FishSockTransfer')
    cd /Users/cenvu/DEV/FST_V2/FishSockTransfer
    write-file /tmp/fst-patch3-verify-full-20261002-1628-derived/Build/Intermediates.noindex/FishSockTransfer.build/Debug/FishSockTransfer.build/Objects-normal/arm64/FishSockTransfer.LinkFileList

WriteAuxiliaryFile /tmp/fst-patch3-verify-full-20261002-1628-derived/Build/Intermediates.noindex/FishSockTransfer.build/Debug/FishSockTransfer.build/Objects-normal/arm64/FishSockTransfer-OutputFileMap.json (in target 'FishSockTransfer' from project 'FishSockTransfer')
    cd /Users/cenvu/DEV/FST_V2/FishSockTransfer
    write-file /tmp/fst-patch3-verify-full-20261002-1628-derived/Build/Intermediates.noindex/FishSockTransfer.build/Debug/FishSockTransfer.build/Objects-normal/arm64/FishSockTransfer-OutputFileMap.json

WriteAuxiliaryFile /tmp/fst-patch3-verify-full-20261002-1628-derived/Build/Intermediates.noindex/FishSockTransfer.build/Debug/FishSockTransfer.build/FishSockTransfer.hmap (in target 'FishSockTransfer' from project 'FishSockTransfer')
    cd /Users/cenvu/DEV/FST_V2/FishSockTransfer
    write-file /tmp/fst-patch3-verify-full-20261002-1628-derived/Build/Intermediates.noindex/FishSockTransfer.build/Debug/FishSockTransfer.build/FishSockTransfer.hmap

WriteAuxiliaryFile /tmp/fst-patch3-verify-full-20261002-1628-derived/Build/Intermediates.noindex/FishSockTransfer.build/Debug/FishSockTransfer.build/FishSockTransfer.DependencyStaticMetadataFileList (in target 'FishSockTransfer' from project 'FishSockTransfer')
    cd /Users/cenvu/DEV/FST_V2/FishSockTransfer
    write-file /tmp/fst-patch3-verify-full-20261002-1628-derived/Build/Intermediates.noindex/FishSockTransfer.build/Debug/FishSockTransfer.build/FishSockTransfer.DependencyStaticMetadataFileList

WriteAuxiliaryFile /tmp/fst-patch3-verify-full-20261002-1628-derived/Build/Intermediates.noindex/FishSockTransfer.build/Debug/FishSockTransfer.build/FishSockTransfer.DependencyMetadataFileList (in target 'FishSockTransfer' from project 'FishSockTransfer')
    cd /Users/cenvu/DEV/FST_V2/FishSockTransfer
    write-file /tmp/fst-patch3-verify-full-20261002-1628-derived/Build/Intermediates.noindex/FishSockTransfer.build/Debug/FishSockTransfer.build/FishSockTransfer.DependencyMetadataFileList

WriteAuxiliaryFile /tmp/fst-patch3-verify-full-20261002-1628-derived/Build/Intermediates.noindex/FishSockTransfer.build/Debug/FishSockTransfer.build/FishSockTransfer-project-headers.hmap (in target 'FishSockTransfer' from project 'FishSockTransfer')
    cd /Users/cenvu/DEV/FST_V2/FishSockTransfer
    write-file /tmp/fst-patch3-verify-full-20261002-1628-derived/Build/Intermediates.noindex/FishSockTransfer.build/Debug/FishSockTransfer.build/FishSockTransfer-project-headers.hmap

WriteAuxiliaryFile /tmp/fst-patch3-verify-full-20261002-1628-derived/Build/Intermediates.noindex/FishSockTransfer.build/Debug/FishSockTransfer.build/FishSockTransfer-own-target-headers.hmap (in target 'FishSockTransfer' from project 'FishSockTransfer')
    cd /Users/cenvu/DEV/FST_V2/FishSockTransfer
    write-file /tmp/fst-patch3-verify-full-20261002-1628-derived/Build/Intermediates.noindex/FishSockTransfer.build/Debug/FishSockTransfer.build/FishSockTransfer-own-target-headers.hmap

WriteAuxiliaryFile /tmp/fst-patch3-verify-full-20261002-1628-derived/Build/Intermediates.noindex/FishSockTransfer.build/Debug/FishSockTransfer.build/FishSockTransfer-generated-files.hmap (in target 'FishSockTransfer' from project 'FishSockTransfer')
    cd /Users/cenvu/DEV/FST_V2/FishSockTransfer
    write-file /tmp/fst-patch3-verify-full-20261002-1628-derived/Build/Intermediates.noindex/FishSockTransfer.build/Debug/FishSockTransfer.build/FishSockTransfer-generated-files.hmap

WriteAuxiliaryFile /tmp/fst-patch3-verify-full-20261002-1628-derived/Build/Intermediates.noindex/FishSockTransfer.build/Debug/FishSockTransfer.build/FishSockTransfer-all-target-headers.hmap (in target 'FishSockTransfer' from project 'FishSockTransfer')
    cd /Users/cenvu/DEV/FST_V2/FishSockTransfer
    write-file /tmp/fst-patch3-verify-full-20261002-1628-derived/Build/Intermediates.noindex/FishSockTransfer.build/Debug/FishSockTransfer.build/FishSockTransfer-all-target-headers.hmap

WriteAuxiliaryFile /tmp/fst-patch3-verify-full-20261002-1628-derived/Build/Intermediates.noindex/FishSockTransfer.build/Debug/FishSockTransfer.build/FishSockTransfer-all-non-framework-target-headers.hmap (in target 'FishSockTransfer' from project 'FishSockTransfer')
    cd /Users/cenvu/DEV/FST_V2/FishSockTransfer
    write-file /tmp/fst-patch3-verify-full-20261002-1628-derived/Build/Intermediates.noindex/FishSockTransfer.build/Debug/FishSockTransfer.build/FishSockTransfer-all-non-framework-target-headers.hmap

WriteAuxiliaryFile /tmp/fst-patch3-verify-full-20261002-1628-derived/Build/Intermediates.noindex/FishSockTransfer.build/Debug/FishSockTransfer.build/FishSockTransfer-DebugDylibPath-normal-arm64.txt (in target 'FishSockTransfer' from project 'FishSockTransfer')
    cd /Users/cenvu/DEV/FST_V2/FishSockTransfer
    write-file /tmp/fst-patch3-verify-full-20261002-1628-derived/Build/Intermediates.noindex/FishSockTransfer.build/Debug/FishSockTransfer.build/FishSockTransfer-DebugDylibPath-normal-arm64.txt

WriteAuxiliaryFile /tmp/fst-patch3-verify-full-20261002-1628-derived/Build/Intermediates.noindex/FishSockTransfer.build/Debug/FishSockTransfer.build/FishSockTransfer-DebugDylibInstallName-normal-arm64.txt (in target 'FishSockTransfer' from project 'FishSockTransfer')
    cd /Users/cenvu/DEV/FST_V2/FishSockTransfer
    write-file /tmp/fst-patch3-verify-full-20261002-1628-derived/Build/Intermediates.noindex/FishSockTransfer.build/Debug/FishSockTransfer.build/FishSockTransfer-DebugDylibInstallName-normal-arm64.txt

WriteAuxiliaryFile /tmp/fst-patch3-verify-full-20261002-1628-derived/Build/Intermediates.noindex/FishSockTransfer.build/Debug/FishSockTransfer.build/78a228f84be78e22c2b683ac3fa86c67.sb (in target 'FishSockTransfer' from project 'FishSockTransfer')
    cd /Users/cenvu/DEV/FST_V2/FishSockTransfer
    write-file /tmp/fst-patch3-verify-full-20261002-1628-derived/Build/Intermediates.noindex/FishSockTransfer.build/Debug/FishSockTransfer.build/78a228f84be78e22c2b683ac3fa86c67.sb

MkDir /tmp/fst-patch3-verify-full-20261002-1628-derived/Build/Products/Debug/FishSockTransferTests.xctest/Contents (in target 'FishSockTransferTests' from project 'FishSockTransfer')
    cd /Users/cenvu/DEV/FST_V2/FishSockTransfer
    /bin/mkdir -p /tmp/fst-patch3-verify-full-20261002-1628-derived/Build/Products/Debug/FishSockTransferTests.xctest/Contents

WriteAuxiliaryFile /tmp/fst-patch3-verify-full-20261002-1628-derived/Build/Intermediates.noindex/FishSockTransfer.build/Debug/FishSockTransfer.build/DerivedSources/Entitlements.plist (in target 'FishSockTransfer' from project 'FishSockTransfer')
    cd /Users/cenvu/DEV/FST_V2/FishSockTransfer
    write-file /tmp/fst-patch3-verify-full-20261002-1628-derived/Build/Intermediates.noindex/FishSockTransfer.build/Debug/FishSockTransfer.build/DerivedSources/Entitlements.plist

MkDir /tmp/fst-patch3-verify-full-20261002-1628-derived/Build/Products/Debug/FishSockTransferTests.xctest/Contents/MacOS (in target 'FishSockTransferTests' from project 'FishSockTransfer')
    cd /Users/cenvu/DEV/FST_V2/FishSockTransfer
    /bin/mkdir -p /tmp/fst-patch3-verify-full-20261002-1628-derived/Build/Products/Debug/FishSockTransferTests.xctest/Contents/MacOS

MkDir /tmp/fst-patch3-verify-full-20261002-1628-derived/Build/Products/Debug/FishSockTransferTests.xctest (in target 'FishSockTransferTests' from project 'FishSockTransfer')
    cd /Users/cenvu/DEV/FST_V2/FishSockTransfer
    /bin/mkdir -p /tmp/fst-patch3-verify-full-20261002-1628-derived/Build/Products/Debug/FishSockTransferTests.xctest

MkDir /tmp/fst-patch3-verify-full-20261002-1628-derived/Build/Products/Debug/FishSockTransfer.app/Contents (in target 'FishSockTransfer' from project 'FishSockTransfer')
    cd /Users/cenvu/DEV/FST_V2/FishSockTransfer
    /bin/mkdir -p /tmp/fst-patch3-verify-full-20261002-1628-derived/Build/Products/Debug/FishSockTransfer.app/Contents

MkDir /tmp/fst-patch3-verify-full-20261002-1628-derived/Build/Products/Debug/FishSockTransfer.app (in target 'FishSockTransfer' from project 'FishSockTransfer')
    cd /Users/cenvu/DEV/FST_V2/FishSockTransfer
    /bin/mkdir -p /tmp/fst-patch3-verify-full-20261002-1628-derived/Build/Products/Debug/FishSockTransfer.app

MkDir /tmp/fst-patch3-verify-full-20261002-1628-derived/Build/Products/Debug/FishSockTransfer.app/Contents/MacOS (in target 'FishSockTransfer' from project 'FishSockTransfer')
    cd /Users/cenvu/DEV/FST_V2/FishSockTransfer
    /bin/mkdir -p /tmp/fst-patch3-verify-full-20261002-1628-derived/Build/Products/Debug/FishSockTransfer.app/Contents/MacOS

MkDir /tmp/fst-patch3-verify-full-20261002-1628-derived/Build/Products/Debug/FishSockTransfer.app/Contents/Resources (in target 'FishSockTransfer' from project 'FishSockTransfer')
    cd /Users/cenvu/DEV/FST_V2/FishSockTransfer
    /bin/mkdir -p /tmp/fst-patch3-verify-full-20261002-1628-derived/Build/Products/Debug/FishSockTransfer.app/Contents/Resources

ProcessProductPackaging /Users/cenvu/DEV/FST_V2/FishSockTransfer/FishSockTransfer/FishSockTransfer.entitlements /tmp/fst-patch3-verify-full-20261002-1628-derived/Build/Intermediates.noindex/FishSockTransfer.build/Debug/FishSockTransfer.build/FishSockTransfer.app.xcent (in target 'FishSockTransfer' from project 'FishSockTransfer')
    cd /Users/cenvu/DEV/FST_V2/FishSockTransfer
    
    Entitlements:
    
    {
    "com.apple.security.app-sandbox" = 1;
    "com.apple.security.files.bookmarks.app-scope" = 1;
    "com.apple.security.files.user-selected.read-write" = 1;
    "com.apple.security.get-task-allow" = 1;
    "com.apple.security.network.client" = 1;
}
    
    builtin-productPackagingUtility /Users/cenvu/DEV/FST_V2/FishSockTransfer/FishSockTransfer/FishSockTransfer.entitlements -entitlements -format xml -o /tmp/fst-patch3-verify-full-20261002-1628-derived/Build/Intermediates.noindex/FishSockTransfer.build/Debug/FishSockTransfer.build/FishSockTransfer.app.xcent

ProcessInfoPlistFile /tmp/fst-patch3-verify-full-20261002-1628-derived/Build/Products/Debug/FishSockTransferTests.xctest/Contents/Info.plist /tmp/fst-patch3-verify-full-20261002-1628-derived/Build/Intermediates.noindex/FishSockTransfer.build/Debug/FishSockTransferTests.build/empty-FishSockTransferTests.plist (in target 'FishSockTransferTests' from project 'FishSockTransfer')
    cd /Users/cenvu/DEV/FST_V2/FishSockTransfer
    builtin-infoPlistUtility /tmp/fst-patch3-verify-full-20261002-1628-derived/Build/Intermediates.noindex/FishSockTransfer.build/Debug/FishSockTransferTests.build/empty-FishSockTransferTests.plist -producttype com.apple.product-type.bundle.unit-test -expandbuildsettings -platform macosx -o /tmp/fst-patch3-verify-full-20261002-1628-derived/Build/Products/Debug/FishSockTransferTests.xctest/Contents/Info.plist

ProcessProductPackagingDER /tmp/fst-patch3-verify-full-20261002-1628-derived/Build/Intermediates.noindex/FishSockTransfer.build/Debug/FishSockTransfer.build/FishSockTransfer.app.xcent /tmp/fst-patch3-verify-full-20261002-1628-derived/Build/Intermediates.noindex/FishSockTransfer.build/Debug/FishSockTransfer.build/FishSockTransfer.app.xcent.der (in target 'FishSockTransfer' from project 'FishSockTransfer')
    cd /Users/cenvu/DEV/FST_V2/FishSockTransfer
    /usr/bin/derq query -f xml -i /tmp/fst-patch3-verify-full-20261002-1628-derived/Build/Intermediates.noindex/FishSockTransfer.build/Debug/FishSockTransfer.build/FishSockTransfer.app.xcent -o /tmp/fst-patch3-verify-full-20261002-1628-derived/Build/Intermediates.noindex/FishSockTransfer.build/Debug/FishSockTransfer.build/FishSockTransfer.app.xcent.der --raw

Ld /tmp/fst-patch3-verify-full-20261002-1628-derived/Build/Products/Debug/FishSockTransfer.app/Contents/MacOS/__preview.dylib normal (in target 'FishSockTransfer' from project 'FishSockTransfer')
    cd /Users/cenvu/DEV/FST_V2/FishSockTransfer
    /Applications/Xcode.app/Contents/Developer/Toolchains/XcodeDefault.xctoolchain/usr/bin/clang -Xlinker -reproducible -target arm64-apple-macos13.5 -dynamiclib -isysroot /Applications/Xcode.app/Contents/Developer/Platforms/MacOSX.platform/Developer/SDKs/MacOSX26.2.sdk -O0 -L/tmp/fst-patch3-verify-full-20261002-1628-derived/Build/Products/Debug -L/Users/cenvu/DEV/FST_V2/FishSockTransfer/FishSockTransfer -F/tmp/fst-patch3-verify-full-20261002-1628-derived/Build/Products/Debug -install_name @rpath/FishSockTransfer.debug.dylib -rdynamic -Xlinker -no_deduplicate -Xlinker -debug_variant -Xlinker -dependency_info -Xlinker /tmp/fst-patch3-verify-full-20261002-1628-derived/Build/Intermediates.noindex/FishSockTransfer.build/Debug/FishSockTransfer.build/Objects-normal/arm64/FishSockTransfer_dependency_info.dat -Xlinker -no_adhoc_codesign -o /tmp/fst-patch3-verify-full-20261002-1628-derived/Build/Products/Debug/FishSockTransfer.app/Contents/MacOS/__preview.dylib

GenerateAssetSymbols /Users/cenvu/DEV/FST_V2/FishSockTransfer/FishSockTransfer/Assets.xcassets (in target 'FishSockTransfer' from project 'FishSockTransfer')
    cd /Users/cenvu/DEV/FST_V2/FishSockTransfer
    /Applications/Xcode.app/Contents/Developer/usr/bin/actool /Users/cenvu/DEV/FST_V2/FishSockTransfer/FishSockTransfer/Assets.xcassets --compile /tmp/fst-patch3-verify-full-20261002-1628-derived/Build/Products/Debug/FishSockTransfer.app/Contents/Resources --output-format human-readable-text --notices --warnings --export-dependency-info /tmp/fst-patch3-verify-full-20261002-1628-derived/Build/Intermediates.noindex/FishSockTransfer.build/Debug/FishSockTransfer.build/assetcatalog_dependencies --output-partial-info-plist /tmp/fst-patch3-verify-full-20261002-1628-derived/Build/Intermediates.noindex/FishSockTransfer.build/Debug/FishSockTransfer.build/assetcatalog_generated_info.plist --app-icon AppIcon --accent-color AccentColor --enable-on-demand-resources NO --development-region en --target-device mac --minimum-deployment-target 13.5 --platform macosx --bundle-identifier com.cen.FishSockTransfer --generate-swift-asset-symbols /tmp/fst-patch3-verify-full-20261002-1628-derived/Build/Intermediates.noindex/FishSockTransfer.build/Debug/FishSockTransfer.build/DerivedSources/GeneratedAssetSymbols.swift --generate-objc-asset-symbols /tmp/fst-patch3-verify-full-20261002-1628-derived/Build/Intermediates.noindex/FishSockTransfer.build/Debug/FishSockTransfer.build/DerivedSources/GeneratedAssetSymbols.h --generate-asset-symbol-index /tmp/fst-patch3-verify-full-20261002-1628-derived/Build/Intermediates.noindex/FishSockTransfer.build/Debug/FishSockTransfer.build/DerivedSources/GeneratedAssetSymbols-Index.plist
/* com.apple.actool.compilation-results */
/tmp/fst-patch3-verify-full-20261002-1628-derived/Build/Intermediates.noindex/FishSockTransfer.build/Debug/FishSockTransfer.build/DerivedSources/GeneratedAssetSymbols-Index.plist
/tmp/fst-patch3-verify-full-20261002-1628-derived/Build/Intermediates.noindex/FishSockTransfer.build/Debug/FishSockTransfer.build/DerivedSources/GeneratedAssetSymbols.h
/tmp/fst-patch3-verify-full-20261002-1628-derived/Build/Intermediates.noindex/FishSockTransfer.build/Debug/FishSockTransfer.build/DerivedSources/GeneratedAssetSymbols.swift


MkDir /tmp/fst-patch3-verify-full-20261002-1628-derived/Build/Intermediates.noindex/FishSockTransfer.build/Debug/FishSockTransfer.build/assetcatalog_output/unthinned (in target 'FishSockTransfer' from project 'FishSockTransfer')
    cd /Users/cenvu/DEV/FST_V2/FishSockTransfer
    /bin/mkdir -p /tmp/fst-patch3-verify-full-20261002-1628-derived/Build/Intermediates.noindex/FishSockTransfer.build/Debug/FishSockTransfer.build/assetcatalog_output/unthinned

MkDir /tmp/fst-patch3-verify-full-20261002-1628-derived/Build/Intermediates.noindex/FishSockTransfer.build/Debug/FishSockTransfer.build/assetcatalog_output/thinned (in target 'FishSockTransfer' from project 'FishSockTransfer')
    cd /Users/cenvu/DEV/FST_V2/FishSockTransfer
    /bin/mkdir -p /tmp/fst-patch3-verify-full-20261002-1628-derived/Build/Intermediates.noindex/FishSockTransfer.build/Debug/FishSockTransfer.build/assetcatalog_output/thinned

CpResource /tmp/fst-patch3-verify-full-20261002-1628-derived/Build/Products/Debug/FishSockTransfer.app/Contents/Resources/rsync /Users/cenvu/DEV/FST_V2/FishSockTransfer/FishSockTransfer/rsync (in target 'FishSockTransfer' from project 'FishSockTransfer')
    cd /Users/cenvu/DEV/FST_V2/FishSockTransfer
    builtin-copy -exclude .DS_Store -exclude CVS -exclude .svn -exclude .git -exclude .hg -resolve-src-symlinks /Users/cenvu/DEV/FST_V2/FishSockTransfer/FishSockTransfer/rsync /tmp/fst-patch3-verify-full-20261002-1628-derived/Build/Products/Debug/FishSockTransfer.app/Contents/Resources

CpResource /tmp/fst-patch3-verify-full-20261002-1628-derived/Build/Products/Debug/FishSockTransfer.app/Contents/Resources/PrivacyInfo.xcprivacy /Users/cenvu/DEV/FST_V2/FishSockTransfer/FishSockTransfer/PrivacyInfo.xcprivacy (in target 'FishSockTransfer' from project 'FishSockTransfer')
    cd /Users/cenvu/DEV/FST_V2/FishSockTransfer
    builtin-copy -exclude .DS_Store -exclude CVS -exclude .svn -exclude .git -exclude .hg -resolve-src-symlinks /Users/cenvu/DEV/FST_V2/FishSockTransfer/FishSockTransfer/PrivacyInfo.xcprivacy /tmp/fst-patch3-verify-full-20261002-1628-derived/Build/Products/Debug/FishSockTransfer.app/Contents/Resources

CompileAssetCatalogVariant thinned /tmp/fst-patch3-verify-full-20261002-1628-derived/Build/Products/Debug/FishSockTransfer.app/Contents/Resources /Users/cenvu/DEV/FST_V2/FishSockTransfer/FishSockTransfer/Assets.xcassets (in target 'FishSockTransfer' from project 'FishSockTransfer')
    cd /Users/cenvu/DEV/FST_V2/FishSockTransfer
    /Applications/Xcode.app/Contents/Developer/usr/bin/actool /Users/cenvu/DEV/FST_V2/FishSockTransfer/FishSockTransfer/Assets.xcassets --compile /tmp/fst-patch3-verify-full-20261002-1628-derived/Build/Intermediates.noindex/FishSockTransfer.build/Debug/FishSockTransfer.build/assetcatalog_output/thinned --output-format human-readable-text --notices --warnings --export-dependency-info /tmp/fst-patch3-verify-full-20261002-1628-derived/Build/Intermediates.noindex/FishSockTransfer.build/Debug/FishSockTransfer.build/assetcatalog_dependencies_thinned --output-partial-info-plist /tmp/fst-patch3-verify-full-20261002-1628-derived/Build/Intermediates.noindex/FishSockTransfer.build/Debug/FishSockTransfer.build/assetcatalog_generated_info.plist_thinned --app-icon AppIcon --accent-color AccentColor --enable-on-demand-resources NO --development-region en --target-device mac --minimum-deployment-target 13.5 --platform macosx
dyld[62988]: symbol '_kFigCaptionRegionDisplayAlign_Before' missing from root that overrides /System/Library/Frameworks/CoreMedia.framework/Versions/A/CoreMedia. Use of that symbol in /System/Library/PrivateFrameworks/AVFCore.framework/Versions/A/AVFCore is being set to 0xBAD4007.
dyld[62988]: symbol '_kFigCaptionRegionDisplayAlign_After' missing from root that overrides /System/Library/Frameworks/CoreMedia.framework/Versions/A/CoreMedia. Use of that symbol in /System/Library/PrivateFrameworks/AVFCore.framework/Versions/A/AVFCore is being set to 0xBAD4007.
dyld[62988]: symbol '_kFigCaptionRegionDisplayAlign_Center' missing from root that overrides /System/Library/Frameworks/CoreMedia.framework/Versions/A/CoreMedia. Use of that symbol in /System/Library/PrivateFrameworks/AVFCore.framework/Versions/A/AVFCore is being set to 0xBAD4007.
dyld[62988]: symbol '_kFigCaptionTextAlign_Start' missing from root that overrides /System/Library/Frameworks/CoreMedia.framework/Versions/A/CoreMedia. Use of that symbol in /System/Library/PrivateFrameworks/AVFCore.framework/Versions/A/AVFCore is being set to 0xBAD4007.
dyld[62988]: symbol '_kFigCaptionTextAlign_End' missing from root that overrides /System/Library/Frameworks/CoreMedia.framework/Versions/A/CoreMedia. Use of that symbol in /System/Library/PrivateFrameworks/AVFCore.framework/Versions/A/AVFCore is being set to 0xBAD4007.
dyld[62988]: symbol '_kFigCaptionTextAlign_Center' missing from root that overrides /System/Library/Frameworks/CoreMedia.framework/Versions/A/CoreMedia. Use of that symbol in /System/Library/PrivateFrameworks/AVFCore.framework/Versions/A/AVFCore is being set to 0xBAD4007.
dyld[62988]: symbol '_kFigCaptionTextAlign_Left' missing from root that overrides /System/Library/Frameworks/CoreMedia.framework/Versions/A/CoreMedia. Use of that symbol in /System/Library/PrivateFrameworks/AVFCore.framework/Versions/A/AVFCore is being set to 0xBAD4007.
dyld[62988]: symbol '_kFigCaptionTextAlign_Right' missing from root that overrides /System/Library/Frameworks/CoreMedia.framework/Versions/A/CoreMedia. Use of that symbol in /System/Library/PrivateFrameworks/AVFCore.framework/Versions/A/AVFCore is being set to 0xBAD4007.
dyld[62988]: symbol '_kFigEndpointNotification_AuthenticationSucceeded' missing from root that overrides /System/Library/Frameworks/CoreMedia.framework/Versions/A/CoreMedia. Use of that symbol in /System/Library/PrivateFrameworks/AVFCore.framework/Versions/A/AVFCore is being set to 0xBAD4007.
dyld[62988]: symbol '_kFigEndpointNotification_iOSUIRequested' missing from root that overrides /System/Library/Frameworks/CoreMedia.framework/Versions/A/CoreMedia. Use of that symbol in /System/Library/PrivateFrameworks/AVFCore.framework/Versions/A/AVFCore is being set to 0xBAD4007.
dyld[62988]: symbol '_kFigEndpointNotification_SiriRequested' missing from root that overrides /System/Library/Frameworks/CoreMedia.framework/Versions/A/CoreMedia. Use of that symbol in /System/Library/PrivateFrameworks/AVFCore.framework/Versions/A/AVFCore is being set to 0xBAD4007.
dyld[62988]: symbol '_kFigEndPointNotification_EnhancedSiriParametersChanged' missing from root that overrides /System/Library/Frameworks/CoreMedia.framework/Versions/A/CoreMedia. Use of that symbol in /System/Library/PrivateFrameworks/AVFCore.framework/Versions/A/AVFCore is being set to 0xBAD4007.
dyld[62988]: symbol '_kFigEndpointNotification_NightModeChanged' missing from root that overrides /System/Library/Frameworks/CoreMedia.framework/Versions/A/CoreMedia. Use of that symbol in /System/Library/PrivateFrameworks/AVFCore.framework/Versions/A/AVFCore is being set to 0xBAD4007.
dyld[62988]: symbol '_kFigEndpointNotification_LimitedUIChanged' missing from root that overrides /System/Library/Frameworks/CoreMedia.framework/Versions/A/CoreMedia. Use of that symbol in /System/Library/PrivateFrameworks/AVFCore.framework/Versions/A/AVFCore is being set to 0xBAD4007.
dyld[62988]: symbol '_kFigEndpointNotification_PerformanceReportPosted' missing from root that overrides /System/Library/Frameworks/CoreMedia.framework/Versions/A/CoreMedia. Use of that symbol in /System/Library/PrivateFrameworks/AVFCore.framework/Versions/A/AVFCore is being set to 0xBAD4007.
dyld[62988]: symbol '_kFigEndpointNotification_UnhandledRemoteEvent' missing from root that overrides /System/Library/Frameworks/CoreMedia.framework/Versions/A/CoreMedia. Use of that symbol in /System/Library/PrivateFrameworks/AVFCore.framework/Versions/A/AVFCore is being set to 0xBAD4007.
dyld[62988]: symbol '_kFigEndpointNotification_CarPlayTest' missing from root that overrides /System/Library/Frameworks/CoreMedia.framework/Versions/A/CoreMedia. Use of that symbol in /System/Library/PrivateFrameworks/AVFCore.framework/Versions/A/AVFCore is being set to 0xBAD4007.
dyld[62988]: symbol '_kFigVideoQueueNotification_NowBelowLowWaterLevel' missing from root that overrides /System/Library/Frameworks/MediaToolbox.framework/Versions/A/MediaToolbox. Use of that symbol in /System/Library/PrivateFrameworks/AVFCore.framework/Versions/A/AVFCore is being set to 0xBAD4007.
dyld[62988]: symbol '_kFigVideoQueueNotification_DecodeError' missing from root that overrides /System/Library/Frameworks/MediaToolbox.framework/Versions/A/MediaToolbox. Use of that symbol in /System/Library/PrivateFrameworks/AVFCore.framework/Versions/A/AVFCore is being set to 0xBAD4007.
dyld[62988]: symbol '_kFigVideoQueueNotification_Failed' missing from root that overrides /System/Library/Frameworks/MediaToolbox.framework/Versions/A/MediaToolbox. Use of that symbol in /System/Library/PrivateFrameworks/AVFCore.framework/Versions/A/AVFCore is being set to 0xBAD4007.
dyld[62988]: symbol '_kFigVideoQueueNotification_ExternalProtectionStatusChanged' missing from root that overrides /System/Library/Frameworks/MediaToolbox.framework/Versions/A/MediaToolbox. Use of that symbol in /System/Library/PrivateFrameworks/AVFCore.framework/Versions/A/AVFCore is being set to 0xBAD4007.
dyld[62988]: symbol '_kFigVideoQueueNotification_FlushComplete' missing from root that overrides /System/Library/Frameworks/MediaToolbox.framework/Versions/A/MediaToolbox. Use of that symbol in /System/Library/PrivateFrameworks/AVFCore.framework/Versions/A/AVFCore is being set to 0xBAD4007.
dyld[62988]: symbol '_kFigVideoQueueNotification_CompletedDecodeForPreroll' missing from root that overrides /System/Library/Frameworks/MediaToolbox.framework/Versions/A/MediaToolbox. Use of that symbol in /System/Library/PrivateFrameworks/AVFCore.framework/Versions/A/AVFCore is being set to 0xBAD4007.
dyld[62988]: symbol '_kFigVideoQueueNotification_FirstVideoFrameEnqueued' missing from root that overrides /System/Library/Frameworks/MediaToolbox.framework/Versions/A/MediaToolbox. Use of that symbol in /System/Library/PrivateFrameworks/AVFCore.framework/Versions/A/AVFCore is being set to 0xBAD4007.
dyld[62988]: symbol '_kFigVideoQueueNotification_LostDecoderState' missing from root that overrides /System/Library/Frameworks/MediaToolbox.framework/Versions/A/MediaToolbox. Use of that symbol in /System/Library/PrivateFrameworks/AVFCore.framework/Versions/A/AVFCore is being set to 0xBAD4007.
dyld[62988]: symbol '_OBJC_CLASS_$_FigBaseCALayer' missing from root that overrides /System/Library/Frameworks/MediaToolbox.framework/Versions/A/MediaToolbox. Use of that symbol in /System/Library/PrivateFrameworks/AVFCore.framework/Versions/A/AVFCore is being set to 0xBAD4007.
dyld[62988]: symbol '_OBJC_METACLASS_$_FigBaseCALayer' missing from root that overrides /System/Library/Frameworks/MediaToolbox.framework/Versions/A/MediaToolbox. Use of that symbol in /System/Library/PrivateFrameworks/AVFCore.framework/Versions/A/AVFCore is being set to 0xBAD4007.
/* com.apple.actool.compilation-results */
/tmp/fst-patch3-verify-full-20261002-1628-derived/Build/Intermediates.noindex/FishSockTransfer.build/Debug/FishSockTransfer.build/assetcatalog_generated_info.plist_thinned
/tmp/fst-patch3-verify-full-20261002-1628-derived/Build/Intermediates.noindex/FishSockTransfer.build/Debug/FishSockTransfer.build/assetcatalog_output/thinned/AppIcon.icns
/tmp/fst-patch3-verify-full-20261002-1628-derived/Build/Intermediates.noindex/FishSockTransfer.build/Debug/FishSockTransfer.build/assetcatalog_output/thinned/Assets.car


LinkAssetCatalog /Users/cenvu/DEV/FST_V2/FishSockTransfer/FishSockTransfer/Assets.xcassets (in target 'FishSockTransfer' from project 'FishSockTransfer')
    cd /Users/cenvu/DEV/FST_V2/FishSockTransfer
    builtin-linkAssetCatalog --thinned /tmp/fst-patch3-verify-full-20261002-1628-derived/Build/Intermediates.noindex/FishSockTransfer.build/Debug/FishSockTransfer.build/assetcatalog_output/thinned --thinned-dependencies /tmp/fst-patch3-verify-full-20261002-1628-derived/Build/Intermediates.noindex/FishSockTransfer.build/Debug/FishSockTransfer.build/assetcatalog_dependencies_thinned --thinned-info-plist-content /tmp/fst-patch3-verify-full-20261002-1628-derived/Build/Intermediates.noindex/FishSockTransfer.build/Debug/FishSockTransfer.build/assetcatalog_generated_info.plist_thinned --unthinned /tmp/fst-patch3-verify-full-20261002-1628-derived/Build/Intermediates.noindex/FishSockTransfer.build/Debug/FishSockTransfer.build/assetcatalog_output/unthinned --unthinned-dependencies /tmp/fst-patch3-verify-full-20261002-1628-derived/Build/Intermediates.noindex/FishSockTransfer.build/Debug/FishSockTransfer.build/assetcatalog_dependencies_unthinned --unthinned-info-plist-content /tmp/fst-patch3-verify-full-20261002-1628-derived/Build/Intermediates.noindex/FishSockTransfer.build/Debug/FishSockTransfer.build/assetcatalog_generated_info.plist_unthinned --output /tmp/fst-patch3-verify-full-20261002-1628-derived/Build/Products/Debug/FishSockTransfer.app/Contents/Resources --plist-output /tmp/fst-patch3-verify-full-20261002-1628-derived/Build/Intermediates.noindex/FishSockTransfer.build/Debug/FishSockTransfer.build/assetcatalog_generated_info.plist
note: Emplaced /tmp/fst-patch3-verify-full-20261002-1628-derived/Build/Products/Debug/FishSockTransfer.app/Contents/Resources/AppIcon.icns (in target 'FishSockTransfer' from project 'FishSockTransfer')
note: Emplaced /tmp/fst-patch3-verify-full-20261002-1628-derived/Build/Products/Debug/FishSockTransfer.app/Contents/Resources/Assets.car (in target 'FishSockTransfer' from project 'FishSockTransfer')

ProcessInfoPlistFile /tmp/fst-patch3-verify-full-20261002-1628-derived/Build/Products/Debug/FishSockTransfer.app/Contents/Info.plist /tmp/fst-patch3-verify-full-20261002-1628-derived/Build/Intermediates.noindex/FishSockTransfer.build/Debug/FishSockTransfer.build/empty-FishSockTransfer.plist (in target 'FishSockTransfer' from project 'FishSockTransfer')
    cd /Users/cenvu/DEV/FST_V2/FishSockTransfer
    builtin-infoPlistUtility /tmp/fst-patch3-verify-full-20261002-1628-derived/Build/Intermediates.noindex/FishSockTransfer.build/Debug/FishSockTransfer.build/empty-FishSockTransfer.plist -producttype com.apple.product-type.application -genpkginfo /tmp/fst-patch3-verify-full-20261002-1628-derived/Build/Products/Debug/FishSockTransfer.app/Contents/PkgInfo -expandbuildsettings -platform macosx -additionalcontentfile /tmp/fst-patch3-verify-full-20261002-1628-derived/Build/Intermediates.noindex/FishSockTransfer.build/Debug/FishSockTransfer.build/assetcatalog_generated_info.plist -o /tmp/fst-patch3-verify-full-20261002-1628-derived/Build/Products/Debug/FishSockTransfer.app/Contents/Info.plist

SwiftDriver FishSockTransfer normal arm64 com.apple.xcode.tools.swift.compiler (in target 'FishSockTransfer' from project 'FishSockTransfer')
    cd /Users/cenvu/DEV/FST_V2/FishSockTransfer
    builtin-SwiftDriver -- /Applications/Xcode.app/Contents/Developer/Toolchains/XcodeDefault.xctoolchain/usr/bin/swiftc -module-name FishSockTransfer -Onone -enforce-exclusivity\=checked @/tmp/fst-patch3-verify-full-20261002-1628-derived/Build/Intermediates.noindex/FishSockTransfer.build/Debug/FishSockTransfer.build/Objects-normal/arm64/FishSockTransfer.SwiftFileList -DDEBUG -default-isolation\=MainActor -enable-bare-slash-regex -enable-upcoming-feature DisableOutwardActorInference -enable-upcoming-feature InferSendableFromCaptures -enable-upcoming-feature GlobalActorIsolatedTypesUsability -enable-upcoming-feature MemberImportVisibility -enable-upcoming-feature InferIsolatedConformances -enable-upcoming-feature NonisolatedNonsendingByDefault -enable-experimental-feature DebugDescriptionMacro -sdk /Applications/Xcode.app/Contents/Developer/Platforms/MacOSX.platform/Developer/SDKs/MacOSX26.2.sdk -target arm64-apple-macos13.5 -g -module-cache-path /tmp/fst-patch3-verify-full-20261002-1628-derived/ModuleCache.noindex -Xfrontend -serialize-debugging-options -profile-coverage-mapping -profile-generate -enable-testing -index-store-path /tmp/fst-patch3-verify-full-20261002-1628-derived/Index.noindex/DataStore -Xcc -D_LIBCPP_HARDENING_MODE\=_LIBCPP_HARDENING_MODE_DEBUG -swift-version 5 -I /tmp/fst-patch3-verify-full-20261002-1628-derived/Build/Products/Debug -F /tmp/fst-patch3-verify-full-20261002-1628-derived/Build/Products/Debug -emit-localized-strings -emit-localized-strings-path /tmp/fst-patch3-verify-full-20261002-1628-derived/Build/Intermediates.noindex/FishSockTransfer.build/Debug/FishSockTransfer.build/Objects-normal/arm64 -c -j10 -enable-batch-mode -incremental -Xcc -ivfsstatcache -Xcc /tmp/fst-patch3-verify-full-20261002-1628-derived/SDKStatCaches.noindex/macosx26.2-25C58-00fa09913b459cbbc988d1f6730289ae.sdkstatcache -output-file-map /tmp/fst-patch3-verify-full-20261002-1628-derived/Build/Intermediates.noindex/FishSockTransfer.build/Debug/FishSockTransfer.build/Objects-normal/arm64/FishSockTransfer-OutputFileMap.json -use-frontend-parseable-output -save-temps -no-color-diagnostics -explicit-module-build -module-cache-path /tmp/fst-patch3-verify-full-20261002-1628-derived/Build/Intermediates.noindex/SwiftExplicitPrecompiledModules -clang-scanner-module-cache-path /tmp/fst-patch3-verify-full-20261002-1628-derived/ModuleCache.noindex -sdk-module-cache-path /tmp/fst-patch3-verify-full-20261002-1628-derived/ModuleCache.noindex -serialize-diagnostics -emit-dependencies -emit-module -emit-module-path /tmp/fst-patch3-verify-full-20261002-1628-derived/Build/Intermediates.noindex/FishSockTransfer.build/Debug/FishSockTransfer.build/Objects-normal/arm64/FishSockTransfer.swiftmodule -validate-clang-modules-once -clang-build-session-file /tmp/fst-patch3-verify-full-20261002-1628-derived/ModuleCache.noindex/Session.modulevalidation -Xcc -I/tmp/fst-patch3-verify-full-20261002-1628-derived/Build/Intermediates.noindex/FishSockTransfer.build/Debug/FishSockTransfer.build/swift-overrides.hmap -emit-const-values -Xfrontend -const-gather-protocols-file -Xfrontend /tmp/fst-patch3-verify-full-20261002-1628-derived/Build/Intermediates.noindex/FishSockTransfer.build/Debug/FishSockTransfer.build/Objects-normal/arm64/FishSockTransfer_const_extract_protocols.json -Xcc -iquote -Xcc /tmp/fst-patch3-verify-full-20261002-1628-derived/Build/Intermediates.noindex/FishSockTransfer.build/Debug/FishSockTransfer.build/FishSockTransfer-generated-files.hmap -Xcc -I/tmp/fst-patch3-verify-full-20261002-1628-derived/Build/Intermediates.noindex/FishSockTransfer.build/Debug/FishSockTransfer.build/FishSockTransfer-own-target-headers.hmap -Xcc -I/tmp/fst-patch3-verify-full-20261002-1628-derived/Build/Intermediates.noindex/FishSockTransfer.build/Debug/FishSockTransfer.build/FishSockTransfer-all-target-headers.hmap -Xcc -iquote -Xcc /tmp/fst-patch3-verify-full-20261002-1628-derived/Build/Intermediates.noindex/FishSockTransfer.build/Debug/FishSockTransfer.build/FishSockTransfer-project-headers.hmap -Xcc -I/tmp/fst-patch3-verify-full-20261002-1628-derived/Build/Products/Debug/include -Xcc -I/tmp/fst-patch3-verify-full-20261002-1628-derived/Build/Intermediates.noindex/FishSockTransfer.build/Debug/FishSockTransfer.build/DerivedSources-normal/arm64 -Xcc -I/tmp/fst-patch3-verify-full-20261002-1628-derived/Build/Intermediates.noindex/FishSockTransfer.build/Debug/FishSockTransfer.build/DerivedSources/arm64 -Xcc -I/tmp/fst-patch3-verify-full-20261002-1628-derived/Build/Intermediates.noindex/FishSockTransfer.build/Debug/FishSockTransfer.build/DerivedSources -Xcc -DDEBUG\=1 -emit-objc-header -emit-objc-header-path /tmp/fst-patch3-verify-full-20261002-1628-derived/Build/Intermediates.noindex/FishSockTransfer.build/Debug/FishSockTransfer.build/Objects-normal/arm64/FishSockTransfer-Swift.h -working-directory /Users/cenvu/DEV/FST_V2/FishSockTransfer -experimental-emit-module-separately -disable-cmo

SwiftDriver FishSockTransferTests normal arm64 com.apple.xcode.tools.swift.compiler (in target 'FishSockTransferTests' from project 'FishSockTransfer')
    cd /Users/cenvu/DEV/FST_V2/FishSockTransfer
    builtin-SwiftDriver -- /Applications/Xcode.app/Contents/Developer/Toolchains/XcodeDefault.xctoolchain/usr/bin/swiftc -module-name FishSockTransferTests -Onone -enforce-exclusivity\=checked @/tmp/fst-patch3-verify-full-20261002-1628-derived/Build/Intermediates.noindex/FishSockTransfer.build/Debug/FishSockTransferTests.build/Objects-normal/arm64/FishSockTransferTests.SwiftFileList -DDEBUG -plugin-path /Applications/Xcode.app/Contents/Developer/Toolchains/XcodeDefault.xctoolchain/usr/lib/swift/host/plugins/testing -enable-bare-slash-regex -enable-experimental-feature DebugDescriptionMacro -sdk /Applications/Xcode.app/Contents/Developer/Platforms/MacOSX.platform/Developer/SDKs/MacOSX26.2.sdk -target arm64-apple-macos13.5 -g -module-cache-path /tmp/fst-patch3-verify-full-20261002-1628-derived/ModuleCache.noindex -Xfrontend -serialize-debugging-options -profile-coverage-mapping -profile-generate -enable-testing -index-store-path /tmp/fst-patch3-verify-full-20261002-1628-derived/Index.noindex/DataStore -Xcc -D_LIBCPP_HARDENING_MODE\=_LIBCPP_HARDENING_MODE_DEBUG -swift-version 5 -I /tmp/fst-patch3-verify-full-20261002-1628-derived/Build/Products/Debug -Isystem /Applications/Xcode.app/Contents/Developer/Platforms/MacOSX.platform/Developer/usr/lib -F /tmp/fst-patch3-verify-full-20261002-1628-derived/Build/Products/Debug -F /Applications/Xcode.app/Contents/Developer/Platforms/MacOSX.platform/Developer/Library/Frameworks -c -j10 -enable-batch-mode -incremental -Xcc -ivfsstatcache -Xcc /tmp/fst-patch3-verify-full-20261002-1628-derived/SDKStatCaches.noindex/macosx26.2-25C58-00fa09913b459cbbc988d1f6730289ae.sdkstatcache -output-file-map /tmp/fst-patch3-verify-full-20261002-1628-derived/Build/Intermediates.noindex/FishSockTransfer.build/Debug/FishSockTransferTests.build/Objects-normal/arm64/FishSockTransferTests-OutputFileMap.json -use-frontend-parseable-output -save-temps -no-color-diagnostics -explicit-module-build -module-cache-path /tmp/fst-patch3-verify-full-20261002-1628-derived/Build/Intermediates.noindex/SwiftExplicitPrecompiledModules -clang-scanner-module-cache-path /tmp/fst-patch3-verify-full-20261002-1628-derived/ModuleCache.noindex -sdk-module-cache-path /tmp/fst-patch3-verify-full-20261002-1628-derived/ModuleCache.noindex -serialize-diagnostics -emit-dependencies -emit-module -emit-module-path /tmp/fst-patch3-verify-full-20261002-1628-derived/Build/Intermediates.noindex/FishSockTransfer.build/Debug/FishSockTransferTests.build/Objects-normal/arm64/FishSockTransferTests.swiftmodule -validate-clang-modules-once -clang-build-session-file /tmp/fst-patch3-verify-full-20261002-1628-derived/ModuleCache.noindex/Session.modulevalidation -Xcc -I/tmp/fst-patch3-verify-full-20261002-1628-derived/Build/Intermediates.noindex/FishSockTransfer.build/Debug/FishSockTransferTests.build/swift-overrides.hmap -emit-const-values -Xfrontend -const-gather-protocols-file -Xfrontend /tmp/fst-patch3-verify-full-20261002-1628-derived/Build/Intermediates.noindex/FishSockTransfer.build/Debug/FishSockTransferTests.build/Objects-normal/arm64/FishSockTransferTests_const_extract_protocols.json -Xcc -iquote -Xcc /tmp/fst-patch3-verify-full-20261002-1628-derived/Build/Intermediates.noindex/FishSockTransfer.build/Debug/FishSockTransferTests.build/FishSockTransferTests-generated-files.hmap -Xcc -I/tmp/fst-patch3-verify-full-20261002-1628-derived/Build/Intermediates.noindex/FishSockTransfer.build/Debug/FishSockTransferTests.build/FishSockTransferTests-own-target-headers.hmap -Xcc -I/tmp/fst-patch3-verify-full-20261002-1628-derived/Build/Intermediates.noindex/FishSockTransfer.build/Debug/FishSockTransferTests.build/FishSockTransferTests-all-target-headers.hmap -Xcc -iquote -Xcc /tmp/fst-patch3-verify-full-20261002-1628-derived/Build/Intermediates.noindex/FishSockTransfer.build/Debug/FishSockTransferTests.build/FishSockTransferTests-project-headers.hmap -Xcc -I/tmp/fst-patch3-verify-full-20261002-1628-derived/Build/Products/Debug/include -Xcc -I/tmp/fst-patch3-verify-full-20261002-1628-derived/Build/Intermediates.noindex/FishSockTransfer.build/Debug/FishSockTransferTests.build/DerivedSources-normal/arm64 -Xcc -I/tmp/fst-patch3-verify-full-20261002-1628-derived/Build/Intermediates.noindex/FishSockTransfer.build/Debug/FishSockTransferTests.build/DerivedSources/arm64 -Xcc -I/tmp/fst-patch3-verify-full-20261002-1628-derived/Build/Intermediates.noindex/FishSockTransfer.build/Debug/FishSockTransferTests.build/DerivedSources -Xcc -DDEBUG\=1 -emit-objc-header -emit-objc-header-path /tmp/fst-patch3-verify-full-20261002-1628-derived/Build/Intermediates.noindex/FishSockTransfer.build/Debug/FishSockTransferTests.build/Objects-normal/arm64/FishSockTransferTests-Swift.h -working-directory /Users/cenvu/DEV/FST_V2/FishSockTransfer -experimental-emit-module-separately -disable-cmo

SwiftExplicitDependencyGeneratePcm arm64 /tmp/fst-patch3-verify-full-20261002-1628-derived/ModuleCache.noindex/_Builtin_stddef-C6HU6ERDWNFZQRZOTR4XGKHMB.pcm

SwiftExplicitDependencyGeneratePcm arm64 /tmp/fst-patch3-verify-full-20261002-1628-derived/ModuleCache.noindex/_AvailabilityInternal-F0IZSSWNWVIW5GMKPHP0ITFAB.pcm

SwiftExplicitDependencyGeneratePcm arm64 /tmp/fst-patch3-verify-full-20261002-1628-derived/ModuleCache.noindex/ptrcheck-EXAN8CQ7D4HJ36S2GS7LTETNQ.pcm

SwiftExplicitDependencyGeneratePcm arm64 /tmp/fst-patch3-verify-full-20261002-1628-derived/ModuleCache.noindex/SwiftShims-AHYNRJIQXFRK1XTMVJY49QAIT.pcm

SwiftExplicitDependencyGeneratePcm arm64 /tmp/fst-patch3-verify-full-20261002-1628-derived/ModuleCache.noindex/DeveloperToolsSupport-1BBHRHNB603RSUNIEC1WFE00H.pcm

SwiftExplicitDependencyGeneratePcm arm64 /tmp/fst-patch3-verify-full-20261002-1628-derived/ModuleCache.noindex/ptrauth-9MUGZEHINPG11BJNYBN3YQOY4.pcm

SwiftExplicitDependencyGeneratePcm arm64 /tmp/fst-patch3-verify-full-20261002-1628-derived/ModuleCache.noindex/_SwiftConcurrencyShims-CYWHRSZFWLLGHNP6WR56TSCBD.pcm

SwiftExplicitDependencyGeneratePcm arm64 /tmp/fst-patch3-verify-full-20261002-1628-derived/ModuleCache.noindex/_Builtin_stdarg-95T14RHPZQNMSL355NBTFQP7W.pcm

SwiftExplicitDependencyGeneratePcm arm64 /tmp/fst-patch3-verify-full-20261002-1628-derived/ModuleCache.noindex/_Builtin_stdbool-8SK01MQHSI7LYZQ23B5RFFDPQ.pcm

SwiftExplicitDependencyGeneratePcm arm64 /tmp/fst-patch3-verify-full-20261002-1628-derived/ModuleCache.noindex/_Builtin_float-8HO57JMFE5PWTFITB00DEZENR.pcm

SwiftExplicitDependencyGeneratePcm arm64 /tmp/fst-patch3-verify-full-20261002-1628-derived/ModuleCache.noindex/_DarwinFoundation1-9AMMHYRCWUYYI7AKOCUWENPZB.pcm

SwiftExplicitDependencyGeneratePcm arm64 /tmp/fst-patch3-verify-full-20261002-1628-derived/ModuleCache.noindex/_DarwinFoundation2-54RPBZPALT0QOFBRF4T0VR9L7.pcm

SwiftExplicitDependencyGeneratePcm arm64 /tmp/fst-patch3-verify-full-20261002-1628-derived/ModuleCache.noindex/_Builtin_limits-7QUM1ZHRB6DUVTX3KV0BM70KB.pcm

SwiftExplicitDependencyGeneratePcm arm64 /tmp/fst-patch3-verify-full-20261002-1628-derived/ModuleCache.noindex/sys_types-9QLYVZZZE0ZG9L84YKNG8BHSY.pcm

SwiftExplicitDependencyGeneratePcm arm64 /tmp/fst-patch3-verify-full-20261002-1628-derived/ModuleCache.noindex/_Builtin_tgmath-94JKYTH8UVQFJ7JEC501DU1LO.pcm

SwiftExplicitDependencyGeneratePcm arm64 /tmp/fst-patch3-verify-full-20261002-1628-derived/ModuleCache.noindex/_Builtin_stdint-9FF777QBCAK49D1ZR2V1SKC1F.pcm

SwiftExplicitDependencyGeneratePcm arm64 /tmp/fst-patch3-verify-full-20261002-1628-derived/ModuleCache.noindex/_DarwinFoundation3-BA6QRQ71ZOLSPOINE2O9AQPGF.pcm

SwiftExplicitDependencyGeneratePcm arm64 /tmp/fst-patch3-verify-full-20261002-1628-derived/ModuleCache.noindex/_Builtin_stdatomic-1PNU1KKUG1NYMJLNNB0GNR8IK.pcm

SwiftExplicitDependencyGeneratePcm arm64 /tmp/fst-patch3-verify-full-20261002-1628-derived/ModuleCache.noindex/_Builtin_intrinsics-87NFORHCTEQMTGU6WAYGQOG9T.pcm

SwiftExplicitDependencyGeneratePcm arm64 /tmp/fst-patch3-verify-full-20261002-1628-derived/ModuleCache.noindex/libDER-BYF7NSA5JF91L6ZD76ZLZW8MJ.pcm

SwiftExplicitDependencyGeneratePcm arm64 /tmp/fst-patch3-verify-full-20261002-1628-derived/ModuleCache.noindex/OpenGL-6EFK9EKKBSZSRYSR5NLHXD8VA.pcm

SwiftExplicitDependencyGeneratePcm arm64 /tmp/fst-patch3-verify-full-20261002-1628-derived/ModuleCache.noindex/_Builtin_inttypes-69SO1D0JKLQMWHO88U8S6PFDZ.pcm

SwiftExplicitDependencyGeneratePcm arm64 /tmp/fst-patch3-verify-full-20261002-1628-derived/ModuleCache.noindex/Darwin-9NLGZH61YBQRIVJEZXSJY59RL.pcm

SwiftExplicitDependencyGeneratePcm arm64 /tmp/fst-patch3-verify-full-20261002-1628-derived/ModuleCache.noindex/simd-B1BHSGKQ1E5ZMW5Z1VOMZXM3V.pcm

SwiftExplicitDependencyGeneratePcm arm64 /tmp/fst-patch3-verify-full-20261002-1628-derived/ModuleCache.noindex/MachO-4ZSA7L7RDJAYV5Q7WFI5IW23Y.pcm

SwiftExplicitDependencyGeneratePcm arm64 /tmp/fst-patch3-verify-full-20261002-1628-derived/ModuleCache.noindex/CUPS-7HQQX67EK2X3RZFHJE13Y70LP.pcm

SwiftExplicitDependencyGeneratePcm arm64 /tmp/fst-patch3-verify-full-20261002-1628-derived/ModuleCache.noindex/libkern-5AVW22H9SJQYWBZ7306YZ6JQV.pcm

SwiftExplicitDependencyGeneratePcm arm64 /tmp/fst-patch3-verify-full-20261002-1628-derived/ModuleCache.noindex/launch-CBZLNLCJQ0UY5UQ5UHO0601RM.pcm

SwiftExplicitDependencyGeneratePcm arm64 /tmp/fst-patch3-verify-full-20261002-1628-derived/ModuleCache.noindex/Spatial-2RCHIY775RQQ1OWCLI3BK36IX.pcm

SwiftExplicitDependencyGeneratePcm arm64 /tmp/fst-patch3-verify-full-20261002-1628-derived/ModuleCache.noindex/ObjectiveC-2992PD7S1YYZ7U7HLGSHSKAV6.pcm

SwiftExplicitDependencyGeneratePcm arm64 /tmp/fst-patch3-verify-full-20261002-1628-derived/ModuleCache.noindex/os_object-AHPLWUCLOU15XDSUOCOI0XP4L.pcm

SwiftExplicitDependencyGeneratePcm arm64 /tmp/fst-patch3-verify-full-20261002-1628-derived/ModuleCache.noindex/os_workgroup-2VHK0TE2RJ6N3IH05ZAJFJ8F2.pcm

SwiftExplicitDependencyGeneratePcm arm64 /tmp/fst-patch3-verify-full-20261002-1628-derived/ModuleCache.noindex/Dispatch-2JC29QRBI4W7Z52JUONX0FO28.pcm

SwiftExplicitDependencyGeneratePcm arm64 /tmp/fst-patch3-verify-full-20261002-1628-derived/ModuleCache.noindex/CoreFoundation-3HZNQ7FEC6V9PEVK4C2XWI0WD.pcm

SwiftExplicitDependencyGeneratePcm arm64 /tmp/fst-patch3-verify-full-20261002-1628-derived/ModuleCache.noindex/XPC-1LX9469DAA27AXYK5FXXYVUU0.pcm

SwiftExplicitDependencyGeneratePcm arm64 /tmp/fst-patch3-verify-full-20261002-1628-derived/ModuleCache.noindex/os-ZR2SHI8PBT80E1V79KGN1Y83.pcm

SwiftExplicitDependencyGeneratePcm arm64 /tmp/fst-patch3-verify-full-20261002-1628-derived/ModuleCache.noindex/ColorSync-6Y5UWO1EA2YHI6AK2PDMOASQT.pcm

SwiftExplicitDependencyGeneratePcm arm64 /tmp/fst-patch3-verify-full-20261002-1628-derived/ModuleCache.noindex/Security-5Z60Z2V5TB3AZ0730RIP4DKBI.pcm

SwiftExplicitDependencyGeneratePcm arm64 /tmp/fst-patch3-verify-full-20261002-1628-derived/ModuleCache.noindex/CFNetwork-6BUSLFHVQHI69UM5DE2DIV9UQ.pcm

SwiftExplicitDependencyGeneratePcm arm64 /tmp/fst-patch3-verify-full-20261002-1628-derived/ModuleCache.noindex/IOKit-B3LE1S4ICD1TP3WAFK8FCZBIR.pcm

SwiftExplicitDependencyGeneratePcm arm64 /tmp/fst-patch3-verify-full-20261002-1628-derived/ModuleCache.noindex/CoreGraphics-AO2U9L56QF1BBCL143AIO3AUC.pcm

SwiftExplicitDependencyGeneratePcm arm64 /tmp/fst-patch3-verify-full-20261002-1628-derived/ModuleCache.noindex/DiskArbitration-51W41QDSWO0EIJHOATJ40BD0Z.pcm

SwiftExplicitDependencyGeneratePcm arm64 /tmp/fst-patch3-verify-full-20261002-1628-derived/ModuleCache.noindex/CoreServices-E2XRSWNDPK0RP5B3N8GVGF62O.pcm

SwiftExplicitDependencyGeneratePcm arm64 /tmp/fst-patch3-verify-full-20261002-1628-derived/ModuleCache.noindex/ImageIO-3T3ZGEHW89HZN5EL5NOGCFXMR.pcm

SwiftExplicitDependencyGeneratePcm arm64 /tmp/fst-patch3-verify-full-20261002-1628-derived/ModuleCache.noindex/CoreText-1HO7WQ8WHVTF04XIJX3TJXA9O.pcm

SwiftExplicitDependencyGeneratePcm arm64 /tmp/fst-patch3-verify-full-20261002-1628-derived/ModuleCache.noindex/Foundation-5ZASWDFSWNAJVBBGF9JPRD4WN.pcm

SwiftExplicitDependencyGeneratePcm arm64 /tmp/fst-patch3-verify-full-20261002-1628-derived/ModuleCache.noindex/ApplicationServices-XSEEL8M80E96394XEMYV4LVP.pcm

SwiftExplicitDependencyGeneratePcm arm64 /tmp/fst-patch3-verify-full-20261002-1628-derived/ModuleCache.noindex/LocalAuthentication-3YVRHQ27C608MHJJFLQNUHYI5.pcm

SwiftExplicitDependencyGeneratePcm arm64 /tmp/fst-patch3-verify-full-20261002-1628-derived/ModuleCache.noindex/IOSurface-864B7FE42C58GP25DGTOFPJKA.pcm

SwiftExplicitDependencyGeneratePcm arm64 /tmp/fst-patch3-verify-full-20261002-1628-derived/ModuleCache.noindex/CoreTransferable-CUELFA1DXLXTI6TCB8MOMNC8Y.pcm

SwiftExplicitDependencyGeneratePcm arm64 /tmp/fst-patch3-verify-full-20261002-1628-derived/ModuleCache.noindex/Accessibility-9REJXDN6VAA2IG65Y4IC7ENC5.pcm

SwiftExplicitDependencyGeneratePcm arm64 /tmp/fst-patch3-verify-full-20261002-1628-derived/ModuleCache.noindex/DataDetection-AFSV76MZZ71PA938MJ3JUQRR2.pcm

SwiftExplicitDependencyGeneratePcm arm64 /tmp/fst-patch3-verify-full-20261002-1628-derived/ModuleCache.noindex/UniformTypeIdentifiers-CM3OCF6Z7MWLH6HNA2ENXCZF6.pcm

SwiftExplicitDependencyGeneratePcm arm64 /tmp/fst-patch3-verify-full-20261002-1628-derived/ModuleCache.noindex/CoreData-HP6C046CRK2LLJGYTS8TV9I.pcm

SwiftExplicitDependencyGeneratePcm arm64 /tmp/fst-patch3-verify-full-20261002-1628-derived/ModuleCache.noindex/OSLog-758J84C0GDZMWBJV1HA2SN2WN.pcm

SwiftExplicitDependencyGeneratePcm arm64 /tmp/fst-patch3-verify-full-20261002-1628-derived/ModuleCache.noindex/Symbols-8Q187JNGUHSJP1K5FSI97Q73H.pcm

SwiftExplicitDependencyGeneratePcm arm64 /tmp/fst-patch3-verify-full-20261002-1628-derived/ModuleCache.noindex/Metal-1XJXL1X1NXYUMPP9YF8U31WLW.pcm

SwiftExplicitDependencyGeneratePcm arm64 /tmp/fst-patch3-verify-full-20261002-1628-derived/ModuleCache.noindex/CoreVideo-89W3OKSRWNAZORQA5KTQS3EP2.pcm

SwiftExplicitDependencyGeneratePcm arm64 /tmp/fst-patch3-verify-full-20261002-1628-derived/ModuleCache.noindex/QuartzCore-1PO769Y51RX1UB047VJ8EK1XY.pcm

SwiftExplicitDependencyGeneratePcm arm64 /tmp/fst-patch3-verify-full-20261002-1628-derived/ModuleCache.noindex/CoreImage-3NMOX4B4XWNL1AETWZ0P1FLWF.pcm

SwiftExplicitDependencyGeneratePcm arm64 /tmp/fst-patch3-verify-full-20261002-1628-derived/ModuleCache.noindex/SwiftUICore-EPBSPQY3MAR3KNBUCM5PQKSFG.pcm

SwiftExplicitDependencyGeneratePcm arm64 /tmp/fst-patch3-verify-full-20261002-1628-derived/ModuleCache.noindex/AppKit-8CRAP937RT8AK2TGKIC2PH68I.pcm

SwiftExplicitDependencyGeneratePcm arm64 /tmp/fst-patch3-verify-full-20261002-1628-derived/Build/Intermediates.noindex/SwiftExplicitPrecompiledModules/XCUIAutomation-7ESS9BK691GXQ0JGY4A0363HE.pcm

SwiftExplicitDependencyGeneratePcm arm64 /tmp/fst-patch3-verify-full-20261002-1628-derived/ModuleCache.noindex/SwiftUI-7LAJC14AC2Q8GHXV3E5NLC31K.pcm

SwiftEmitModule normal arm64 Emitting\ module\ for\ FishSockTransfer (in target 'FishSockTransfer' from project 'FishSockTransfer')

EmitSwiftModule normal arm64 (in target 'FishSockTransfer' from project 'FishSockTransfer')
    cd /Users/cenvu/DEV/FST_V2/FishSockTransfer
    

SwiftCompile normal arm64 Compiling\ NotificationTabView.swift,\ PanelStyle.swift,\ SourceCardView.swift,\ StorageAnalysisView.swift /Users/cenvu/DEV/FST_V2/FishSockTransfer/FishSockTransfer/Views/NotificationTabView.swift /Users/cenvu/DEV/FST_V2/FishSockTransfer/FishSockTransfer/Views/PanelStyle.swift /Users/cenvu/DEV/FST_V2/FishSockTransfer/FishSockTransfer/Views/SourceCardView.swift /Users/cenvu/DEV/FST_V2/FishSockTransfer/FishSockTransfer/Views/StorageAnalysisView.swift (in target 'FishSockTransfer' from project 'FishSockTransfer')
SwiftCompile normal arm64 /Users/cenvu/DEV/FST_V2/FishSockTransfer/FishSockTransfer/Views/NotificationTabView.swift (in target 'FishSockTransfer' from project 'FishSockTransfer')
    cd /Users/cenvu/DEV/FST_V2/FishSockTransfer
    

SwiftCompile normal arm64 /Users/cenvu/DEV/FST_V2/FishSockTransfer/FishSockTransfer/Views/PanelStyle.swift (in target 'FishSockTransfer' from project 'FishSockTransfer')
    cd /Users/cenvu/DEV/FST_V2/FishSockTransfer
    

SwiftCompile normal arm64 /Users/cenvu/DEV/FST_V2/FishSockTransfer/FishSockTransfer/Views/SourceCardView.swift (in target 'FishSockTransfer' from project 'FishSockTransfer')
    cd /Users/cenvu/DEV/FST_V2/FishSockTransfer
    

SwiftCompile normal arm64 /Users/cenvu/DEV/FST_V2/FishSockTransfer/FishSockTransfer/Views/StorageAnalysisView.swift (in target 'FishSockTransfer' from project 'FishSockTransfer')
    cd /Users/cenvu/DEV/FST_V2/FishSockTransfer
    

SwiftCompile normal arm64 Compiling\ AppUpdateService.swift,\ BookmarkService.swift,\ BundledRsyncService.swift,\ DriveService.swift /Users/cenvu/DEV/FST_V2/FishSockTransfer/FishSockTransfer/Services/AppUpdateService.swift /Users/cenvu/DEV/FST_V2/FishSockTransfer/FishSockTransfer/Services/BookmarkService.swift /Users/cenvu/DEV/FST_V2/FishSockTransfer/FishSockTransfer/Services/BundledRsyncService.swift /Users/cenvu/DEV/FST_V2/FishSockTransfer/FishSockTransfer/Services/DriveService.swift (in target 'FishSockTransfer' from project 'FishSockTransfer')

SwiftCompile normal arm64 /Users/cenvu/DEV/FST_V2/FishSockTransfer/FishSockTransfer/Services/AppUpdateService.swift (in target 'FishSockTransfer' from project 'FishSockTransfer')
    cd /Users/cenvu/DEV/FST_V2/FishSockTransfer
    

SwiftCompile normal arm64 /Users/cenvu/DEV/FST_V2/FishSockTransfer/FishSockTransfer/Services/BookmarkService.swift (in target 'FishSockTransfer' from project 'FishSockTransfer')
    cd /Users/cenvu/DEV/FST_V2/FishSockTransfer
    

SwiftCompile normal arm64 /Users/cenvu/DEV/FST_V2/FishSockTransfer/FishSockTransfer/Services/BundledRsyncService.swift (in target 'FishSockTransfer' from project 'FishSockTransfer')
    cd /Users/cenvu/DEV/FST_V2/FishSockTransfer
    

SwiftCompile normal arm64 /Users/cenvu/DEV/FST_V2/FishSockTransfer/FishSockTransfer/Services/DriveService.swift (in target 'FishSockTransfer' from project 'FishSockTransfer')
    cd /Users/cenvu/DEV/FST_V2/FishSockTransfer
    

SwiftCompile normal arm64 Compiling\ LoggerService.swift,\ TelegramNotificationService.swift,\ TechnicalLogsUpdateViewModel.swift,\ TransferViewModel.swift /Users/cenvu/DEV/FST_V2/FishSockTransfer/FishSockTransfer/Services/LoggerService.swift /Users/cenvu/DEV/FST_V2/FishSockTransfer/FishSockTransfer/Services/TelegramNotificationService.swift /Users/cenvu/DEV/FST_V2/FishSockTransfer/FishSockTransfer/ViewModels/TechnicalLogsUpdateViewModel.swift /Users/cenvu/DEV/FST_V2/FishSockTransfer/FishSockTransfer/ViewModels/TransferViewModel.swift (in target 'FishSockTransfer' from project 'FishSockTransfer')

SwiftCompile normal arm64 /Users/cenvu/DEV/FST_V2/FishSockTransfer/FishSockTransfer/Services/LoggerService.swift (in target 'FishSockTransfer' from project 'FishSockTransfer')
    cd /Users/cenvu/DEV/FST_V2/FishSockTransfer
    

SwiftCompile normal arm64 /Users/cenvu/DEV/FST_V2/FishSockTransfer/FishSockTransfer/Services/TelegramNotificationService.swift (in target 'FishSockTransfer' from project 'FishSockTransfer')
    cd /Users/cenvu/DEV/FST_V2/FishSockTransfer
    

SwiftCompile normal arm64 /Users/cenvu/DEV/FST_V2/FishSockTransfer/FishSockTransfer/ViewModels/TechnicalLogsUpdateViewModel.swift (in target 'FishSockTransfer' from project 'FishSockTransfer')
    cd /Users/cenvu/DEV/FST_V2/FishSockTransfer
    

SwiftCompile normal arm64 /Users/cenvu/DEV/FST_V2/FishSockTransfer/FishSockTransfer/ViewModels/TransferViewModel.swift (in target 'FishSockTransfer' from project 'FishSockTransfer')
    cd /Users/cenvu/DEV/FST_V2/FishSockTransfer
    

SwiftCompile normal arm64 Compiling\ LogEntry.swift,\ LogVisibilityFilter.swift,\ NotificationSettings.swift,\ RsyncBandwidthLimit.swift,\ SemanticVersion.swift /Users/cenvu/DEV/FST_V2/FishSockTransfer/FishSockTransfer/Models/LogEntry.swift /Users/cenvu/DEV/FST_V2/FishSockTransfer/FishSockTransfer/Models/LogVisibilityFilter.swift /Users/cenvu/DEV/FST_V2/FishSockTransfer/FishSockTransfer/Models/NotificationSettings.swift /Users/cenvu/DEV/FST_V2/FishSockTransfer/FishSockTransfer/Models/RsyncBandwidthLimit.swift /Users/cenvu/DEV/FST_V2/FishSockTransfer/FishSockTransfer/Models/SemanticVersion.swift (in target 'FishSockTransfer' from project 'FishSockTransfer')

SwiftCompile normal arm64 /Users/cenvu/DEV/FST_V2/FishSockTransfer/FishSockTransfer/Models/LogEntry.swift (in target 'FishSockTransfer' from project 'FishSockTransfer')
    cd /Users/cenvu/DEV/FST_V2/FishSockTransfer
    

SwiftCompile normal arm64 /Users/cenvu/DEV/FST_V2/FishSockTransfer/FishSockTransfer/Models/LogVisibilityFilter.swift (in target 'FishSockTransfer' from project 'FishSockTransfer')
    cd /Users/cenvu/DEV/FST_V2/FishSockTransfer
    

SwiftCompile normal arm64 /Users/cenvu/DEV/FST_V2/FishSockTransfer/FishSockTransfer/Models/NotificationSettings.swift (in target 'FishSockTransfer' from project 'FishSockTransfer')
    cd /Users/cenvu/DEV/FST_V2/FishSockTransfer
    

SwiftCompile normal arm64 /Users/cenvu/DEV/FST_V2/FishSockTransfer/FishSockTransfer/Models/RsyncBandwidthLimit.swift (in target 'FishSockTransfer' from project 'FishSockTransfer')
    cd /Users/cenvu/DEV/FST_V2/FishSockTransfer
    

SwiftCompile normal arm64 /Users/cenvu/DEV/FST_V2/FishSockTransfer/FishSockTransfer/Models/SemanticVersion.swift (in target 'FishSockTransfer' from project 'FishSockTransfer')
    cd /Users/cenvu/DEV/FST_V2/FishSockTransfer
    

SwiftCompile normal arm64 Compiling\ StorageMetadata.swift,\ TransferFileExclusionPolicy.swift,\ TransferReport.swift,\ TransferRequest.swift,\ TransferResult.swift /Users/cenvu/DEV/FST_V2/FishSockTransfer/FishSockTransfer/Models/StorageMetadata.swift /Users/cenvu/DEV/FST_V2/FishSockTransfer/FishSockTransfer/Models/TransferFileExclusionPolicy.swift /Users/cenvu/DEV/FST_V2/FishSockTransfer/FishSockTransfer/Models/TransferReport.swift /Users/cenvu/DEV/FST_V2/FishSockTransfer/FishSockTransfer/Models/TransferRequest.swift /Users/cenvu/DEV/FST_V2/FishSockTransfer/FishSockTransfer/Models/TransferResult.swift (in target 'FishSockTransfer' from project 'FishSockTransfer')

SwiftCompile normal arm64 /Users/cenvu/DEV/FST_V2/FishSockTransfer/FishSockTransfer/Models/StorageMetadata.swift (in target 'FishSockTransfer' from project 'FishSockTransfer')
    cd /Users/cenvu/DEV/FST_V2/FishSockTransfer
    

SwiftCompile normal arm64 /Users/cenvu/DEV/FST_V2/FishSockTransfer/FishSockTransfer/Models/TransferFileExclusionPolicy.swift (in target 'FishSockTransfer' from project 'FishSockTransfer')
    cd /Users/cenvu/DEV/FST_V2/FishSockTransfer
    

SwiftCompile normal arm64 /Users/cenvu/DEV/FST_V2/FishSockTransfer/FishSockTransfer/Models/TransferReport.swift (in target 'FishSockTransfer' from project 'FishSockTransfer')
    cd /Users/cenvu/DEV/FST_V2/FishSockTransfer
    

SwiftCompile normal arm64 /Users/cenvu/DEV/FST_V2/FishSockTransfer/FishSockTransfer/Models/TransferRequest.swift (in target 'FishSockTransfer' from project 'FishSockTransfer')
    cd /Users/cenvu/DEV/FST_V2/FishSockTransfer
    

SwiftCompile normal arm64 /Users/cenvu/DEV/FST_V2/FishSockTransfer/FishSockTransfer/Models/TransferResult.swift (in target 'FishSockTransfer' from project 'FishSockTransfer')
    cd /Users/cenvu/DEV/FST_V2/FishSockTransfer
    

SwiftCompile normal arm64 Compiling\ Color+State.swift,\ ContentView.swift,\ DestinationCardView.swift,\ FolderPicker.swift /Users/cenvu/DEV/FST_V2/FishSockTransfer/FishSockTransfer/Views/Color+State.swift /Users/cenvu/DEV/FST_V2/FishSockTransfer/FishSockTransfer/Views/ContentView.swift /Users/cenvu/DEV/FST_V2/FishSockTransfer/FishSockTransfer/Views/DestinationCardView.swift /Users/cenvu/DEV/FST_V2/FishSockTransfer/FishSockTransfer/Views/FolderPicker.swift (in target 'FishSockTransfer' from project 'FishSockTransfer')
SwiftCompile normal arm64 /Users/cenvu/DEV/FST_V2/FishSockTransfer/FishSockTransfer/Views/Color+State.swift (in target 'FishSockTransfer' from project 'FishSockTransfer')
    cd /Users/cenvu/DEV/FST_V2/FishSockTransfer
    

SwiftCompile normal arm64 /Users/cenvu/DEV/FST_V2/FishSockTransfer/FishSockTransfer/Views/ContentView.swift (in target 'FishSockTransfer' from project 'FishSockTransfer')
    cd /Users/cenvu/DEV/FST_V2/FishSockTransfer
    

SwiftCompile normal arm64 /Users/cenvu/DEV/FST_V2/FishSockTransfer/FishSockTransfer/Views/DestinationCardView.swift (in target 'FishSockTransfer' from project 'FishSockTransfer')
    cd /Users/cenvu/DEV/FST_V2/FishSockTransfer
    

SwiftCompile normal arm64 /Users/cenvu/DEV/FST_V2/FishSockTransfer/FishSockTransfer/Views/FolderPicker.swift (in target 'FishSockTransfer' from project 'FishSockTransfer')
    cd /Users/cenvu/DEV/FST_V2/FishSockTransfer
    

SwiftCompile normal arm64 Compiling\ TransferState.swift,\ VerificationMode.swift,\ VerificationRequest.swift,\ VerificationResult.swift /Users/cenvu/DEV/FST_V2/FishSockTransfer/FishSockTransfer/Models/TransferState.swift /Users/cenvu/DEV/FST_V2/FishSockTransfer/FishSockTransfer/Models/VerificationMode.swift /Users/cenvu/DEV/FST_V2/FishSockTransfer/FishSockTransfer/Models/VerificationRequest.swift /Users/cenvu/DEV/FST_V2/FishSockTransfer/FishSockTransfer/Models/VerificationResult.swift (in target 'FishSockTransfer' from project 'FishSockTransfer')

SwiftCompile normal arm64 /Users/cenvu/DEV/FST_V2/FishSockTransfer/FishSockTransfer/Models/TransferState.swift (in target 'FishSockTransfer' from project 'FishSockTransfer')
    cd /Users/cenvu/DEV/FST_V2/FishSockTransfer
    

SwiftCompile normal arm64 /Users/cenvu/DEV/FST_V2/FishSockTransfer/FishSockTransfer/Models/VerificationMode.swift (in target 'FishSockTransfer' from project 'FishSockTransfer')
    cd /Users/cenvu/DEV/FST_V2/FishSockTransfer
    

SwiftCompile normal arm64 /Users/cenvu/DEV/FST_V2/FishSockTransfer/FishSockTransfer/Models/VerificationRequest.swift (in target 'FishSockTransfer' from project 'FishSockTransfer')
    cd /Users/cenvu/DEV/FST_V2/FishSockTransfer
    

SwiftCompile normal arm64 /Users/cenvu/DEV/FST_V2/FishSockTransfer/FishSockTransfer/Models/VerificationResult.swift (in target 'FishSockTransfer' from project 'FishSockTransfer')
    cd /Users/cenvu/DEV/FST_V2/FishSockTransfer
    

SwiftCompile normal arm64 Compiling\ TerminalLogsView.swift,\ TransferControlsView.swift,\ FishSockTransferApp.swift,\ GeneratedAssetSymbols.swift /Users/cenvu/DEV/FST_V2/FishSockTransfer/FishSockTransfer/Views/TerminalLogsView.swift /Users/cenvu/DEV/FST_V2/FishSockTransfer/FishSockTransfer/Views/TransferControlsView.swift /Users/cenvu/DEV/FST_V2/FishSockTransfer/FishSockTransfer/FishSockTransferApp.swift /tmp/fst-patch3-verify-full-20261002-1628-derived/Build/Intermediates.noindex/FishSockTransfer.build/Debug/FishSockTransfer.build/DerivedSources/GeneratedAssetSymbols.swift (in target 'FishSockTransfer' from project 'FishSockTransfer')
SwiftCompile normal arm64 /Users/cenvu/DEV/FST_V2/FishSockTransfer/FishSockTransfer/Views/TerminalLogsView.swift (in target 'FishSockTransfer' from project 'FishSockTransfer')
    cd /Users/cenvu/DEV/FST_V2/FishSockTransfer
    

SwiftCompile normal arm64 /Users/cenvu/DEV/FST_V2/FishSockTransfer/FishSockTransfer/Views/TransferControlsView.swift (in target 'FishSockTransfer' from project 'FishSockTransfer')
    cd /Users/cenvu/DEV/FST_V2/FishSockTransfer
    

SwiftCompile normal arm64 /Users/cenvu/DEV/FST_V2/FishSockTransfer/FishSockTransfer/FishSockTransferApp.swift (in target 'FishSockTransfer' from project 'FishSockTransfer')
    cd /Users/cenvu/DEV/FST_V2/FishSockTransfer
    

SwiftCompile normal arm64 /tmp/fst-patch3-verify-full-20261002-1628-derived/Build/Intermediates.noindex/FishSockTransfer.build/Debug/FishSockTransfer.build/DerivedSources/GeneratedAssetSymbols.swift (in target 'FishSockTransfer' from project 'FishSockTransfer')
    cd /Users/cenvu/DEV/FST_V2/FishSockTransfer
    

SwiftCompile normal arm64 Compiling\ NotificationCoordinator.swift,\ TransferCoordinator.swift,\ ProgressParser.swift,\ ReportEngine.swift,\ RsyncEngine.swift /Users/cenvu/DEV/FST_V2/FishSockTransfer/FishSockTransfer/Coordinators/NotificationCoordinator.swift /Users/cenvu/DEV/FST_V2/FishSockTransfer/FishSockTransfer/Coordinators/TransferCoordinator.swift /Users/cenvu/DEV/FST_V2/FishSockTransfer/FishSockTransfer/Engines/ProgressParser.swift /Users/cenvu/DEV/FST_V2/FishSockTransfer/FishSockTransfer/Engines/ReportEngine.swift /Users/cenvu/DEV/FST_V2/FishSockTransfer/FishSockTransfer/Engines/RsyncEngine.swift (in target 'FishSockTransfer' from project 'FishSockTransfer')

SwiftCompile normal arm64 /Users/cenvu/DEV/FST_V2/FishSockTransfer/FishSockTransfer/Coordinators/NotificationCoordinator.swift (in target 'FishSockTransfer' from project 'FishSockTransfer')
    cd /Users/cenvu/DEV/FST_V2/FishSockTransfer
    

SwiftCompile normal arm64 /Users/cenvu/DEV/FST_V2/FishSockTransfer/FishSockTransfer/Coordinators/TransferCoordinator.swift (in target 'FishSockTransfer' from project 'FishSockTransfer')
    cd /Users/cenvu/DEV/FST_V2/FishSockTransfer
    

SwiftCompile normal arm64 /Users/cenvu/DEV/FST_V2/FishSockTransfer/FishSockTransfer/Engines/ProgressParser.swift (in target 'FishSockTransfer' from project 'FishSockTransfer')
    cd /Users/cenvu/DEV/FST_V2/FishSockTransfer
    

SwiftCompile normal arm64 /Users/cenvu/DEV/FST_V2/FishSockTransfer/FishSockTransfer/Engines/ReportEngine.swift (in target 'FishSockTransfer' from project 'FishSockTransfer')
    cd /Users/cenvu/DEV/FST_V2/FishSockTransfer
    

SwiftCompile normal arm64 /Users/cenvu/DEV/FST_V2/FishSockTransfer/FishSockTransfer/Engines/RsyncEngine.swift (in target 'FishSockTransfer' from project 'FishSockTransfer')
    cd /Users/cenvu/DEV/FST_V2/FishSockTransfer
    

SwiftExplicitDependencyGeneratePcm arm64 /tmp/fst-patch3-verify-full-20261002-1628-derived/Build/Intermediates.noindex/SwiftExplicitPrecompiledModules/XCTest-A9PZW3MYYNWD1TZP6M7EIQK70.pcm

SwiftDriverJobDiscovery normal arm64 Emitting module for FishSockTransfer (in target 'FishSockTransfer' from project 'FishSockTransfer')

SwiftDriver\ Compilation\ Requirements FishSockTransfer normal arm64 com.apple.xcode.tools.swift.compiler (in target 'FishSockTransfer' from project 'FishSockTransfer')
    cd /Users/cenvu/DEV/FST_V2/FishSockTransfer
    builtin-Swift-Compilation-Requirements -- /Applications/Xcode.app/Contents/Developer/Toolchains/XcodeDefault.xctoolchain/usr/bin/swiftc -module-name FishSockTransfer -Onone -enforce-exclusivity\=checked @/tmp/fst-patch3-verify-full-20261002-1628-derived/Build/Intermediates.noindex/FishSockTransfer.build/Debug/FishSockTransfer.build/Objects-normal/arm64/FishSockTransfer.SwiftFileList -DDEBUG -default-isolation\=MainActor -enable-bare-slash-regex -enable-upcoming-feature DisableOutwardActorInference -enable-upcoming-feature InferSendableFromCaptures -enable-upcoming-feature GlobalActorIsolatedTypesUsability -enable-upcoming-feature MemberImportVisibility -enable-upcoming-feature InferIsolatedConformances -enable-upcoming-feature NonisolatedNonsendingByDefault -enable-experimental-feature DebugDescriptionMacro -sdk /Applications/Xcode.app/Contents/Developer/Platforms/MacOSX.platform/Developer/SDKs/MacOSX26.2.sdk -target arm64-apple-macos13.5 -g -module-cache-path /tmp/fst-patch3-verify-full-20261002-1628-derived/ModuleCache.noindex -Xfrontend -serialize-debugging-options -profile-coverage-mapping -profile-generate -enable-testing -index-store-path /tmp/fst-patch3-verify-full-20261002-1628-derived/Index.noindex/DataStore -Xcc -D_LIBCPP_HARDENING_MODE\=_LIBCPP_HARDENING_MODE_DEBUG -swift-version 5 -I /tmp/fst-patch3-verify-full-20261002-1628-derived/Build/Products/Debug -F /tmp/fst-patch3-verify-full-20261002-1628-derived/Build/Products/Debug -emit-localized-strings -emit-localized-strings-path /tmp/fst-patch3-verify-full-20261002-1628-derived/Build/Intermediates.noindex/FishSockTransfer.build/Debug/FishSockTransfer.build/Objects-normal/arm64 -c -j10 -enable-batch-mode -incremental -Xcc -ivfsstatcache -Xcc /tmp/fst-patch3-verify-full-20261002-1628-derived/SDKStatCaches.noindex/macosx26.2-25C58-00fa09913b459cbbc988d1f6730289ae.sdkstatcache -output-file-map /tmp/fst-patch3-verify-full-20261002-1628-derived/Build/Intermediates.noindex/FishSockTransfer.build/Debug/FishSockTransfer.build/Objects-normal/arm64/FishSockTransfer-OutputFileMap.json -use-frontend-parseable-output -save-temps -no-color-diagnostics -explicit-module-build -module-cache-path /tmp/fst-patch3-verify-full-20261002-1628-derived/Build/Intermediates.noindex/SwiftExplicitPrecompiledModules -clang-scanner-module-cache-path /tmp/fst-patch3-verify-full-20261002-1628-derived/ModuleCache.noindex -sdk-module-cache-path /tmp/fst-patch3-verify-full-20261002-1628-derived/ModuleCache.noindex -serialize-diagnostics -emit-dependencies -emit-module -emit-module-path /tmp/fst-patch3-verify-full-20261002-1628-derived/Build/Intermediates.noindex/FishSockTransfer.build/Debug/FishSockTransfer.build/Objects-normal/arm64/FishSockTransfer.swiftmodule -validate-clang-modules-once -clang-build-session-file /tmp/fst-patch3-verify-full-20261002-1628-derived/ModuleCache.noindex/Session.modulevalidation -Xcc -I/tmp/fst-patch3-verify-full-20261002-1628-derived/Build/Intermediates.noindex/FishSockTransfer.build/Debug/FishSockTransfer.build/swift-overrides.hmap -emit-const-values -Xfrontend -const-gather-protocols-file -Xfrontend /tmp/fst-patch3-verify-full-20261002-1628-derived/Build/Intermediates.noindex/FishSockTransfer.build/Debug/FishSockTransfer.build/Objects-normal/arm64/FishSockTransfer_const_extract_protocols.json -Xcc -iquote -Xcc /tmp/fst-patch3-verify-full-20261002-1628-derived/Build/Intermediates.noindex/FishSockTransfer.build/Debug/FishSockTransfer.build/FishSockTransfer-generated-files.hmap -Xcc -I/tmp/fst-patch3-verify-full-20261002-1628-derived/Build/Intermediates.noindex/FishSockTransfer.build/Debug/FishSockTransfer.build/FishSockTransfer-own-target-headers.hmap -Xcc -I/tmp/fst-patch3-verify-full-20261002-1628-derived/Build/Intermediates.noindex/FishSockTransfer.build/Debug/FishSockTransfer.build/FishSockTransfer-all-target-headers.hmap -Xcc -iquote -Xcc /tmp/fst-patch3-verify-full-20261002-1628-derived/Build/Intermediates.noindex/FishSockTransfer.build/Debug/FishSockTransfer.build/FishSockTransfer-project-headers.hmap -Xcc -I/tmp/fst-patch3-verify-full-20261002-1628-derived/Build/Products/Debug/include -Xcc -I/tmp/fst-patch3-verify-full-20261002-1628-derived/Build/Intermediates.noindex/FishSockTransfer.build/Debug/FishSockTransfer.build/DerivedSources-normal/arm64 -Xcc -I/tmp/fst-patch3-verify-full-20261002-1628-derived/Build/Intermediates.noindex/FishSockTransfer.build/Debug/FishSockTransfer.build/DerivedSources/arm64 -Xcc -I/tmp/fst-patch3-verify-full-20261002-1628-derived/Build/Intermediates.noindex/FishSockTransfer.build/Debug/FishSockTransfer.build/DerivedSources -Xcc -DDEBUG\=1 -emit-objc-header -emit-objc-header-path /tmp/fst-patch3-verify-full-20261002-1628-derived/Build/Intermediates.noindex/FishSockTransfer.build/Debug/FishSockTransfer.build/Objects-normal/arm64/FishSockTransfer-Swift.h -working-directory /Users/cenvu/DEV/FST_V2/FishSockTransfer -experimental-emit-module-separately -disable-cmo

SwiftExplicitDependencyCompileModuleFromInterface arm64 /tmp/fst-patch3-verify-full-20261002-1628-derived/Build/Intermediates.noindex/SwiftExplicitPrecompiledModules/XCUIAutomation-31QY21RGEXYWB.swiftmodule

SwiftMergeGeneratedHeaders /tmp/fst-patch3-verify-full-20261002-1628-derived/Build/Intermediates.noindex/FishSockTransfer.build/Debug/FishSockTransfer.build/DerivedSources/FishSockTransfer-Swift.h /tmp/fst-patch3-verify-full-20261002-1628-derived/Build/Intermediates.noindex/FishSockTransfer.build/Debug/FishSockTransfer.build/Objects-normal/arm64/FishSockTransfer-Swift.h (in target 'FishSockTransfer' from project 'FishSockTransfer')
    cd /Users/cenvu/DEV/FST_V2/FishSockTransfer
    builtin-swiftHeaderTool -arch arm64 /tmp/fst-patch3-verify-full-20261002-1628-derived/Build/Intermediates.noindex/FishSockTransfer.build/Debug/FishSockTransfer.build/Objects-normal/arm64/FishSockTransfer-Swift.h -o /tmp/fst-patch3-verify-full-20261002-1628-derived/Build/Intermediates.noindex/FishSockTransfer.build/Debug/FishSockTransfer.build/DerivedSources/FishSockTransfer-Swift.h

Copy /tmp/fst-patch3-verify-full-20261002-1628-derived/Build/Products/Debug/FishSockTransfer.swiftmodule/arm64-apple-macos.swiftmodule /tmp/fst-patch3-verify-full-20261002-1628-derived/Build/Intermediates.noindex/FishSockTransfer.build/Debug/FishSockTransfer.build/Objects-normal/arm64/FishSockTransfer.swiftmodule (in target 'FishSockTransfer' from project 'FishSockTransfer')
    cd /Users/cenvu/DEV/FST_V2/FishSockTransfer
    builtin-copy -exclude .DS_Store -exclude CVS -exclude .svn -exclude .git -exclude .hg -resolve-src-symlinks -rename /tmp/fst-patch3-verify-full-20261002-1628-derived/Build/Intermediates.noindex/FishSockTransfer.build/Debug/FishSockTransfer.build/Objects-normal/arm64/FishSockTransfer.swiftmodule /tmp/fst-patch3-verify-full-20261002-1628-derived/Build/Products/Debug/FishSockTransfer.swiftmodule/arm64-apple-macos.swiftmodule

Copy /tmp/fst-patch3-verify-full-20261002-1628-derived/Build/Products/Debug/FishSockTransfer.swiftmodule/arm64-apple-macos.swiftdoc /tmp/fst-patch3-verify-full-20261002-1628-derived/Build/Intermediates.noindex/FishSockTransfer.build/Debug/FishSockTransfer.build/Objects-normal/arm64/FishSockTransfer.swiftdoc (in target 'FishSockTransfer' from project 'FishSockTransfer')
    cd /Users/cenvu/DEV/FST_V2/FishSockTransfer
    builtin-copy -exclude .DS_Store -exclude CVS -exclude .svn -exclude .git -exclude .hg -resolve-src-symlinks -rename /tmp/fst-patch3-verify-full-20261002-1628-derived/Build/Intermediates.noindex/FishSockTransfer.build/Debug/FishSockTransfer.build/Objects-normal/arm64/FishSockTransfer.swiftdoc /tmp/fst-patch3-verify-full-20261002-1628-derived/Build/Products/Debug/FishSockTransfer.swiftmodule/arm64-apple-macos.swiftdoc

Copy /tmp/fst-patch3-verify-full-20261002-1628-derived/Build/Products/Debug/FishSockTransfer.swiftmodule/arm64-apple-macos.abi.json /tmp/fst-patch3-verify-full-20261002-1628-derived/Build/Intermediates.noindex/FishSockTransfer.build/Debug/FishSockTransfer.build/Objects-normal/arm64/FishSockTransfer.abi.json (in target 'FishSockTransfer' from project 'FishSockTransfer')
    cd /Users/cenvu/DEV/FST_V2/FishSockTransfer
    builtin-copy -exclude .DS_Store -exclude CVS -exclude .svn -exclude .git -exclude .hg -resolve-src-symlinks -rename /tmp/fst-patch3-verify-full-20261002-1628-derived/Build/Intermediates.noindex/FishSockTransfer.build/Debug/FishSockTransfer.build/Objects-normal/arm64/FishSockTransfer.abi.json /tmp/fst-patch3-verify-full-20261002-1628-derived/Build/Products/Debug/FishSockTransfer.swiftmodule/arm64-apple-macos.abi.json

Copy /tmp/fst-patch3-verify-full-20261002-1628-derived/Build/Products/Debug/FishSockTransfer.swiftmodule/Project/arm64-apple-macos.swiftsourceinfo /tmp/fst-patch3-verify-full-20261002-1628-derived/Build/Intermediates.noindex/FishSockTransfer.build/Debug/FishSockTransfer.build/Objects-normal/arm64/FishSockTransfer.swiftsourceinfo (in target 'FishSockTransfer' from project 'FishSockTransfer')
    cd /Users/cenvu/DEV/FST_V2/FishSockTransfer
    builtin-copy -exclude .DS_Store -exclude CVS -exclude .svn -exclude .git -exclude .hg -resolve-src-symlinks -rename /tmp/fst-patch3-verify-full-20261002-1628-derived/Build/Intermediates.noindex/FishSockTransfer.build/Debug/FishSockTransfer.build/Objects-normal/arm64/FishSockTransfer.swiftsourceinfo /tmp/fst-patch3-verify-full-20261002-1628-derived/Build/Products/Debug/FishSockTransfer.swiftmodule/Project/arm64-apple-macos.swiftsourceinfo

SwiftExplicitDependencyCompileModuleFromInterface arm64 /tmp/fst-patch3-verify-full-20261002-1628-derived/Build/Intermediates.noindex/SwiftExplicitPrecompiledModules/XCTest-15HRYEEQ1TRHA.swiftmodule

SwiftEmitModule normal arm64 Emitting\ module\ for\ FishSockTransferTests (in target 'FishSockTransferTests' from project 'FishSockTransfer')

EmitSwiftModule normal arm64 (in target 'FishSockTransferTests' from project 'FishSockTransfer')
    cd /Users/cenvu/DEV/FST_V2/FishSockTransfer
    

SwiftCompile normal arm64 Compiling\ LoggerService.swift,\ RsyncEngine.swift,\ TransferCoordinator.swift,\ TransferViewModel.swift /Users/cenvu/DEV/FST_V2/FishSockTransfer/FishSockTransfer/Services/LoggerService.swift /Users/cenvu/DEV/FST_V2/FishSockTransfer/FishSockTransfer/Engines/RsyncEngine.swift /Users/cenvu/DEV/FST_V2/FishSockTransfer/FishSockTransfer/Coordinators/TransferCoordinator.swift /Users/cenvu/DEV/FST_V2/FishSockTransfer/FishSockTransfer/ViewModels/TransferViewModel.swift (in target 'FishSockTransferTests' from project 'FishSockTransfer')
SwiftCompile normal arm64 /Users/cenvu/DEV/FST_V2/FishSockTransfer/FishSockTransfer/Services/LoggerService.swift (in target 'FishSockTransferTests' from project 'FishSockTransfer')
    cd /Users/cenvu/DEV/FST_V2/FishSockTransfer
    

SwiftCompile normal arm64 /Users/cenvu/DEV/FST_V2/FishSockTransfer/FishSockTransfer/Engines/RsyncEngine.swift (in target 'FishSockTransferTests' from project 'FishSockTransfer')
    cd /Users/cenvu/DEV/FST_V2/FishSockTransfer
    

SwiftCompile normal arm64 /Users/cenvu/DEV/FST_V2/FishSockTransfer/FishSockTransfer/Coordinators/TransferCoordinator.swift (in target 'FishSockTransferTests' from project 'FishSockTransfer')
    cd /Users/cenvu/DEV/FST_V2/FishSockTransfer
    

SwiftCompile normal arm64 /Users/cenvu/DEV/FST_V2/FishSockTransfer/FishSockTransfer/ViewModels/TransferViewModel.swift (in target 'FishSockTransferTests' from project 'FishSockTransfer')
    cd /Users/cenvu/DEV/FST_V2/FishSockTransfer
    

SwiftDriverJobDiscovery normal arm64 Emitting module for FishSockTransferTests (in target 'FishSockTransferTests' from project 'FishSockTransfer')

SwiftDriver\ Compilation\ Requirements FishSockTransferTests normal arm64 com.apple.xcode.tools.swift.compiler (in target 'FishSockTransferTests' from project 'FishSockTransfer')
    cd /Users/cenvu/DEV/FST_V2/FishSockTransfer
    builtin-Swift-Compilation-Requirements -- /Applications/Xcode.app/Contents/Developer/Toolchains/XcodeDefault.xctoolchain/usr/bin/swiftc -module-name FishSockTransferTests -Onone -enforce-exclusivity\=checked @/tmp/fst-patch3-verify-full-20261002-1628-derived/Build/Intermediates.noindex/FishSockTransfer.build/Debug/FishSockTransferTests.build/Objects-normal/arm64/FishSockTransferTests.SwiftFileList -DDEBUG -plugin-path /Applications/Xcode.app/Contents/Developer/Toolchains/XcodeDefault.xctoolchain/usr/lib/swift/host/plugins/testing -enable-bare-slash-regex -enable-experimental-feature DebugDescriptionMacro -sdk /Applications/Xcode.app/Contents/Developer/Platforms/MacOSX.platform/Developer/SDKs/MacOSX26.2.sdk -target arm64-apple-macos13.5 -g -module-cache-path /tmp/fst-patch3-verify-full-20261002-1628-derived/ModuleCache.noindex -Xfrontend -serialize-debugging-options -profile-coverage-mapping -profile-generate -enable-testing -index-store-path /tmp/fst-patch3-verify-full-20261002-1628-derived/Index.noindex/DataStore -Xcc -D_LIBCPP_HARDENING_MODE\=_LIBCPP_HARDENING_MODE_DEBUG -swift-version 5 -I /tmp/fst-patch3-verify-full-20261002-1628-derived/Build/Products/Debug -Isystem /Applications/Xcode.app/Contents/Developer/Platforms/MacOSX.platform/Developer/usr/lib -F /tmp/fst-patch3-verify-full-20261002-1628-derived/Build/Products/Debug -F /Applications/Xcode.app/Contents/Developer/Platforms/MacOSX.platform/Developer/Library/Frameworks -c -j10 -enable-batch-mode -incremental -Xcc -ivfsstatcache -Xcc /tmp/fst-patch3-verify-full-20261002-1628-derived/SDKStatCaches.noindex/macosx26.2-25C58-00fa09913b459cbbc988d1f6730289ae.sdkstatcache -output-file-map /tmp/fst-patch3-verify-full-20261002-1628-derived/Build/Intermediates.noindex/FishSockTransfer.build/Debug/FishSockTransferTests.build/Objects-normal/arm64/FishSockTransferTests-OutputFileMap.json -use-frontend-parseable-output -save-temps -no-color-diagnostics -explicit-module-build -module-cache-path /tmp/fst-patch3-verify-full-20261002-1628-derived/Build/Intermediates.noindex/SwiftExplicitPrecompiledModules -clang-scanner-module-cache-path /tmp/fst-patch3-verify-full-20261002-1628-derived/ModuleCache.noindex -sdk-module-cache-path /tmp/fst-patch3-verify-full-20261002-1628-derived/ModuleCache.noindex -serialize-diagnostics -emit-dependencies -emit-module -emit-module-path /tmp/fst-patch3-verify-full-20261002-1628-derived/Build/Intermediates.noindex/FishSockTransfer.build/Debug/FishSockTransferTests.build/Objects-normal/arm64/FishSockTransferTests.swiftmodule -validate-clang-modules-once -clang-build-session-file /tmp/fst-patch3-verify-full-20261002-1628-derived/ModuleCache.noindex/Session.modulevalidation -Xcc -I/tmp/fst-patch3-verify-full-20261002-1628-derived/Build/Intermediates.noindex/FishSockTransfer.build/Debug/FishSockTransferTests.build/swift-overrides.hmap -emit-const-values -Xfrontend -const-gather-protocols-file -Xfrontend /tmp/fst-patch3-verify-full-20261002-1628-derived/Build/Intermediates.noindex/FishSockTransfer.build/Debug/FishSockTransferTests.build/Objects-normal/arm64/FishSockTransferTests_const_extract_protocols.json -Xcc -iquote -Xcc /tmp/fst-patch3-verify-full-20261002-1628-derived/Build/Intermediates.noindex/FishSockTransfer.build/Debug/FishSockTransferTests.build/FishSockTransferTests-generated-files.hmap -Xcc -I/tmp/fst-patch3-verify-full-20261002-1628-derived/Build/Intermediates.noindex/FishSockTransfer.build/Debug/FishSockTransferTests.build/FishSockTransferTests-own-target-headers.hmap -Xcc -I/tmp/fst-patch3-verify-full-20261002-1628-derived/Build/Intermediates.noindex/FishSockTransfer.build/Debug/FishSockTransferTests.build/FishSockTransferTests-all-target-headers.hmap -Xcc -iquote -Xcc /tmp/fst-patch3-verify-full-20261002-1628-derived/Build/Intermediates.noindex/FishSockTransfer.build/Debug/FishSockTransferTests.build/FishSockTransferTests-project-headers.hmap -Xcc -I/tmp/fst-patch3-verify-full-20261002-1628-derived/Build/Products/Debug/include -Xcc -I/tmp/fst-patch3-verify-full-20261002-1628-derived/Build/Intermediates.noindex/FishSockTransfer.build/Debug/FishSockTransferTests.build/DerivedSources-normal/arm64 -Xcc -I/tmp/fst-patch3-verify-full-20261002-1628-derived/Build/Intermediates.noindex/FishSockTransfer.build/Debug/FishSockTransferTests.build/DerivedSources/arm64 -Xcc -I/tmp/fst-patch3-verify-full-20261002-1628-derived/Build/Intermediates.noindex/FishSockTransfer.build/Debug/FishSockTransferTests.build/DerivedSources -Xcc -DDEBUG\=1 -emit-objc-header -emit-objc-header-path /tmp/fst-patch3-verify-full-20261002-1628-derived/Build/Intermediates.noindex/FishSockTransfer.build/Debug/FishSockTransferTests.build/Objects-normal/arm64/FishSockTransferTests-Swift.h -working-directory /Users/cenvu/DEV/FST_V2/FishSockTransfer -experimental-emit-module-separately -disable-cmo

SwiftDriverJobDiscovery normal arm64 Compiling TransferState.swift, VerificationMode.swift, VerificationRequest.swift, VerificationResult.swift (in target 'FishSockTransfer' from project 'FishSockTransfer')

SwiftCompile normal arm64 Compiling\ RsyncBandwidthLimitXCTests.swift,\ ProgressParserXCTests.swift,\ ReportEngineXCTests.swift,\ BundledRsyncServiceXCTests.swift /Users/cenvu/DEV/FST_V2/FishSockTransfer/Tests/XCTest/RsyncBandwidthLimitXCTests.swift /Users/cenvu/DEV/FST_V2/FishSockTransfer/Tests/XCTest/ProgressParserXCTests.swift /Users/cenvu/DEV/FST_V2/FishSockTransfer/Tests/XCTest/ReportEngineXCTests.swift /Users/cenvu/DEV/FST_V2/FishSockTransfer/Tests/XCTest/BundledRsyncServiceXCTests.swift (in target 'FishSockTransferTests' from project 'FishSockTransfer')

SwiftCompile normal arm64 /Users/cenvu/DEV/FST_V2/FishSockTransfer/Tests/XCTest/RsyncBandwidthLimitXCTests.swift (in target 'FishSockTransferTests' from project 'FishSockTransfer')
    cd /Users/cenvu/DEV/FST_V2/FishSockTransfer
    

SwiftCompile normal arm64 /Users/cenvu/DEV/FST_V2/FishSockTransfer/Tests/XCTest/ProgressParserXCTests.swift (in target 'FishSockTransferTests' from project 'FishSockTransfer')
    cd /Users/cenvu/DEV/FST_V2/FishSockTransfer
    

SwiftCompile normal arm64 /Users/cenvu/DEV/FST_V2/FishSockTransfer/Tests/XCTest/ReportEngineXCTests.swift (in target 'FishSockTransferTests' from project 'FishSockTransfer')
    cd /Users/cenvu/DEV/FST_V2/FishSockTransfer
    

SwiftCompile normal arm64 /Users/cenvu/DEV/FST_V2/FishSockTransfer/Tests/XCTest/BundledRsyncServiceXCTests.swift (in target 'FishSockTransferTests' from project 'FishSockTransfer')
    cd /Users/cenvu/DEV/FST_V2/FishSockTransfer
    

SwiftDriverJobDiscovery normal arm64 Compiling LogEntry.swift, LogVisibilityFilter.swift, NotificationSettings.swift, RsyncBandwidthLimit.swift, SemanticVersion.swift (in target 'FishSockTransfer' from project 'FishSockTransfer')

SwiftMergeGeneratedHeaders /tmp/fst-patch3-verify-full-20261002-1628-derived/Build/Intermediates.noindex/FishSockTransfer.build/Debug/FishSockTransferTests.build/DerivedSources/FishSockTransferTests-Swift.h /tmp/fst-patch3-verify-full-20261002-1628-derived/Build/Intermediates.noindex/FishSockTransfer.build/Debug/FishSockTransferTests.build/Objects-normal/arm64/FishSockTransferTests-Swift.h (in target 'FishSockTransferTests' from project 'FishSockTransfer')
    cd /Users/cenvu/DEV/FST_V2/FishSockTransfer
    builtin-swiftHeaderTool -arch arm64 /tmp/fst-patch3-verify-full-20261002-1628-derived/Build/Intermediates.noindex/FishSockTransfer.build/Debug/FishSockTransferTests.build/Objects-normal/arm64/FishSockTransferTests-Swift.h -o /tmp/fst-patch3-verify-full-20261002-1628-derived/Build/Intermediates.noindex/FishSockTransfer.build/Debug/FishSockTransferTests.build/DerivedSources/FishSockTransferTests-Swift.h

Copy /tmp/fst-patch3-verify-full-20261002-1628-derived/Build/Products/Debug/FishSockTransferTests.swiftmodule/arm64-apple-macos.swiftmodule /tmp/fst-patch3-verify-full-20261002-1628-derived/Build/Intermediates.noindex/FishSockTransfer.build/Debug/FishSockTransferTests.build/Objects-normal/arm64/FishSockTransferTests.swiftmodule (in target 'FishSockTransferTests' from project 'FishSockTransfer')
    cd /Users/cenvu/DEV/FST_V2/FishSockTransfer
    builtin-copy -exclude .DS_Store -exclude CVS -exclude .svn -exclude .git -exclude .hg -resolve-src-symlinks -rename /tmp/fst-patch3-verify-full-20261002-1628-derived/Build/Intermediates.noindex/FishSockTransfer.build/Debug/FishSockTransferTests.build/Objects-normal/arm64/FishSockTransferTests.swiftmodule /tmp/fst-patch3-verify-full-20261002-1628-derived/Build/Products/Debug/FishSockTransferTests.swiftmodule/arm64-apple-macos.swiftmodule

Copy /tmp/fst-patch3-verify-full-20261002-1628-derived/Build/Products/Debug/FishSockTransferTests.swiftmodule/arm64-apple-macos.swiftdoc /tmp/fst-patch3-verify-full-20261002-1628-derived/Build/Intermediates.noindex/FishSockTransfer.build/Debug/FishSockTransferTests.build/Objects-normal/arm64/FishSockTransferTests.swiftdoc (in target 'FishSockTransferTests' from project 'FishSockTransfer')
    cd /Users/cenvu/DEV/FST_V2/FishSockTransfer
    builtin-copy -exclude .DS_Store -exclude CVS -exclude .svn -exclude .git -exclude .hg -resolve-src-symlinks -rename /tmp/fst-patch3-verify-full-20261002-1628-derived/Build/Intermediates.noindex/FishSockTransfer.build/Debug/FishSockTransferTests.build/Objects-normal/arm64/FishSockTransferTests.swiftdoc /tmp/fst-patch3-verify-full-20261002-1628-derived/Build/Products/Debug/FishSockTransferTests.swiftmodule/arm64-apple-macos.swiftdoc

Copy /tmp/fst-patch3-verify-full-20261002-1628-derived/Build/Products/Debug/FishSockTransferTests.swiftmodule/arm64-apple-macos.abi.json /tmp/fst-patch3-verify-full-20261002-1628-derived/Build/Intermediates.noindex/FishSockTransfer.build/Debug/FishSockTransferTests.build/Objects-normal/arm64/FishSockTransferTests.abi.json (in target 'FishSockTransferTests' from project 'FishSockTransfer')
    cd /Users/cenvu/DEV/FST_V2/FishSockTransfer
    builtin-copy -exclude .DS_Store -exclude CVS -exclude .svn -exclude .git -exclude .hg -resolve-src-symlinks -rename /tmp/fst-patch3-verify-full-20261002-1628-derived/Build/Intermediates.noindex/FishSockTransfer.build/Debug/FishSockTransferTests.build/Objects-normal/arm64/FishSockTransferTests.abi.json /tmp/fst-patch3-verify-full-20261002-1628-derived/Build/Products/Debug/FishSockTransferTests.swiftmodule/arm64-apple-macos.abi.json

SwiftDriverJobDiscovery normal arm64 Compiling StorageMetadata.swift, TransferFileExclusionPolicy.swift, TransferReport.swift, TransferRequest.swift, TransferResult.swift (in target 'FishSockTransfer' from project 'FishSockTransfer')

Copy /tmp/fst-patch3-verify-full-20261002-1628-derived/Build/Products/Debug/FishSockTransferTests.swiftmodule/Project/arm64-apple-macos.swiftsourceinfo /tmp/fst-patch3-verify-full-20261002-1628-derived/Build/Intermediates.noindex/FishSockTransfer.build/Debug/FishSockTransferTests.build/Objects-normal/arm64/FishSockTransferTests.swiftsourceinfo (in target 'FishSockTransferTests' from project 'FishSockTransfer')
    cd /Users/cenvu/DEV/FST_V2/FishSockTransfer
    builtin-copy -exclude .DS_Store -exclude CVS -exclude .svn -exclude .git -exclude .hg -resolve-src-symlinks -rename /tmp/fst-patch3-verify-full-20261002-1628-derived/Build/Intermediates.noindex/FishSockTransfer.build/Debug/FishSockTransferTests.build/Objects-normal/arm64/FishSockTransferTests.swiftsourceinfo /tmp/fst-patch3-verify-full-20261002-1628-derived/Build/Products/Debug/FishSockTransferTests.swiftmodule/Project/arm64-apple-macos.swiftsourceinfo

SwiftCompile normal arm64 Compiling\ TelegramNotificationService.swift,\ NotificationCoordinator.swift,\ SemanticVersionXCTests.swift,\ AppUpdateServiceXCTests.swift /Users/cenvu/DEV/FST_V2/FishSockTransfer/FishSockTransfer/Services/TelegramNotificationService.swift /Users/cenvu/DEV/FST_V2/FishSockTransfer/FishSockTransfer/Coordinators/NotificationCoordinator.swift /Users/cenvu/DEV/FST_V2/FishSockTransfer/Tests/XCTest/SemanticVersionXCTests.swift /Users/cenvu/DEV/FST_V2/FishSockTransfer/Tests/XCTest/AppUpdateServiceXCTests.swift (in target 'FishSockTransferTests' from project 'FishSockTransfer')

SwiftCompile normal arm64 /Users/cenvu/DEV/FST_V2/FishSockTransfer/FishSockTransfer/Services/TelegramNotificationService.swift (in target 'FishSockTransferTests' from project 'FishSockTransfer')
    cd /Users/cenvu/DEV/FST_V2/FishSockTransfer
    

SwiftCompile normal arm64 /Users/cenvu/DEV/FST_V2/FishSockTransfer/FishSockTransfer/Coordinators/NotificationCoordinator.swift (in target 'FishSockTransferTests' from project 'FishSockTransfer')
    cd /Users/cenvu/DEV/FST_V2/FishSockTransfer
    

SwiftCompile normal arm64 /Users/cenvu/DEV/FST_V2/FishSockTransfer/Tests/XCTest/SemanticVersionXCTests.swift (in target 'FishSockTransferTests' from project 'FishSockTransfer')
    cd /Users/cenvu/DEV/FST_V2/FishSockTransfer
    

SwiftCompile normal arm64 /Users/cenvu/DEV/FST_V2/FishSockTransfer/Tests/XCTest/AppUpdateServiceXCTests.swift (in target 'FishSockTransferTests' from project 'FishSockTransfer')
    cd /Users/cenvu/DEV/FST_V2/FishSockTransfer
    

SwiftCompile normal arm64 Compiling\ StorageMetadata.swift,\ VerificationRequest.swift,\ VerificationEvent.swift,\ VerifyEngine.swift /Users/cenvu/DEV/FST_V2/FishSockTransfer/FishSockTransfer/Models/StorageMetadata.swift /Users/cenvu/DEV/FST_V2/FishSockTransfer/FishSockTransfer/Models/VerificationRequest.swift /Users/cenvu/DEV/FST_V2/FishSockTransfer/FishSockTransfer/Engines/VerificationEvent.swift /Users/cenvu/DEV/FST_V2/FishSockTransfer/FishSockTransfer/Engines/VerifyEngine.swift (in target 'FishSockTransferTests' from project 'FishSockTransfer')

SwiftCompile normal arm64 /Users/cenvu/DEV/FST_V2/FishSockTransfer/FishSockTransfer/Models/StorageMetadata.swift (in target 'FishSockTransferTests' from project 'FishSockTransfer')
    cd /Users/cenvu/DEV/FST_V2/FishSockTransfer
    

SwiftCompile normal arm64 /Users/cenvu/DEV/FST_V2/FishSockTransfer/FishSockTransfer/Models/VerificationRequest.swift (in target 'FishSockTransferTests' from project 'FishSockTransfer')
    cd /Users/cenvu/DEV/FST_V2/FishSockTransfer
    

SwiftCompile normal arm64 /Users/cenvu/DEV/FST_V2/FishSockTransfer/FishSockTransfer/Engines/VerificationEvent.swift (in target 'FishSockTransferTests' from project 'FishSockTransfer')
    cd /Users/cenvu/DEV/FST_V2/FishSockTransfer
    

SwiftCompile normal arm64 /Users/cenvu/DEV/FST_V2/FishSockTransfer/FishSockTransfer/Engines/VerifyEngine.swift (in target 'FishSockTransferTests' from project 'FishSockTransfer')
    cd /Users/cenvu/DEV/FST_V2/FishSockTransfer
    

SwiftCompile normal arm64 Compiling\ SemanticVersion.swift,\ AppUpdateState.swift,\ GitHubRelease.swift,\ AppUpdateService.swift /Users/cenvu/DEV/FST_V2/FishSockTransfer/FishSockTransfer/Models/SemanticVersion.swift /Users/cenvu/DEV/FST_V2/FishSockTransfer/FishSockTransfer/Models/AppUpdateState.swift /Users/cenvu/DEV/FST_V2/FishSockTransfer/FishSockTransfer/Models/GitHubRelease.swift /Users/cenvu/DEV/FST_V2/FishSockTransfer/FishSockTransfer/Services/AppUpdateService.swift (in target 'FishSockTransferTests' from project 'FishSockTransfer')

SwiftCompile normal arm64 /Users/cenvu/DEV/FST_V2/FishSockTransfer/FishSockTransfer/Models/SemanticVersion.swift (in target 'FishSockTransferTests' from project 'FishSockTransfer')
    cd /Users/cenvu/DEV/FST_V2/FishSockTransfer
    

SwiftCompile normal arm64 /Users/cenvu/DEV/FST_V2/FishSockTransfer/FishSockTransfer/Models/AppUpdateState.swift (in target 'FishSockTransferTests' from project 'FishSockTransfer')
    cd /Users/cenvu/DEV/FST_V2/FishSockTransfer
    

SwiftCompile normal arm64 /Users/cenvu/DEV/FST_V2/FishSockTransfer/FishSockTransfer/Models/GitHubRelease.swift (in target 'FishSockTransferTests' from project 'FishSockTransfer')
    cd /Users/cenvu/DEV/FST_V2/FishSockTransfer
    

SwiftCompile normal arm64 /Users/cenvu/DEV/FST_V2/FishSockTransfer/FishSockTransfer/Services/AppUpdateService.swift (in target 'FishSockTransferTests' from project 'FishSockTransfer')
    cd /Users/cenvu/DEV/FST_V2/FishSockTransfer
    

SwiftDriverJobDiscovery normal arm64 Compiling AppUpdateService.swift, BookmarkService.swift, BundledRsyncService.swift, DriveService.swift (in target 'FishSockTransfer' from project 'FishSockTransfer')

SwiftDriverJobDiscovery normal arm64 Compiling NotificationCoordinator.swift, TransferCoordinator.swift, ProgressParser.swift, ReportEngine.swift, RsyncEngine.swift (in target 'FishSockTransfer' from project 'FishSockTransfer')

SwiftCompile normal arm64 Compiling\ MetadataOnlySourceSafetyXCTests.swift,\ VerificationHashStrategyXCTests.swift,\ TransferViewModelRuntimeXCTests.swift,\ RsyncBandwidthLimit.swift /Users/cenvu/DEV/FST_V2/FishSockTransfer/Tests/XCTest/MetadataOnlySourceSafetyXCTests.swift /Users/cenvu/DEV/FST_V2/FishSockTransfer/Tests/XCTest/VerificationHashStrategyXCTests.swift /Users/cenvu/DEV/FST_V2/FishSockTransfer/Tests/XCTest/TransferViewModelRuntimeXCTests.swift /Users/cenvu/DEV/FST_V2/FishSockTransfer/FishSockTransfer/Models/RsyncBandwidthLimit.swift (in target 'FishSockTransferTests' from project 'FishSockTransfer')
SwiftCompile normal arm64 /Users/cenvu/DEV/FST_V2/FishSockTransfer/Tests/XCTest/MetadataOnlySourceSafetyXCTests.swift (in target 'FishSockTransferTests' from project 'FishSockTransfer')
    cd /Users/cenvu/DEV/FST_V2/FishSockTransfer
    

SwiftCompile normal arm64 /Users/cenvu/DEV/FST_V2/FishSockTransfer/Tests/XCTest/VerificationHashStrategyXCTests.swift (in target 'FishSockTransferTests' from project 'FishSockTransfer')
    cd /Users/cenvu/DEV/FST_V2/FishSockTransfer
    

SwiftCompile normal arm64 /Users/cenvu/DEV/FST_V2/FishSockTransfer/Tests/XCTest/TransferViewModelRuntimeXCTests.swift (in target 'FishSockTransferTests' from project 'FishSockTransfer')
    cd /Users/cenvu/DEV/FST_V2/FishSockTransfer
    

SwiftCompile normal arm64 /Users/cenvu/DEV/FST_V2/FishSockTransfer/FishSockTransfer/Models/RsyncBandwidthLimit.swift (in target 'FishSockTransferTests' from project 'FishSockTransfer')
    cd /Users/cenvu/DEV/FST_V2/FishSockTransfer
    

SwiftCompile normal arm64 Compiling\ LogVisibilityFilterXCTests.swift,\ LogVisibilityFilter.swift,\ NotificationCoordinatorXCTests.swift,\ NotificationSettings.swift /Users/cenvu/DEV/FST_V2/FishSockTransfer/Tests/XCTest/LogVisibilityFilterXCTests.swift /Users/cenvu/DEV/FST_V2/FishSockTransfer/FishSockTransfer/Models/LogVisibilityFilter.swift /Users/cenvu/DEV/FST_V2/FishSockTransfer/Tests/XCTest/NotificationCoordinatorXCTests.swift /Users/cenvu/DEV/FST_V2/FishSockTransfer/FishSockTransfer/Models/NotificationSettings.swift (in target 'FishSockTransferTests' from project 'FishSockTransfer')

SwiftCompile normal arm64 /Users/cenvu/DEV/FST_V2/FishSockTransfer/Tests/XCTest/LogVisibilityFilterXCTests.swift (in target 'FishSockTransferTests' from project 'FishSockTransfer')
    cd /Users/cenvu/DEV/FST_V2/FishSockTransfer
    

SwiftCompile normal arm64 /Users/cenvu/DEV/FST_V2/FishSockTransfer/FishSockTransfer/Models/LogVisibilityFilter.swift (in target 'FishSockTransferTests' from project 'FishSockTransfer')
    cd /Users/cenvu/DEV/FST_V2/FishSockTransfer
    

SwiftCompile normal arm64 /Users/cenvu/DEV/FST_V2/FishSockTransfer/Tests/XCTest/NotificationCoordinatorXCTests.swift (in target 'FishSockTransferTests' from project 'FishSockTransfer')
    cd /Users/cenvu/DEV/FST_V2/FishSockTransfer
    

SwiftCompile normal arm64 /Users/cenvu/DEV/FST_V2/FishSockTransfer/FishSockTransfer/Models/NotificationSettings.swift (in target 'FishSockTransferTests' from project 'FishSockTransfer')
    cd /Users/cenvu/DEV/FST_V2/FishSockTransfer
    

SwiftDriverJobDiscovery normal arm64 Compiling SemanticVersion.swift, AppUpdateState.swift, GitHubRelease.swift, AppUpdateService.swift (in target 'FishSockTransferTests' from project 'FishSockTransfer')

SwiftCompile normal arm64 Compiling\ VerificationMode.swift,\ VerificationResult.swift,\ TransferFileExclusionPolicy.swift,\ BundledRsyncService.swift /Users/cenvu/DEV/FST_V2/FishSockTransfer/FishSockTransfer/Models/VerificationMode.swift /Users/cenvu/DEV/FST_V2/FishSockTransfer/FishSockTransfer/Models/VerificationResult.swift /Users/cenvu/DEV/FST_V2/FishSockTransfer/FishSockTransfer/Models/TransferFileExclusionPolicy.swift /Users/cenvu/DEV/FST_V2/FishSockTransfer/FishSockTransfer/Services/BundledRsyncService.swift (in target 'FishSockTransferTests' from project 'FishSockTransfer')

SwiftCompile normal arm64 /Users/cenvu/DEV/FST_V2/FishSockTransfer/FishSockTransfer/Models/VerificationMode.swift (in target 'FishSockTransferTests' from project 'FishSockTransfer')
    cd /Users/cenvu/DEV/FST_V2/FishSockTransfer
    

SwiftCompile normal arm64 /Users/cenvu/DEV/FST_V2/FishSockTransfer/FishSockTransfer/Models/VerificationResult.swift (in target 'FishSockTransferTests' from project 'FishSockTransfer')
    cd /Users/cenvu/DEV/FST_V2/FishSockTransfer
    

SwiftCompile normal arm64 /Users/cenvu/DEV/FST_V2/FishSockTransfer/FishSockTransfer/Models/TransferFileExclusionPolicy.swift (in target 'FishSockTransferTests' from project 'FishSockTransfer')
    cd /Users/cenvu/DEV/FST_V2/FishSockTransfer
    

SwiftCompile normal arm64 /Users/cenvu/DEV/FST_V2/FishSockTransfer/FishSockTransfer/Services/BundledRsyncService.swift (in target 'FishSockTransferTests' from project 'FishSockTransfer')
    cd /Users/cenvu/DEV/FST_V2/FishSockTransfer
    

SwiftDriverJobDiscovery normal arm64 Compiling TelegramNotificationService.swift, NotificationCoordinator.swift, SemanticVersionXCTests.swift, AppUpdateServiceXCTests.swift (in target 'FishSockTransferTests' from project 'FishSockTransfer')

SwiftCompile normal arm64 Compiling\ ProgressParser.swift,\ ReportEngine.swift,\ TransferReport.swift,\ TransferState.swift /Users/cenvu/DEV/FST_V2/FishSockTransfer/FishSockTransfer/Engines/ProgressParser.swift /Users/cenvu/DEV/FST_V2/FishSockTransfer/FishSockTransfer/Engines/ReportEngine.swift /Users/cenvu/DEV/FST_V2/FishSockTransfer/FishSockTransfer/Models/TransferReport.swift /Users/cenvu/DEV/FST_V2/FishSockTransfer/FishSockTransfer/Models/TransferState.swift (in target 'FishSockTransferTests' from project 'FishSockTransfer')

SwiftCompile normal arm64 /Users/cenvu/DEV/FST_V2/FishSockTransfer/FishSockTransfer/Engines/ProgressParser.swift (in target 'FishSockTransferTests' from project 'FishSockTransfer')
    cd /Users/cenvu/DEV/FST_V2/FishSockTransfer
    

SwiftCompile normal arm64 /Users/cenvu/DEV/FST_V2/FishSockTransfer/FishSockTransfer/Engines/ReportEngine.swift (in target 'FishSockTransferTests' from project 'FishSockTransfer')
    cd /Users/cenvu/DEV/FST_V2/FishSockTransfer
    

SwiftCompile normal arm64 /Users/cenvu/DEV/FST_V2/FishSockTransfer/FishSockTransfer/Models/TransferReport.swift (in target 'FishSockTransferTests' from project 'FishSockTransfer')
    cd /Users/cenvu/DEV/FST_V2/FishSockTransfer
    

SwiftCompile normal arm64 /Users/cenvu/DEV/FST_V2/FishSockTransfer/FishSockTransfer/Models/TransferState.swift (in target 'FishSockTransferTests' from project 'FishSockTransfer')
    cd /Users/cenvu/DEV/FST_V2/FishSockTransfer
    

SwiftDriverJobDiscovery normal arm64 Compiling RsyncBandwidthLimitXCTests.swift, ProgressParserXCTests.swift, ReportEngineXCTests.swift, BundledRsyncServiceXCTests.swift (in target 'FishSockTransferTests' from project 'FishSockTransfer')

SwiftCompile normal arm64 Compiling\ DriveService.swift,\ TransferEvent.swift,\ LogEntry.swift,\ TransferRequest.swift /Users/cenvu/DEV/FST_V2/FishSockTransfer/FishSockTransfer/Services/DriveService.swift /Users/cenvu/DEV/FST_V2/FishSockTransfer/FishSockTransfer/Engines/TransferEvent.swift /Users/cenvu/DEV/FST_V2/FishSockTransfer/FishSockTransfer/Models/LogEntry.swift /Users/cenvu/DEV/FST_V2/FishSockTransfer/FishSockTransfer/Models/TransferRequest.swift (in target 'FishSockTransferTests' from project 'FishSockTransfer')

SwiftCompile normal arm64 /Users/cenvu/DEV/FST_V2/FishSockTransfer/FishSockTransfer/Services/DriveService.swift (in target 'FishSockTransferTests' from project 'FishSockTransfer')
    cd /Users/cenvu/DEV/FST_V2/FishSockTransfer
    

SwiftCompile normal arm64 /Users/cenvu/DEV/FST_V2/FishSockTransfer/FishSockTransfer/Engines/TransferEvent.swift (in target 'FishSockTransferTests' from project 'FishSockTransfer')
    cd /Users/cenvu/DEV/FST_V2/FishSockTransfer
    

SwiftCompile normal arm64 /Users/cenvu/DEV/FST_V2/FishSockTransfer/FishSockTransfer/Models/LogEntry.swift (in target 'FishSockTransferTests' from project 'FishSockTransfer')
    cd /Users/cenvu/DEV/FST_V2/FishSockTransfer
    

SwiftCompile normal arm64 /Users/cenvu/DEV/FST_V2/FishSockTransfer/FishSockTransfer/Models/TransferRequest.swift (in target 'FishSockTransferTests' from project 'FishSockTransfer')
    cd /Users/cenvu/DEV/FST_V2/FishSockTransfer
    

SwiftDriverJobDiscovery normal arm64 Compiling LoggerService.swift, TelegramNotificationService.swift, TechnicalLogsUpdateViewModel.swift, TransferViewModel.swift (in target 'FishSockTransfer' from project 'FishSockTransfer')

SwiftCompile normal arm64 Compiling\ TransferEvent.swift,\ VerificationEvent.swift,\ VerifyEngine.swift,\ AppUpdateState.swift,\ GitHubRelease.swift /Users/cenvu/DEV/FST_V2/FishSockTransfer/FishSockTransfer/Engines/TransferEvent.swift /Users/cenvu/DEV/FST_V2/FishSockTransfer/FishSockTransfer/Engines/VerificationEvent.swift /Users/cenvu/DEV/FST_V2/FishSockTransfer/FishSockTransfer/Engines/VerifyEngine.swift /Users/cenvu/DEV/FST_V2/FishSockTransfer/FishSockTransfer/Models/AppUpdateState.swift /Users/cenvu/DEV/FST_V2/FishSockTransfer/FishSockTransfer/Models/GitHubRelease.swift (in target 'FishSockTransfer' from project 'FishSockTransfer')

SwiftCompile normal arm64 /Users/cenvu/DEV/FST_V2/FishSockTransfer/FishSockTransfer/Engines/TransferEvent.swift (in target 'FishSockTransfer' from project 'FishSockTransfer')
    cd /Users/cenvu/DEV/FST_V2/FishSockTransfer
    

SwiftCompile normal arm64 /Users/cenvu/DEV/FST_V2/FishSockTransfer/FishSockTransfer/Engines/VerificationEvent.swift (in target 'FishSockTransfer' from project 'FishSockTransfer')
    cd /Users/cenvu/DEV/FST_V2/FishSockTransfer
    

SwiftCompile normal arm64 /Users/cenvu/DEV/FST_V2/FishSockTransfer/FishSockTransfer/Engines/VerifyEngine.swift (in target 'FishSockTransfer' from project 'FishSockTransfer')
    cd /Users/cenvu/DEV/FST_V2/FishSockTransfer
    

SwiftCompile normal arm64 /Users/cenvu/DEV/FST_V2/FishSockTransfer/FishSockTransfer/Models/AppUpdateState.swift (in target 'FishSockTransfer' from project 'FishSockTransfer')
    cd /Users/cenvu/DEV/FST_V2/FishSockTransfer
    

SwiftCompile normal arm64 /Users/cenvu/DEV/FST_V2/FishSockTransfer/FishSockTransfer/Models/GitHubRelease.swift (in target 'FishSockTransfer' from project 'FishSockTransfer')
    cd /Users/cenvu/DEV/FST_V2/FishSockTransfer
    

SwiftDriverJobDiscovery normal arm64 Compiling NotificationTabView.swift, PanelStyle.swift, SourceCardView.swift, StorageAnalysisView.swift (in target 'FishSockTransfer' from project 'FishSockTransfer')

SwiftDriverJobDiscovery normal arm64 Compiling Color+State.swift, ContentView.swift, DestinationCardView.swift, FolderPicker.swift (in target 'FishSockTransfer' from project 'FishSockTransfer')

SwiftDriverJobDiscovery normal arm64 Compiling TerminalLogsView.swift, TransferControlsView.swift, FishSockTransferApp.swift, GeneratedAssetSymbols.swift (in target 'FishSockTransfer' from project 'FishSockTransfer')

SwiftDriverJobDiscovery normal arm64 Compiling LogVisibilityFilterXCTests.swift, LogVisibilityFilter.swift, NotificationCoordinatorXCTests.swift, NotificationSettings.swift (in target 'FishSockTransferTests' from project 'FishSockTransfer')

SwiftDriverJobDiscovery normal arm64 Compiling StorageMetadata.swift, VerificationRequest.swift, VerificationEvent.swift, VerifyEngine.swift (in target 'FishSockTransferTests' from project 'FishSockTransfer')

SwiftDriverJobDiscovery normal arm64 Compiling VerificationMode.swift, VerificationResult.swift, TransferFileExclusionPolicy.swift, BundledRsyncService.swift (in target 'FishSockTransferTests' from project 'FishSockTransfer')

SwiftDriverJobDiscovery normal arm64 Compiling ProgressParser.swift, ReportEngine.swift, TransferReport.swift, TransferState.swift (in target 'FishSockTransferTests' from project 'FishSockTransfer')

SwiftDriverJobDiscovery normal arm64 Compiling DriveService.swift, TransferEvent.swift, LogEntry.swift, TransferRequest.swift (in target 'FishSockTransferTests' from project 'FishSockTransfer')

SwiftDriverJobDiscovery normal arm64 Compiling LoggerService.swift, RsyncEngine.swift, TransferCoordinator.swift, TransferViewModel.swift (in target 'FishSockTransferTests' from project 'FishSockTransfer')

SwiftDriverJobDiscovery normal arm64 Compiling TransferEvent.swift, VerificationEvent.swift, VerifyEngine.swift, AppUpdateState.swift, GitHubRelease.swift (in target 'FishSockTransfer' from project 'FishSockTransfer')

SwiftDriver\ Compilation FishSockTransfer normal arm64 com.apple.xcode.tools.swift.compiler (in target 'FishSockTransfer' from project 'FishSockTransfer')
    cd /Users/cenvu/DEV/FST_V2/FishSockTransfer
    builtin-Swift-Compilation -- /Applications/Xcode.app/Contents/Developer/Toolchains/XcodeDefault.xctoolchain/usr/bin/swiftc -module-name FishSockTransfer -Onone -enforce-exclusivity\=checked @/tmp/fst-patch3-verify-full-20261002-1628-derived/Build/Intermediates.noindex/FishSockTransfer.build/Debug/FishSockTransfer.build/Objects-normal/arm64/FishSockTransfer.SwiftFileList -DDEBUG -default-isolation\=MainActor -enable-bare-slash-regex -enable-upcoming-feature DisableOutwardActorInference -enable-upcoming-feature InferSendableFromCaptures -enable-upcoming-feature GlobalActorIsolatedTypesUsability -enable-upcoming-feature MemberImportVisibility -enable-upcoming-feature InferIsolatedConformances -enable-upcoming-feature NonisolatedNonsendingByDefault -enable-experimental-feature DebugDescriptionMacro -sdk /Applications/Xcode.app/Contents/Developer/Platforms/MacOSX.platform/Developer/SDKs/MacOSX26.2.sdk -target arm64-apple-macos13.5 -g -module-cache-path /tmp/fst-patch3-verify-full-20261002-1628-derived/ModuleCache.noindex -Xfrontend -serialize-debugging-options -profile-coverage-mapping -profile-generate -enable-testing -index-store-path /tmp/fst-patch3-verify-full-20261002-1628-derived/Index.noindex/DataStore -Xcc -D_LIBCPP_HARDENING_MODE\=_LIBCPP_HARDENING_MODE_DEBUG -swift-version 5 -I /tmp/fst-patch3-verify-full-20261002-1628-derived/Build/Products/Debug -F /tmp/fst-patch3-verify-full-20261002-1628-derived/Build/Products/Debug -emit-localized-strings -emit-localized-strings-path /tmp/fst-patch3-verify-full-20261002-1628-derived/Build/Intermediates.noindex/FishSockTransfer.build/Debug/FishSockTransfer.build/Objects-normal/arm64 -c -j10 -enable-batch-mode -incremental -Xcc -ivfsstatcache -Xcc /tmp/fst-patch3-verify-full-20261002-1628-derived/SDKStatCaches.noindex/macosx26.2-25C58-00fa09913b459cbbc988d1f6730289ae.sdkstatcache -output-file-map /tmp/fst-patch3-verify-full-20261002-1628-derived/Build/Intermediates.noindex/FishSockTransfer.build/Debug/FishSockTransfer.build/Objects-normal/arm64/FishSockTransfer-OutputFileMap.json -use-frontend-parseable-output -save-temps -no-color-diagnostics -explicit-module-build -module-cache-path /tmp/fst-patch3-verify-full-20261002-1628-derived/Build/Intermediates.noindex/SwiftExplicitPrecompiledModules -clang-scanner-module-cache-path /tmp/fst-patch3-verify-full-20261002-1628-derived/ModuleCache.noindex -sdk-module-cache-path /tmp/fst-patch3-verify-full-20261002-1628-derived/ModuleCache.noindex -serialize-diagnostics -emit-dependencies -emit-module -emit-module-path /tmp/fst-patch3-verify-full-20261002-1628-derived/Build/Intermediates.noindex/FishSockTransfer.build/Debug/FishSockTransfer.build/Objects-normal/arm64/FishSockTransfer.swiftmodule -validate-clang-modules-once -clang-build-session-file /tmp/fst-patch3-verify-full-20261002-1628-derived/ModuleCache.noindex/Session.modulevalidation -Xcc -I/tmp/fst-patch3-verify-full-20261002-1628-derived/Build/Intermediates.noindex/FishSockTransfer.build/Debug/FishSockTransfer.build/swift-overrides.hmap -emit-const-values -Xfrontend -const-gather-protocols-file -Xfrontend /tmp/fst-patch3-verify-full-20261002-1628-derived/Build/Intermediates.noindex/FishSockTransfer.build/Debug/FishSockTransfer.build/Objects-normal/arm64/FishSockTransfer_const_extract_protocols.json -Xcc -iquote -Xcc /tmp/fst-patch3-verify-full-20261002-1628-derived/Build/Intermediates.noindex/FishSockTransfer.build/Debug/FishSockTransfer.build/FishSockTransfer-generated-files.hmap -Xcc -I/tmp/fst-patch3-verify-full-20261002-1628-derived/Build/Intermediates.noindex/FishSockTransfer.build/Debug/FishSockTransfer.build/FishSockTransfer-own-target-headers.hmap -Xcc -I/tmp/fst-patch3-verify-full-20261002-1628-derived/Build/Intermediates.noindex/FishSockTransfer.build/Debug/FishSockTransfer.build/FishSockTransfer-all-target-headers.hmap -Xcc -iquote -Xcc /tmp/fst-patch3-verify-full-20261002-1628-derived/Build/Intermediates.noindex/FishSockTransfer.build/Debug/FishSockTransfer.build/FishSockTransfer-project-headers.hmap -Xcc -I/tmp/fst-patch3-verify-full-20261002-1628-derived/Build/Products/Debug/include -Xcc -I/tmp/fst-patch3-verify-full-20261002-1628-derived/Build/Intermediates.noindex/FishSockTransfer.build/Debug/FishSockTransfer.build/DerivedSources-normal/arm64 -Xcc -I/tmp/fst-patch3-verify-full-20261002-1628-derived/Build/Intermediates.noindex/FishSockTransfer.build/Debug/FishSockTransfer.build/DerivedSources/arm64 -Xcc -I/tmp/fst-patch3-verify-full-20261002-1628-derived/Build/Intermediates.noindex/FishSockTransfer.build/Debug/FishSockTransfer.build/DerivedSources -Xcc -DDEBUG\=1 -emit-objc-header -emit-objc-header-path /tmp/fst-patch3-verify-full-20261002-1628-derived/Build/Intermediates.noindex/FishSockTransfer.build/Debug/FishSockTransfer.build/Objects-normal/arm64/FishSockTransfer-Swift.h -working-directory /Users/cenvu/DEV/FST_V2/FishSockTransfer -experimental-emit-module-separately -disable-cmo

Ld /tmp/fst-patch3-verify-full-20261002-1628-derived/Build/Products/Debug/FishSockTransfer.app/Contents/MacOS/FishSockTransfer.debug.dylib normal (in target 'FishSockTransfer' from project 'FishSockTransfer')
    cd /Users/cenvu/DEV/FST_V2/FishSockTransfer
    /Applications/Xcode.app/Contents/Developer/Toolchains/XcodeDefault.xctoolchain/usr/bin/clang -Xlinker -reproducible -target arm64-apple-macos13.5 -dynamiclib -isysroot /Applications/Xcode.app/Contents/Developer/Platforms/MacOSX.platform/Developer/SDKs/MacOSX26.2.sdk -O0 -L/tmp/fst-patch3-verify-full-20261002-1628-derived/Build/Intermediates.noindex/EagerLinkingTBDs/Debug -L/tmp/fst-patch3-verify-full-20261002-1628-derived/Build/Products/Debug -L/Users/cenvu/DEV/FST_V2/FishSockTransfer/FishSockTransfer -F/tmp/fst-patch3-verify-full-20261002-1628-derived/Build/Intermediates.noindex/EagerLinkingTBDs/Debug -F/tmp/fst-patch3-verify-full-20261002-1628-derived/Build/Products/Debug -filelist /tmp/fst-patch3-verify-full-20261002-1628-derived/Build/Intermediates.noindex/FishSockTransfer.build/Debug/FishSockTransfer.build/Objects-normal/arm64/FishSockTransfer.LinkFileList -install_name @rpath/FishSockTransfer.debug.dylib -Xlinker -rpath -Xlinker /usr/lib/swift -Xlinker -rpath -Xlinker @executable_path/../Frameworks -Xlinker -object_path_lto -Xlinker /tmp/fst-patch3-verify-full-20261002-1628-derived/Build/Intermediates.noindex/FishSockTransfer.build/Debug/FishSockTransfer.build/Objects-normal/arm64/FishSockTransfer_lto.o -rdynamic -Xlinker -no_deduplicate -Xlinker -debug_variant -Xlinker -dependency_info -Xlinker /tmp/fst-patch3-verify-full-20261002-1628-derived/Build/Intermediates.noindex/FishSockTransfer.build/Debug/FishSockTransfer.build/Objects-normal/arm64/FishSockTransfer_dependency_info.dat -fobjc-link-runtime -fprofile-instr-generate -L/Applications/Xcode.app/Contents/Developer/Toolchains/XcodeDefault.xctoolchain/usr/lib/swift/macosx -L/usr/lib/swift -Xlinker -add_ast_path -Xlinker /tmp/fst-patch3-verify-full-20261002-1628-derived/Build/Intermediates.noindex/FishSockTransfer.build/Debug/FishSockTransfer.build/Objects-normal/arm64/FishSockTransfer.swiftmodule @/tmp/fst-patch3-verify-full-20261002-1628-derived/Build/Intermediates.noindex/FishSockTransfer.build/Debug/FishSockTransfer.build/Objects-normal/arm64/FishSockTransfer-linker-args.resp -Xlinker -alias -Xlinker _main -Xlinker ___debug_main_executable_dylib_entry_point -Xlinker -no_adhoc_codesign -o /tmp/fst-patch3-verify-full-20261002-1628-derived/Build/Products/Debug/FishSockTransfer.app/Contents/MacOS/FishSockTransfer.debug.dylib

ConstructStubExecutorLinkFileList /tmp/fst-patch3-verify-full-20261002-1628-derived/Build/Intermediates.noindex/FishSockTransfer.build/Debug/FishSockTransfer.build/FishSockTransfer-ExecutorLinkFileList-normal-arm64.txt (in target 'FishSockTransfer' from project 'FishSockTransfer')
    cd /Users/cenvu/DEV/FST_V2/FishSockTransfer
    construct-stub-executor-link-file-list /tmp/fst-patch3-verify-full-20261002-1628-derived/Build/Products/Debug/FishSockTransfer.app/Contents/MacOS/FishSockTransfer.debug.dylib /Applications/Xcode.app/Contents/Developer/Platforms/MacOSX.platform/Developer/usr/lib/libPreviewsJITStubExecutor_no_swift_entry_point.a /Applications/Xcode.app/Contents/Developer/Platforms/MacOSX.platform/Developer/usr/lib/libPreviewsJITStubExecutor.a --output /tmp/fst-patch3-verify-full-20261002-1628-derived/Build/Intermediates.noindex/FishSockTransfer.build/Debug/FishSockTransfer.build/FishSockTransfer-ExecutorLinkFileList-normal-arm64.txt
note: Using stub executor library with Swift entry point. (in target 'FishSockTransfer' from project 'FishSockTransfer')

Ld /tmp/fst-patch3-verify-full-20261002-1628-derived/Build/Products/Debug/FishSockTransfer.app/Contents/MacOS/FishSockTransfer normal (in target 'FishSockTransfer' from project 'FishSockTransfer')
    cd /Users/cenvu/DEV/FST_V2/FishSockTransfer
    /Applications/Xcode.app/Contents/Developer/Toolchains/XcodeDefault.xctoolchain/usr/bin/clang -Xlinker -reproducible -target arm64-apple-macos13.5 -isysroot /Applications/Xcode.app/Contents/Developer/Platforms/MacOSX.platform/Developer/SDKs/MacOSX26.2.sdk -O0 -L/tmp/fst-patch3-verify-full-20261002-1628-derived/Build/Products/Debug -L/Users/cenvu/DEV/FST_V2/FishSockTransfer/FishSockTransfer -F/tmp/fst-patch3-verify-full-20261002-1628-derived/Build/Products/Debug -Xlinker -rpath -Xlinker @executable_path -Xlinker -rpath -Xlinker @executable_path/../Frameworks -rdynamic -Xlinker -no_deduplicate -Xlinker -debug_variant -e ___debug_blank_executor_main -Xlinker -sectcreate -Xlinker __TEXT -Xlinker __debug_dylib -Xlinker /tmp/fst-patch3-verify-full-20261002-1628-derived/Build/Intermediates.noindex/FishSockTransfer.build/Debug/FishSockTransfer.build/FishSockTransfer-DebugDylibPath-normal-arm64.txt -Xlinker -sectcreate -Xlinker __TEXT -Xlinker __debug_instlnm -Xlinker /tmp/fst-patch3-verify-full-20261002-1628-derived/Build/Intermediates.noindex/FishSockTransfer.build/Debug/FishSockTransfer.build/FishSockTransfer-DebugDylibInstallName-normal-arm64.txt -Xlinker -filelist -Xlinker /tmp/fst-patch3-verify-full-20261002-1628-derived/Build/Intermediates.noindex/FishSockTransfer.build/Debug/FishSockTransfer.build/FishSockTransfer-ExecutorLinkFileList-normal-arm64.txt /tmp/fst-patch3-verify-full-20261002-1628-derived/Build/Products/Debug/FishSockTransfer.app/Contents/MacOS/FishSockTransfer.debug.dylib -Xlinker -no_adhoc_codesign -o /tmp/fst-patch3-verify-full-20261002-1628-derived/Build/Products/Debug/FishSockTransfer.app/Contents/MacOS/FishSockTransfer

PhaseScriptExecution Copy\ Bundled\ Rsync\ Dylibs /tmp/fst-patch3-verify-full-20261002-1628-derived/Build/Intermediates.noindex/FishSockTransfer.build/Debug/FishSockTransfer.build/Script-7D9475CD2FDF280000F41AE2.sh (in target 'FishSockTransfer' from project 'FishSockTransfer')
    cd /Users/cenvu/DEV/FST_V2/FishSockTransfer
    export ACTION\=build
    export AD_HOC_CODE_SIGNING_ALLOWED\=YES
    export AGGREGATE_TRACKED_DOMAINS\=YES
    export ALLOW_BUILD_REQUEST_OVERRIDES\=NO
    export ALLOW_TARGET_PLATFORM_SPECIALIZATION\=NO
    export ALTERNATE_GROUP\=staff
    export ALTERNATE_MODE\=u+w,go-w,a+rX
    export ALTERNATE_OWNER\=cenvu
    export ALTERNATIVE_DISTRIBUTION_WEB\=NO
    export ALWAYS_EMBED_SWIFT_STANDARD_LIBRARIES\=NO
    export ALWAYS_SEARCH_USER_PATHS\=NO
    export ALWAYS_USE_SEPARATE_HEADERMAPS\=NO
    export APPLICATION_EXTENSION_API_ONLY\=NO
    export APPLY_RULES_IN_COPY_FILES\=NO
    export APPLY_RULES_IN_COPY_HEADERS\=NO
    export APP_SHORTCUTS_ENABLE_FLEXIBLE_MATCHING\=YES
    export ARCHS\=arm64
    export ARCHS_STANDARD\=arm64\ x86_64
    export ARCHS_STANDARD_32_64_BIT\=arm64\ x86_64\ i386
    export ARCHS_STANDARD_32_BIT\=i386
    export ARCHS_STANDARD_64_BIT\=arm64\ x86_64
    export ARCHS_STANDARD_INCLUDING_64_BIT\=arm64\ x86_64
    export ASSETCATALOG_COMPILER_APPICON_NAME\=AppIcon
    export ASSETCATALOG_COMPILER_GENERATE_SWIFT_ASSET_SYMBOL_EXTENSIONS\=YES
    export ASSETCATALOG_COMPILER_GLOBAL_ACCENT_COLOR_NAME\=AccentColor
    export AUTOMATICALLY_MERGE_DEPENDENCIES\=NO
    export AUTOMATION_APPLE_EVENTS\=NO
    export AVAILABLE_PLATFORMS\=android\ appletvos\ appletvsimulator\ driverkit\ iphoneos\ iphonesimulator\ macosx\ qnx\ watchos\ watchsimulator\ webassembly\ xros\ xrsimulator
    export BUILD_ACTIVE_RESOURCES_ONLY\=NO
    export BUILD_COMPONENTS\=headers\ build
    export BUILD_DIR\=/tmp/fst-patch3-verify-full-20261002-1628-derived/Build/Products
    export BUILD_LIBRARY_FOR_DISTRIBUTION\=NO
    export BUILD_ROOT\=/tmp/fst-patch3-verify-full-20261002-1628-derived/Build/Products
    export BUILD_STYLE\=
    export BUILD_VARIANTS\=normal
    export BUILT_PRODUCTS_DIR\=/tmp/fst-patch3-verify-full-20261002-1628-derived/Build/Products/Debug
    export BUNDLE_CONTENTS_FOLDER_PATH\=Contents/
    export BUNDLE_CONTENTS_FOLDER_PATH_deep\=Contents/
    export BUNDLE_EXECUTABLE_FOLDER_NAME_deep\=MacOS
    export BUNDLE_EXECUTABLE_FOLDER_PATH\=Contents/MacOS
    export BUNDLE_EXTENSIONS_FOLDER_PATH\=Contents/Extensions
    export BUNDLE_FORMAT\=deep
    export BUNDLE_FRAMEWORKS_FOLDER_PATH\=Contents/Frameworks
    export BUNDLE_PLUGINS_FOLDER_PATH\=Contents/PlugIns
    export BUNDLE_PRIVATE_HEADERS_FOLDER_PATH\=Contents/PrivateHeaders
    export BUNDLE_PUBLIC_HEADERS_FOLDER_PATH\=Contents/Headers
    export CACHE_ROOT\=/var/folders/89/bwjml4px7bd8_gc4y493myh80000gn/C/com.apple.DeveloperTools/26.3-17C529/Xcode
    export CCHROOT\=/var/folders/89/bwjml4px7bd8_gc4y493myh80000gn/C/com.apple.DeveloperTools/26.3-17C529/Xcode
    export CHMOD\=/bin/chmod
    export CHOWN\=/usr/sbin/chown
    export CLANG_ANALYZER_NONNULL\=YES
    export CLANG_ANALYZER_NUMBER_OBJECT_CONVERSION\=YES_AGGRESSIVE
    export CLANG_CACHE_FINE_GRAINED_OUTPUTS\=YES
    export CLANG_COVERAGE_MAPPING\=YES
    export CLANG_CXX_LANGUAGE_STANDARD\=gnu++20
    export CLANG_ENABLE_EXPLICIT_MODULES\=YES
    export CLANG_ENABLE_MODULES\=YES
    export CLANG_ENABLE_OBJC_ARC\=YES
    export CLANG_ENABLE_OBJC_WEAK\=YES
    export CLANG_MODULES_BUILD_SESSION_FILE\=/tmp/fst-patch3-verify-full-20261002-1628-derived/ModuleCache.noindex/Session.modulevalidation
    export CLANG_PROFILE_DATA_DIRECTORY\=/tmp/fst-patch3-verify-full-20261002-1628-derived/Build/ProfileData
    export CLANG_WARN_BLOCK_CAPTURE_AUTORELEASING\=YES
    export CLANG_WARN_BOOL_CONVERSION\=YES
    export CLANG_WARN_COMMA\=YES
    export CLANG_WARN_CONSTANT_CONVERSION\=YES
    export CLANG_WARN_DEPRECATED_OBJC_IMPLEMENTATIONS\=YES
    export CLANG_WARN_DIRECT_OBJC_ISA_USAGE\=YES_ERROR
    export CLANG_WARN_DOCUMENTATION_COMMENTS\=YES
    export CLANG_WARN_EMPTY_BODY\=YES
    export CLANG_WARN_ENUM_CONVERSION\=YES
    export CLANG_WARN_INFINITE_RECURSION\=YES
    export CLANG_WARN_INT_CONVERSION\=YES
    export CLANG_WARN_NON_LITERAL_NULL_CONVERSION\=YES
    export CLANG_WARN_OBJC_IMPLICIT_RETAIN_SELF\=YES
    export CLANG_WARN_OBJC_LITERAL_CONVERSION\=YES
    export CLANG_WARN_OBJC_ROOT_CLASS\=YES_ERROR
    export CLANG_WARN_QUOTED_INCLUDE_IN_FRAMEWORK_HEADER\=YES
    export CLANG_WARN_RANGE_LOOP_ANALYSIS\=YES
    export CLANG_WARN_STRICT_PROTOTYPES\=YES
    export CLANG_WARN_SUSPICIOUS_MOVE\=YES
    export CLANG_WARN_UNGUARDED_AVAILABILITY\=YES_AGGRESSIVE
    export CLANG_WARN_UNREACHABLE_CODE\=YES
    export CLANG_WARN__DUPLICATE_METHOD_MATCH\=YES
    export CLASS_FILE_DIR\=/tmp/fst-patch3-verify-full-20261002-1628-derived/Build/Intermediates.noindex/FishSockTransfer.build/Debug/FishSockTransfer.build/JavaClasses
    export CLEAN_PRECOMPS\=YES
    export CLONE_HEADERS\=NO
    export CODESIGNING_FOLDER_PATH\=/tmp/fst-patch3-verify-full-20261002-1628-derived/Build/Products/Debug/FishSockTransfer.app
    export CODE_SIGNING_ALLOWED\=YES
    export CODE_SIGNING_REQUIRED\=YES
    export CODE_SIGN_ENTITLEMENTS\=FishSockTransfer/FishSockTransfer.entitlements
    export CODE_SIGN_IDENTITY\=-
    export CODE_SIGN_IDENTITY_NO\=Apple\ Development
    export CODE_SIGN_IDENTITY_YES\=-
    export CODE_SIGN_INJECT_BASE_ENTITLEMENTS\=YES
    export CODE_SIGN_STYLE\=Automatic
    export COLOR_DIAGNOSTICS\=NO
    export COMBINE_HIDPI_IMAGES\=YES
    export COMPILATION_CACHE_CAS_PATH\=/tmp/fst-patch3-verify-full-20261002-1628-derived/CompilationCache.noindex
    export COMPILATION_CACHE_KEEP_CAS_DIRECTORY\=YES
    export COMPILER_INDEX_STORE_ENABLE\=Default
    export COMPOSITE_SDK_DIRS\=/tmp/fst-patch3-verify-full-20261002-1628-derived/Build/Intermediates.noindex/CompositeSDKs
    export COMPRESS_PNG_FILES\=NO
    export CONFIGURATION\=Debug
    export CONFIGURATION_BUILD_DIR\=/tmp/fst-patch3-verify-full-20261002-1628-derived/Build/Products/Debug
    export CONFIGURATION_TEMP_DIR\=/tmp/fst-patch3-verify-full-20261002-1628-derived/Build/Intermediates.noindex/FishSockTransfer.build/Debug
    export CONTENTS_FOLDER_PATH\=FishSockTransfer.app/Contents
    export CONTENTS_FOLDER_PATH_SHALLOW_BUNDLE_NO\=FishSockTransfer.app/Contents
    export CONTENTS_FOLDER_PATH_SHALLOW_BUNDLE_YES\=FishSockTransfer.app
    export COPYING_PRESERVES_HFS_DATA\=NO
    export COPY_HEADERS_RUN_UNIFDEF\=NO
    export COPY_PHASE_STRIP\=NO
    export CP\=/bin/cp
    export CREATE_INFOPLIST_SECTION_IN_BINARY\=NO
    export CURRENT_ARCH\=undefined_arch
    export CURRENT_PROJECT_VERSION\=20260802
    export CURRENT_VARIANT\=normal
    export DEAD_CODE_STRIPPING\=NO
    export DEBUGGING_SYMBOLS\=YES
    export DEBUG_INFORMATION_FORMAT\=dwarf
    export DEBUG_INFORMATION_VERSION\=compiler-default
    export DEFAULT_COMPILER\=com.apple.compilers.llvm.clang.1_0
    export DEFAULT_DEXT_INSTALL_PATH\=/System/Library/DriverExtensions
    export DEFAULT_KEXT_INSTALL_PATH\=/System/Library/Extensions
    export DEFINES_MODULE\=NO
    export DEPLOYMENT_LOCATION\=NO
    export DEPLOYMENT_POSTPROCESSING\=NO
    export DEPLOYMENT_TARGET_SETTING_NAME\=MACOSX_DEPLOYMENT_TARGET
    export DEPLOYMENT_TARGET_SUGGESTED_VALUES\=10.13\ 10.14\ 10.15\ 11.0\ 11.1\ 11.2\ 11.3\ 11.4\ 11.5\ 12.0\ 12.2\ 12.3\ 12.4\ 13.0\ 13.1\ 13.2\ 13.3\ 13.4\ 13.5\ 14.0\ 14.1\ 14.2\ 14.3\ 14.4\ 14.5\ 14.6\ 15.0\ 15.1\ 15.2\ 15.3\ 15.4\ 15.5\ 15.6\ 26.0\ 26.1\ 26.2
    export DERIVED_FILES_DIR\=/tmp/fst-patch3-verify-full-20261002-1628-derived/Build/Intermediates.noindex/FishSockTransfer.build/Debug/FishSockTransfer.build/DerivedSources
    export DERIVED_FILE_DIR\=/tmp/fst-patch3-verify-full-20261002-1628-derived/Build/Intermediates.noindex/FishSockTransfer.build/Debug/FishSockTransfer.build/DerivedSources
    export DERIVED_SOURCES_DIR\=/tmp/fst-patch3-verify-full-20261002-1628-derived/Build/Intermediates.noindex/FishSockTransfer.build/Debug/FishSockTransfer.build/DerivedSources
    export DEVELOPER_APPLICATIONS_DIR\=/Applications/Xcode.app/Contents/Developer/Applications
    export DEVELOPER_BIN_DIR\=/Applications/Xcode.app/Contents/Developer/usr/bin
    export DEVELOPER_DIR\=/Applications/Xcode.app/Contents/Developer
    export DEVELOPER_FRAMEWORKS_DIR\=/Applications/Xcode.app/Contents/Developer/Library/Frameworks
    export DEVELOPER_FRAMEWORKS_DIR_QUOTED\=/Applications/Xcode.app/Contents/Developer/Library/Frameworks
    export DEVELOPER_LIBRARY_DIR\=/Applications/Xcode.app/Contents/Developer/Library
    export DEVELOPER_SDK_DIR\=/Applications/Xcode.app/Contents/Developer/Platforms/MacOSX.platform/Developer/SDKs
    export DEVELOPER_TOOLS_DIR\=/Applications/Xcode.app/Contents/Developer/Tools
    export DEVELOPER_USR_DIR\=/Applications/Xcode.app/Contents/Developer/usr
    export DEVELOPMENT_LANGUAGE\=en
    export DIAGNOSE_MISSING_TARGET_DEPENDENCIES\=YES
    export DIFF\=/usr/bin/diff
    export DOCUMENTATION_FOLDER_PATH\=FishSockTransfer.app/Contents/Resources/en.lproj/Documentation
    export DONT_GENERATE_INFOPLIST_FILE\=NO
    export DSTROOT\=/tmp/FishSockTransfer.dst
    export DT_TOOLCHAIN_DIR\=/Applications/Xcode.app/Contents/Developer/Toolchains/XcodeDefault.xctoolchain
    export DWARF_DSYM_FILE_NAME\=FishSockTransfer.app.dSYM
    export DWARF_DSYM_FILE_SHOULD_ACCOMPANY_PRODUCT\=NO
    export DWARF_DSYM_FOLDER_PATH\=/tmp/fst-patch3-verify-full-20261002-1628-derived/Build/Products/Debug
    export DYNAMIC_LIBRARY_EXTENSION\=dylib
    export EAGER_COMPILATION_ALLOW_SCRIPTS\=YES
    export EAGER_LINKING\=NO
    export EMBEDDED_CONTENT_CONTAINS_SWIFT\=NO
    export EMBEDDED_PROFILE_NAME\=embedded.provisionprofile
    export EMBED_ASSET_PACKS_IN_PRODUCT_BUNDLE\=NO
    export ENABLE_APP_SANDBOX\=YES
    export ENABLE_CODE_COVERAGE\=YES
    export ENABLE_CPLUSPLUS_BOUNDS_SAFE_BUFFERS\=NO
    export ENABLE_C_BOUNDS_SAFETY\=NO
    export ENABLE_DEBUG_DYLIB\=YES
    export ENABLE_DEFAULT_HEADER_SEARCH_PATHS\=YES
    export ENABLE_DEFAULT_SEARCH_PATHS\=YES
    export ENABLE_ENHANCED_SECURITY\=NO
    export ENABLE_HARDENED_RUNTIME\=NO
    export ENABLE_HEADER_DEPENDENCIES\=YES
    export ENABLE_INCOMING_NETWORK_CONNECTIONS\=NO
    export ENABLE_ON_DEMAND_RESOURCES\=NO
    export ENABLE_OUTGOING_NETWORK_CONNECTIONS\=YES
    export ENABLE_POINTER_AUTHENTICATION\=NO
    export ENABLE_PREVIEWS\=NO
    export ENABLE_RESOURCE_ACCESS_AUDIO_INPUT\=NO
    export ENABLE_RESOURCE_ACCESS_BLUETOOTH\=NO
    export ENABLE_RESOURCE_ACCESS_CALENDARS\=NO
    export ENABLE_RESOURCE_ACCESS_CAMERA\=NO
    export ENABLE_RESOURCE_ACCESS_CONTACTS\=NO
    export ENABLE_RESOURCE_ACCESS_LOCATION\=NO
    export ENABLE_RESOURCE_ACCESS_PHOTO_LIBRARY\=NO
    export ENABLE_RESOURCE_ACCESS_PRINTING\=NO
    export ENABLE_RESOURCE_ACCESS_USB\=NO
    export ENABLE_SDK_IMPORTS\=NO
    export ENABLE_SECURITY_COMPILER_WARNINGS\=NO
    export ENABLE_STRICT_OBJC_MSGSEND\=YES
    export ENABLE_TESTABILITY\=YES
    export ENABLE_TESTING_SEARCH_PATHS\=NO
    export ENABLE_USER_SCRIPT_SANDBOXING\=YES
    export ENABLE_USER_SELECTED_FILES\=readwrite
    export ENABLE_XOJIT_PREVIEWS\=YES
    export ENFORCE_VALID_ARCHS\=YES
    export ENTITLEMENTS_ALLOWED\=YES
    export ENTITLEMENTS_DESTINATION\=Signature
    export ENTITLEMENTS_REQUIRED\=NO
    export EXCLUDED_INSTALLSRC_SUBDIRECTORY_PATTERNS\=.DS_Store\ .svn\ .git\ .hg\ CVS
    export EXCLUDED_RECURSIVE_SEARCH_PATH_SUBDIRECTORIES\=\*.nib\ \*.lproj\ \*.framework\ \*.gch\ \*.xcode\*\ \*.xcassets\ \*.icon\ \(\*\)\ .DS_Store\ CVS\ .svn\ .git\ .hg\ \*.pbproj\ \*.pbxproj
    export EXCLUDED_SOURCE_FILE_NAMES\=lib\*.dylib
    export EXECUTABLES_FOLDER_PATH\=FishSockTransfer.app/Contents/Executables
    export EXECUTABLE_BLANK_INJECTION_DYLIB_PATH\=FishSockTransfer.app/Contents/MacOS/__preview.dylib
    export EXECUTABLE_DEBUG_DYLIB_INSTALL_NAME\=@rpath/FishSockTransfer.debug.dylib
    export EXECUTABLE_DEBUG_DYLIB_PATH\=FishSockTransfer.app/Contents/MacOS/FishSockTransfer.debug.dylib
    export EXECUTABLE_FOLDER_PATH\=FishSockTransfer.app/Contents/MacOS
    export EXECUTABLE_FOLDER_PATH_SHALLOW_BUNDLE_NO\=FishSockTransfer.app/Contents/MacOS
    export EXECUTABLE_FOLDER_PATH_SHALLOW_BUNDLE_YES\=FishSockTransfer.app/Contents
    export EXECUTABLE_NAME\=FishSockTransfer
    export EXECUTABLE_PATH\=FishSockTransfer.app/Contents/MacOS/FishSockTransfer
    export EXPANDED_CODE_SIGN_IDENTITY\=-
    export EXPANDED_CODE_SIGN_IDENTITY_NAME\=Sign\ to\ Run\ Locally
    export EXTENSIONS_FOLDER_PATH\=FishSockTransfer.app/Contents/Extensions
    export FILE_LIST\=/tmp/fst-patch3-verify-full-20261002-1628-derived/Build/Intermediates.noindex/FishSockTransfer.build/Debug/FishSockTransfer.build/Objects/LinkFileList
    export FIXED_FILES_DIR\=/tmp/fst-patch3-verify-full-20261002-1628-derived/Build/Intermediates.noindex/FishSockTransfer.build/Debug/FishSockTransfer.build/FixedFiles
    export FRAMEWORKS_FOLDER_PATH\=FishSockTransfer.app/Contents/Frameworks
    export FRAMEWORK_FLAG_PREFIX\=-framework
    export FRAMEWORK_SEARCH_PATHS\=/tmp/fst-patch3-verify-full-20261002-1628-derived/Build/Products/Debug\ 
    export FRAMEWORK_VERSION\=A
    export FULL_PRODUCT_NAME\=FishSockTransfer.app
    export FUSE_BUILD_PHASES\=YES
    export FUSE_BUILD_SCRIPT_PHASES\=NO
    export GCC3_VERSION\=3.3
    export GCC_C_LANGUAGE_STANDARD\=gnu17
    export GCC_DYNAMIC_NO_PIC\=NO
    export GCC_INLINES_ARE_PRIVATE_EXTERN\=YES
    export GCC_NO_COMMON_BLOCKS\=YES
    export GCC_OPTIMIZATION_LEVEL\=0
    export GCC_PFE_FILE_C_DIALECTS\=c\ objective-c\ c++\ objective-c++
    export GCC_PREPROCESSOR_DEFINITIONS\=DEBUG\=1\ 
    export GCC_SYMBOLS_PRIVATE_EXTERN\=NO
    export GCC_TREAT_WARNINGS_AS_ERRORS\=NO
    export GCC_VERSION\=com.apple.compilers.llvm.clang.1_0
    export GCC_VERSION_IDENTIFIER\=com_apple_compilers_llvm_clang_1_0
    export GCC_WARN_64_TO_32_BIT_CONVERSION\=YES
    export GCC_WARN_ABOUT_RETURN_TYPE\=YES_ERROR
    export GCC_WARN_UNDECLARED_SELECTOR\=YES
    export GCC_WARN_UNINITIALIZED_AUTOS\=YES_AGGRESSIVE
    export GCC_WARN_UNUSED_FUNCTION\=YES
    export GCC_WARN_UNUSED_VARIABLE\=YES
    export GENERATED_MODULEMAP_DIR\=/tmp/fst-patch3-verify-full-20261002-1628-derived/Build/Intermediates.noindex/GeneratedModuleMaps
    export GENERATE_INFOPLIST_FILE\=YES
    export GENERATE_INTERMEDIATE_TEXT_BASED_STUBS\=YES
    export GENERATE_PKGINFO_FILE\=YES
    export GENERATE_PRELINK_OBJECT_FILE\=NO
    export GENERATE_PROFILING_CODE\=NO
    export GENERATE_TEXT_BASED_STUBS\=NO
    export GID\=20
    export GROUP\=staff
    export HEADERMAP_INCLUDES_FLAT_ENTRIES_FOR_TARGET_BEING_BUILT\=YES
    export HEADERMAP_INCLUDES_FRAMEWORK_ENTRIES_FOR_ALL_PRODUCT_TYPES\=YES
    export HEADERMAP_INCLUDES_FRAMEWORK_ENTRIES_FOR_TARGETS_NOT_BEING_BUILT\=YES
    export HEADERMAP_INCLUDES_NONPUBLIC_NONPRIVATE_HEADERS\=YES
    export HEADERMAP_INCLUDES_PROJECT_HEADERS\=YES
    export HEADERMAP_USES_FRAMEWORK_PREFIX_ENTRIES\=YES
    export HEADERMAP_USES_VFS\=NO
    export HEADER_SEARCH_PATHS\=/tmp/fst-patch3-verify-full-20261002-1628-derived/Build/Products/Debug/include\ 
    export HOME\=/Users/cenvu
    export HOST_ARCH\=arm64
    export HOST_PLATFORM\=macosx
    export ICONV\=/usr/bin/iconv
    export IMPLICIT_DEPENDENCY_DOMAIN\=default
    export INFOPLIST_ENABLE_CFBUNDLEICONS_MERGE\=YES
    export INFOPLIST_EXPAND_BUILD_SETTINGS\=YES
    export INFOPLIST_OUTPUT_FORMAT\=same-as-input
    export INFOPLIST_PATH\=FishSockTransfer.app/Contents/Info.plist
    export INFOPLIST_PREPROCESS\=NO
    export INFOSTRINGS_PATH\=FishSockTransfer.app/Contents/Resources/en.lproj/InfoPlist.strings
    export INLINE_PRIVATE_FRAMEWORKS\=NO
    export INSTALLAPI_IGNORE_SKIP_INSTALL\=YES
    export INSTALLHDRS_COPY_PHASE\=NO
    export INSTALLHDRS_SCRIPT_PHASE\=NO
    export INSTALL_DIR\=/tmp/FishSockTransfer.dst/Applications
    export INSTALL_GROUP\=staff
    export INSTALL_MODE_FLAG\=u+w,go-w,a+rX
    export INSTALL_OWNER\=cenvu
    export INSTALL_PATH\=/Applications
    export INSTALL_ROOT\=/tmp/FishSockTransfer.dst
    export IOS_UNZIPPERED_TWIN_PREFIX_PATH\=/System/iOSSupport
    export IS_MACCATALYST\=NO
    export IS_UNOPTIMIZED_BUILD\=YES
    export JAVAC_DEFAULT_FLAGS\=-J-Xms64m\ -J-XX:NewSize\=4M\ -J-Dfile.encoding\=UTF8
    export JAVA_APP_STUB\=/System/Library/Frameworks/JavaVM.framework/Resources/MacOS/JavaApplicationStub
    export JAVA_ARCHIVE_CLASSES\=YES
    export JAVA_ARCHIVE_TYPE\=JAR
    export JAVA_COMPILER\=/usr/bin/javac
    export JAVA_FOLDER_PATH\=FishSockTransfer.app/Contents/Resources/Java
    export JAVA_FRAMEWORK_RESOURCES_DIRS\=Resources
    export JAVA_JAR_FLAGS\=cv
    export JAVA_SOURCE_SUBDIR\=.
    export JAVA_USE_DEPENDENCIES\=YES
    export JAVA_ZIP_FLAGS\=-urg
    export JIKES_DEFAULT_FLAGS\=+E\ +OLDCSO
    export KASAN_CFLAGS_CLASSIC\=-DKASAN\=1\ -DKASAN_CLASSIC\=1\ -fsanitize\=address\ -mllvm\ -asan-globals-live-support\ -mllvm\ -asan-force-dynamic-shadow
    export KASAN_CFLAGS_TBI\=-DKASAN\=1\ -DKASAN_TBI\=1\ -fsanitize\=kernel-hwaddress\ -mllvm\ -hwasan-recover\=0\ -mllvm\ -hwasan-instrument-atomics\=0\ -mllvm\ -hwasan-instrument-stack\=1\ -mllvm\ -hwasan-generate-tags-with-calls\=1\ -mllvm\ -hwasan-instrument-with-calls\=1\ -mllvm\ -hwasan-use-short-granules\=0\ -mllvm\ -hwasan-memory-access-callback-prefix\=__asan_
    export KASAN_DEFAULT_CFLAGS\=-DKASAN\=1\ -DKASAN_CLASSIC\=1\ -fsanitize\=address\ -mllvm\ -asan-globals-live-support\ -mllvm\ -asan-force-dynamic-shadow
    export KEEP_PRIVATE_EXTERNS\=NO
    export LD_DEPENDENCY_INFO_FILE\=/tmp/fst-patch3-verify-full-20261002-1628-derived/Build/Intermediates.noindex/FishSockTransfer.build/Debug/FishSockTransfer.build/Objects-normal/undefined_arch/FishSockTransfer_dependency_info.dat
    export LD_EXPORT_SYMBOLS\=YES
    export LD_GENERATE_MAP_FILE\=NO
    export LD_MAP_FILE_PATH\=/tmp/fst-patch3-verify-full-20261002-1628-derived/Build/Intermediates.noindex/FishSockTransfer.build/Debug/FishSockTransfer.build/FishSockTransfer-LinkMap-normal-undefined_arch.txt
    export LD_NO_PIE\=NO
    export LD_QUOTE_LINKER_ARGUMENTS_FOR_COMPILER_DRIVER\=YES
    export LD_RUNPATH_SEARCH_PATHS\=\ @executable_path/../Frameworks
    export LD_RUNPATH_SEARCH_PATHS_YES\=@loader_path/../Frameworks
    export LD_SHARED_CACHE_ELIGIBLE\=Automatic
    export LD_WARN_DUPLICATE_LIBRARIES\=NO
    export LD_WARN_UNUSED_DYLIBS\=NO
    export LEGACY_DEVELOPER_DIR\=/Applications/Xcode.app/Contents/PlugIns/Xcode3Core.ideplugin/Contents/SharedSupport/Developer
    export LEX\=lex
    export LIBRARY_DEXT_INSTALL_PATH\=/Library/DriverExtensions
    export LIBRARY_FLAG_NOSPACE\=YES
    export LIBRARY_FLAG_PREFIX\=-l
    export LIBRARY_KEXT_INSTALL_PATH\=/Library/Extensions
    export LIBRARY_SEARCH_PATHS\=/tmp/fst-patch3-verify-full-20261002-1628-derived/Build/Products/Debug\ \ /Users/cenvu/DEV/FST_V2/FishSockTransfer/FishSockTransfer
    export LINKER_DISPLAYS_MANGLED_NAMES\=NO
    export LINK_FILE_LIST_normal_arm64\=/tmp/fst-patch3-verify-full-20261002-1628-derived/Build/Intermediates.noindex/FishSockTransfer.build/Debug/FishSockTransfer.build/Objects-normal/arm64/FishSockTransfer.LinkFileList
    export LINK_OBJC_RUNTIME\=YES
    export LINK_WITH_STANDARD_LIBRARIES\=YES
    export LLVM_TARGET_TRIPLE_OS_VERSION\=macos13.5
    export LLVM_TARGET_TRIPLE_OS_VERSION_NO\=macos13.5
    export LLVM_TARGET_TRIPLE_OS_VERSION_YES\=macos26.2
    export LLVM_TARGET_TRIPLE_VENDOR\=apple
    export LM_AUX_CONST_METADATA_LIST_PATH_normal_arm64\=/tmp/fst-patch3-verify-full-20261002-1628-derived/Build/Intermediates.noindex/FishSockTransfer.build/Debug/FishSockTransfer.build/Objects-normal/arm64/FishSockTransfer.SwiftConstValuesFileList
    export LOCALIZATION_EXPORT_SUPPORTED\=YES
    export LOCALIZATION_PREFERS_STRING_CATALOGS\=YES
    export LOCALIZED_RESOURCES_FOLDER_PATH\=FishSockTransfer.app/Contents/Resources/en.lproj
    export LOCALIZED_STRING_MACRO_NAMES\=NSLocalizedString\ CFCopyLocalizedString
    export LOCALIZED_STRING_SWIFTUI_SUPPORT\=YES
    export LOCAL_ADMIN_APPS_DIR\=/Applications/Utilities
    export LOCAL_APPS_DIR\=/Applications
    export LOCAL_DEVELOPER_DIR\=/Library/Developer
    export LOCAL_LIBRARY_DIR\=/Library
    export LOCROOT\=/Users/cenvu/DEV/FST_V2/FishSockTransfer
    export LOCSYMROOT\=/Users/cenvu/DEV/FST_V2/FishSockTransfer
    export MACH_O_TYPE\=mh_execute
    export MACOSX_DEPLOYMENT_TARGET\=13.5
    export MAC_OS_X_PRODUCT_BUILD_VERSION\=24G720
    export MAC_OS_X_VERSION_ACTUAL\=150707
    export MAC_OS_X_VERSION_MAJOR\=150000
    export MAC_OS_X_VERSION_MINOR\=150700
    export MAKE_MERGEABLE\=NO
    export MARKETING_VERSION\=1.3.5
    export MERGEABLE_LIBRARY\=NO
    export MERGED_BINARY_TYPE\=none
    export MERGE_LINKED_LIBRARIES\=NO
    export METAL_LIBRARY_FILE_BASE\=default
    export METAL_LIBRARY_OUTPUT_DIR\=/tmp/fst-patch3-verify-full-20261002-1628-derived/Build/Products/Debug/FishSockTransfer.app/Contents/Resources
    export MODULES_FOLDER_PATH\=FishSockTransfer.app/Contents/Modules
    export MODULE_CACHE_DIR\=/tmp/fst-patch3-verify-full-20261002-1628-derived/ModuleCache.noindex
    export MTL_ENABLE_DEBUG_INFO\=INCLUDE_SOURCE
    export MTL_FAST_MATH\=YES
    export NATIVE_ARCH\=arm64
    export NATIVE_ARCH_32_BIT\=arm
    export NATIVE_ARCH_64_BIT\=arm64
    export NATIVE_ARCH_ACTUAL\=arm64
    export NO_COMMON\=YES
    export OBJECT_FILE_DIR\=/tmp/fst-patch3-verify-full-20261002-1628-derived/Build/Intermediates.noindex/FishSockTransfer.build/Debug/FishSockTransfer.build/Objects
    export OBJECT_FILE_DIR_normal\=/tmp/fst-patch3-verify-full-20261002-1628-derived/Build/Intermediates.noindex/FishSockTransfer.build/Debug/FishSockTransfer.build/Objects-normal
    export OBJROOT\=/tmp/fst-patch3-verify-full-20261002-1628-derived/Build/Intermediates.noindex
    export ONLY_ACTIVE_ARCH\=YES
    export OS\=MACOS
    export OSAC\=/usr/bin/osacompile
    export PACKAGE_TYPE\=com.apple.package-type.wrapper.application
    export PASCAL_STRINGS\=YES
    export PATH\=/Applications/Xcode.app/Contents/SharedFrameworks/SwiftBuild.framework/Versions/A/PlugIns/SWBBuildService.bundle/Contents/PlugIns/SWBUniversalPlatformPlugin.bundle/Contents/Frameworks/SWBUniversalPlatform.framework/Resources:/Applications/Xcode.app/Contents/Developer/Toolchains/XcodeDefault.xctoolchain/usr/bin:/Applications/Xcode.app/Contents/Developer/Toolchains/XcodeDefault.xctoolchain/usr/local/bin:/Applications/Xcode.app/Contents/Developer/Toolchains/XcodeDefault.xctoolchain/usr/libexec:/Applications/Xcode.app/Contents/Developer/Platforms/MacOSX.platform/usr/bin:/Applications/Xcode.app/Contents/Developer/Platforms/MacOSX.platform/usr/local/bin:/Applications/Xcode.app/Contents/Developer/Platforms/MacOSX.platform/Developer/usr/bin:/Applications/Xcode.app/Contents/Developer/Platforms/MacOSX.platform/Developer/usr/local/bin:/Applications/Xcode.app/Contents/Developer/usr/bin:/Applications/Xcode.app/Contents/Developer/usr/local/bin:/Users/cenvu/.codex/packages/standalone/releases/0.159.3-aarch64-apple-darwin/codex-path:/Users/cenvu/.bun/bin:/Users/cenvu/.nvm/versions/node/v22.23.2/bin:/Users/cenvu/.grok/bin:/Users/cenvu/.antigravity-ide/antigravity-ide/bin:/Users/cenvu/.local/bin:/opt/homebrew/bin:/opt/homebrew/sbin:/Library/Frameworks/Python.framework/Versions/3.13/bin:/usr/local/bin:/System/Cryptexes/App/usr/bin:/usr/bin:/bin:/usr/sbin:/sbin:/var/run/com.apple.security.cryptexd/codex.system/bootstrap/usr/local/bin:/var/run/com.apple.security.cryptexd/codex.system/bootstrap/usr/bin:/var/run/com.apple.security.cryptexd/codex.system/bootstrap/usr/appleinternal/bin://Applications/Topaz\ Gigapixel\ AI.app/Contents/Resources/bin://Applications/Topaz\ Photo\ AI.app/Contents/Resources/bin:/Library/Apple/usr/bin:/Applications/Little\ Snitch.app/Contents/Components:/Users/cenvu/.antigravity_cockpit/instances/codex/cli-69dff02cc1f2/tmp/arg0/codex-arg069f8mT:/Users/cenvu/.cargo/bin:/Applications/Ghostty.app/Contents/MacOS:/Users/cenvu/.lmstudio/bin:/opt/homebrew/opt/fzf/bin:/Users/cenvu/.opencode/bin
    export PATH_PREFIXES_EXCLUDED_FROM_HEADER_DEPENDENCIES\=/usr/include\ /usr/local/include\ /System/Library/Frameworks\ /System/Library/PrivateFrameworks\ /Applications/Xcode.app/Contents/Developer/Headers\ /Applications/Xcode.app/Contents/Developer/SDKs\ /Applications/Xcode.app/Contents/Developer/Platforms
    export PBDEVELOPMENTPLIST_PATH\=FishSockTransfer.app/Contents/pbdevelopment.plist
    export PER_ARCH_MODULE_FILE_DIR\=/tmp/fst-patch3-verify-full-20261002-1628-derived/Build/Intermediates.noindex/FishSockTransfer.build/Debug/FishSockTransfer.build/Objects-normal/undefined_arch
    export PER_ARCH_OBJECT_FILE_DIR\=/tmp/fst-patch3-verify-full-20261002-1628-derived/Build/Intermediates.noindex/FishSockTransfer.build/Debug/FishSockTransfer.build/Objects-normal/undefined_arch
    export PER_VARIANT_OBJECT_FILE_DIR\=/tmp/fst-patch3-verify-full-20261002-1628-derived/Build/Intermediates.noindex/FishSockTransfer.build/Debug/FishSockTransfer.build/Objects-normal
    export PKGINFO_FILE_PATH\=/tmp/fst-patch3-verify-full-20261002-1628-derived/Build/Intermediates.noindex/FishSockTransfer.build/Debug/FishSockTransfer.build/PkgInfo
    export PKGINFO_PATH\=FishSockTransfer.app/Contents/PkgInfo
    export PLATFORM_DEVELOPER_APPLICATIONS_DIR\=/Applications/Xcode.app/Contents/Developer/Applications
    export PLATFORM_DEVELOPER_BIN_DIR\=/Applications/Xcode.app/Contents/Developer/usr/bin
    export PLATFORM_DEVELOPER_LIBRARY_DIR\=/Applications/Xcode.app/Contents/Developer/Library
    export PLATFORM_DEVELOPER_SDK_DIR\=/Applications/Xcode.app/Contents/Developer/Platforms/MacOSX.platform/Developer/SDKs
    export PLATFORM_DEVELOPER_TOOLS_DIR\=/Applications/Xcode.app/Contents/Developer/Tools
    export PLATFORM_DEVELOPER_USR_DIR\=/Applications/Xcode.app/Contents/Developer/usr
    export PLATFORM_DIR\=/Applications/Xcode.app/Contents/Developer/Platforms/MacOSX.platform
    export PLATFORM_DISPLAY_NAME\=macOS
    export PLATFORM_FAMILY_NAME\=macOS
    export PLATFORM_NAME\=macosx
    export PLATFORM_PREFERRED_ARCH\=x86_64
    export PLATFORM_PRODUCT_BUILD_VERSION\=25C58
    export PLATFORM_REQUIRES_SWIFT_AUTOLINK_EXTRACT\=NO
    export PLATFORM_REQUIRES_SWIFT_MODULEWRAP\=NO
    export PLIST_FILE_OUTPUT_FORMAT\=same-as-input
    export PLUGINS_FOLDER_PATH\=FishSockTransfer.app/Contents/PlugIns
    export PRECOMPS_INCLUDE_HEADERS_FROM_BUILT_PRODUCTS_DIR\=YES
    export PRECOMP_DESTINATION_DIR\=/tmp/fst-patch3-verify-full-20261002-1628-derived/Build/Intermediates.noindex/FishSockTransfer.build/Debug/FishSockTransfer.build/PrefixHeaders
    export PRIVATE_HEADERS_FOLDER_PATH\=FishSockTransfer.app/Contents/PrivateHeaders
    export PROCESSED_INFOPLIST_PATH\=/tmp/fst-patch3-verify-full-20261002-1628-derived/Build/Intermediates.noindex/FishSockTransfer.build/Debug/FishSockTransfer.build/Objects-normal/undefined_arch/Processed-Info.plist
    export PRODUCT_BUNDLE_IDENTIFIER\=com.cen.FishSockTransfer
    export PRODUCT_BUNDLE_PACKAGE_TYPE\=APPL
    export PRODUCT_MODULE_NAME\=FishSockTransfer
    export PRODUCT_NAME\=FishSockTransfer
    export PRODUCT_SETTINGS_PATH\=
    export PRODUCT_TYPE\=com.apple.product-type.application
    export PROFILING_CODE\=NO
    export PROJECT\=FishSockTransfer
    export PROJECT_DERIVED_FILE_DIR\=/tmp/fst-patch3-verify-full-20261002-1628-derived/Build/Intermediates.noindex/FishSockTransfer.build/DerivedSources
    export PROJECT_DIR\=/Users/cenvu/DEV/FST_V2/FishSockTransfer
    export PROJECT_FILE_PATH\=/Users/cenvu/DEV/FST_V2/FishSockTransfer/FishSockTransfer.xcodeproj
    export PROJECT_GUID\=7b781d80cc4a72f320f94452b7409f22
    export PROJECT_NAME\=FishSockTransfer
    export PROJECT_TEMP_DIR\=/tmp/fst-patch3-verify-full-20261002-1628-derived/Build/Intermediates.noindex/FishSockTransfer.build
    export PROJECT_TEMP_ROOT\=/tmp/fst-patch3-verify-full-20261002-1628-derived/Build/Intermediates.noindex
    export PROVISIONING_PROFILE_REQUIRED\=NO
    export PROVISIONING_PROFILE_REQUIRED_YES_YES\=YES
    export PROVISIONING_PROFILE_SUPPORTED\=YES
    export PUBLIC_HEADERS_FOLDER_PATH\=FishSockTransfer.app/Contents/Headers
    export RECOMMENDED_MACOSX_DEPLOYMENT_TARGET\=11.0
    export RECURSIVE_SEARCH_PATHS_FOLLOW_SYMLINKS\=YES
    export REGISTER_APP_GROUPS\=YES
    export REMOVE_CVS_FROM_RESOURCES\=YES
    export REMOVE_GIT_FROM_RESOURCES\=YES
    export REMOVE_HEADERS_FROM_EMBEDDED_BUNDLES\=YES
    export REMOVE_HG_FROM_RESOURCES\=YES
    export REMOVE_STATIC_EXECUTABLES_FROM_EMBEDDED_BUNDLES\=YES
    export REMOVE_SVN_FROM_RESOURCES\=YES
    export RESCHEDULE_INDEPENDENT_HEADERS_PHASES\=YES
    export REZ_COLLECTOR_DIR\=/tmp/fst-patch3-verify-full-20261002-1628-derived/Build/Intermediates.noindex/FishSockTransfer.build/Debug/FishSockTransfer.build/ResourceManagerResources
    export REZ_OBJECTS_DIR\=/tmp/fst-patch3-verify-full-20261002-1628-derived/Build/Intermediates.noindex/FishSockTransfer.build/Debug/FishSockTransfer.build/ResourceManagerResources/Objects
    export REZ_SEARCH_PATHS\=/tmp/fst-patch3-verify-full-20261002-1628-derived/Build/Products/Debug\ 
    export RUNTIME_EXCEPTION_ALLOW_DYLD_ENVIRONMENT_VARIABLES\=NO
    export RUNTIME_EXCEPTION_ALLOW_JIT\=NO
    export RUNTIME_EXCEPTION_ALLOW_UNSIGNED_EXECUTABLE_MEMORY\=NO
    export RUNTIME_EXCEPTION_DEBUGGING_TOOL\=NO
    export RUNTIME_EXCEPTION_DISABLE_EXECUTABLE_PAGE_PROTECTION\=NO
    export RUNTIME_EXCEPTION_DISABLE_LIBRARY_VALIDATION\=NO
    export SCAN_ALL_SOURCE_FILES_FOR_INCLUDES\=NO
    export SCRIPTS_FOLDER_PATH\=FishSockTransfer.app/Contents/Resources/Scripts
    export SCRIPT_INPUT_FILE_0\=/Users/cenvu/DEV/FST_V2/FishSockTransfer/FishSockTransfer/libpopt.0.dylib
    export SCRIPT_INPUT_FILE_1\=/Users/cenvu/DEV/FST_V2/FishSockTransfer/FishSockTransfer/liblz4.1.dylib
    export SCRIPT_INPUT_FILE_2\=/Users/cenvu/DEV/FST_V2/FishSockTransfer/FishSockTransfer/libzstd.1.dylib
    export SCRIPT_INPUT_FILE_3\=/Users/cenvu/DEV/FST_V2/FishSockTransfer/FishSockTransfer/libxxhash.0.dylib
    export SCRIPT_INPUT_FILE_4\=/Users/cenvu/DEV/FST_V2/FishSockTransfer/FishSockTransfer/libcrypto.3.dylib
    export SCRIPT_INPUT_FILE_COUNT\=5
    export SCRIPT_INPUT_FILE_LIST_COUNT\=0
    export SCRIPT_OUTPUT_FILE_0\=/tmp/fst-patch3-verify-full-20261002-1628-derived/Build/Products/Debug/FishSockTransfer.app/Contents/Resources/libpopt.0.dylib
    export SCRIPT_OUTPUT_FILE_1\=/tmp/fst-patch3-verify-full-20261002-1628-derived/Build/Products/Debug/FishSockTransfer.app/Contents/Resources/liblz4.1.dylib
    export SCRIPT_OUTPUT_FILE_2\=/tmp/fst-patch3-verify-full-20261002-1628-derived/Build/Products/Debug/FishSockTransfer.app/Contents/Resources/libzstd.1.dylib
    export SCRIPT_OUTPUT_FILE_3\=/tmp/fst-patch3-verify-full-20261002-1628-derived/Build/Products/Debug/FishSockTransfer.app/Contents/Resources/libxxhash.0.dylib
    export SCRIPT_OUTPUT_FILE_4\=/tmp/fst-patch3-verify-full-20261002-1628-derived/Build/Products/Debug/FishSockTransfer.app/Contents/Resources/libcrypto.3.dylib
    export SCRIPT_OUTPUT_FILE_COUNT\=5
    export SCRIPT_OUTPUT_FILE_LIST_COUNT\=0
    export SDKROOT\=/Applications/Xcode.app/Contents/Developer/Platforms/MacOSX.platform/Developer/SDKs/MacOSX26.2.sdk
    export SDK_DIR\=/Applications/Xcode.app/Contents/Developer/Platforms/MacOSX.platform/Developer/SDKs/MacOSX26.2.sdk
    export SDK_DIR_macosx\=/Applications/Xcode.app/Contents/Developer/Platforms/MacOSX.platform/Developer/SDKs/MacOSX26.2.sdk
    export SDK_DIR_macosx26_2\=/Applications/Xcode.app/Contents/Developer/Platforms/MacOSX.platform/Developer/SDKs/MacOSX26.2.sdk
    export SDK_NAME\=macosx26.2
    export SDK_NAMES\=macosx26.2
    export SDK_PRODUCT_BUILD_VERSION\=25C58
    export SDK_STAT_CACHE_DIR\=/tmp/fst-patch3-verify-full-20261002-1628-derived
    export SDK_STAT_CACHE_ENABLE\=YES
    export SDK_STAT_CACHE_PATH\=/tmp/fst-patch3-verify-full-20261002-1628-derived/SDKStatCaches.noindex/macosx26.2-25C58-00fa09913b459cbbc988d1f6730289ae.sdkstatcache
    export SDK_VERSION\=26.2
    export SDK_VERSION_ACTUAL\=260200
    export SDK_VERSION_MAJOR\=260000
    export SDK_VERSION_MINOR\=260200
    export SED\=/usr/bin/sed
    export SEPARATE_STRIP\=NO
    export SEPARATE_SYMBOL_EDIT\=NO
    export SET_DIR_MODE_OWNER_GROUP\=YES
    export SET_FILE_MODE_OWNER_GROUP\=NO
    export SHALLOW_BUNDLE\=NO
    export SHALLOW_BUNDLE_PLATFORM\=NO
    export SHALLOW_BUNDLE_TRIPLE\=macos
    export SHALLOW_BUNDLE_ios_macabi\=NO
    export SHALLOW_BUNDLE_macos\=NO
    export SHARED_DERIVED_FILE_DIR\=/tmp/fst-patch3-verify-full-20261002-1628-derived/Build/Products/Debug/DerivedSources
    export SHARED_FRAMEWORKS_FOLDER_PATH\=FishSockTransfer.app/Contents/SharedFrameworks
    export SHARED_PRECOMPS_DIR\=/tmp/fst-patch3-verify-full-20261002-1628-derived/Build/Intermediates.noindex/PrecompiledHeaders
    export SHARED_SUPPORT_FOLDER_PATH\=FishSockTransfer.app/Contents/SharedSupport
    export SKIP_INSTALL\=NO
    export SOURCE_ROOT\=/Users/cenvu/DEV/FST_V2/FishSockTransfer
    export SRCROOT\=/Users/cenvu/DEV/FST_V2/FishSockTransfer
    export STRINGSDATA_DIR\=/tmp/fst-patch3-verify-full-20261002-1628-derived/Build/Intermediates.noindex/FishSockTransfer.build/Debug/FishSockTransfer.build/Objects-normal/undefined_arch
    export STRINGSDATA_ROOT\=/tmp/fst-patch3-verify-full-20261002-1628-derived/Build/Intermediates.noindex/FishSockTransfer.build/Debug/FishSockTransfer.build
    export STRINGS_FILE_INFOPLIST_RENAME\=YES
    export STRINGS_FILE_OUTPUT_ENCODING\=UTF-16
    export STRING_CATALOG_GENERATE_SYMBOLS\=YES
    export STRIP_BITCODE_FROM_COPIED_FILES\=NO
    export STRIP_INSTALLED_PRODUCT\=NO
    export STRIP_PNG_TEXT\=NO
    export STRIP_STYLE\=all
    export STRIP_SWIFT_SYMBOLS\=YES
    export SUPPORTED_PLATFORMS\=macosx
    export SUPPORTS_MACCATALYST\=NO
    export SUPPORTS_ON_DEMAND_RESOURCES\=NO
    export SUPPORTS_TEXT_BASED_API\=NO
    export SUPPRESS_WARNINGS\=NO
    export SWIFT_ACTIVE_COMPILATION_CONDITIONS\=DEBUG\ 
    export SWIFT_APPROACHABLE_CONCURRENCY\=YES
    export SWIFT_DEFAULT_ACTOR_ISOLATION\=MainActor
    export SWIFT_EMIT_CONST_VALUE_PROTOCOLS\=AppIntent\ EntityQuery\ AppEntity\ TransientEntity\ AppEnum\ AppShortcutProviding\ AppShortcutsProvider\ AnyResolverProviding\ AppIntentsPackage\ DynamicOptionsProvider\ _IntentValueRepresentable\ _AssistantIntentsProvider\ _GenerativeFunctionExtractable\ IntentValueQuery\ Resolver\ AppExtension\ ExtensionPointDefining
    export SWIFT_EMIT_LOC_STRINGS\=YES
    export SWIFT_ENABLE_EXPLICIT_MODULES\=YES
    export SWIFT_OPTIMIZATION_LEVEL\=-Onone
    export SWIFT_PLATFORM_TARGET_PREFIX\=macos
    export SWIFT_RESPONSE_FILE_PATH_normal_arm64\=/tmp/fst-patch3-verify-full-20261002-1628-derived/Build/Intermediates.noindex/FishSockTransfer.build/Debug/FishSockTransfer.build/Objects-normal/arm64/FishSockTransfer.SwiftFileList
    export SWIFT_UPCOMING_FEATURE_MEMBER_IMPORT_VISIBILITY\=YES
    export SWIFT_VERSION\=5.0
    export SYMROOT\=/tmp/fst-patch3-verify-full-20261002-1628-derived/Build/Products
    export SYSTEM_ADMIN_APPS_DIR\=/Applications/Utilities
    export SYSTEM_APPS_DIR\=/Applications
    export SYSTEM_CORE_SERVICES_DIR\=/System/Library/CoreServices
    export SYSTEM_DEMOS_DIR\=/Applications/Extras
    export SYSTEM_DEVELOPER_APPS_DIR\=/Applications/Xcode.app/Contents/Developer/Applications
    export SYSTEM_DEVELOPER_BIN_DIR\=/Applications/Xcode.app/Contents/Developer/usr/bin
    export SYSTEM_DEVELOPER_DEMOS_DIR\=/Applications/Xcode.app/Contents/Developer/Applications/Utilities/Built\ Examples
    export SYSTEM_DEVELOPER_DIR\=/Applications/Xcode.app/Contents/Developer
    export SYSTEM_DEVELOPER_DOC_DIR\=/Applications/Xcode.app/Contents/Developer/ADC\ Reference\ Library
    export SYSTEM_DEVELOPER_GRAPHICS_TOOLS_DIR\=/Applications/Xcode.app/Contents/Developer/Applications/Graphics\ Tools
    export SYSTEM_DEVELOPER_JAVA_TOOLS_DIR\=/Applications/Xcode.app/Contents/Developer/Applications/Java\ Tools
    export SYSTEM_DEVELOPER_PERFORMANCE_TOOLS_DIR\=/Applications/Xcode.app/Contents/Developer/Applications/Performance\ Tools
    export SYSTEM_DEVELOPER_RELEASENOTES_DIR\=/Applications/Xcode.app/Contents/Developer/ADC\ Reference\ Library/releasenotes
    export SYSTEM_DEVELOPER_TOOLS\=/Applications/Xcode.app/Contents/Developer/Tools
    export SYSTEM_DEVELOPER_TOOLS_DOC_DIR\=/Applications/Xcode.app/Contents/Developer/ADC\ Reference\ Library/documentation/DeveloperTools
    export SYSTEM_DEVELOPER_TOOLS_RELEASENOTES_DIR\=/Applications/Xcode.app/Contents/Developer/ADC\ Reference\ Library/releasenotes/DeveloperTools
    export SYSTEM_DEVELOPER_USR_DIR\=/Applications/Xcode.app/Contents/Developer/usr
    export SYSTEM_DEVELOPER_UTILITIES_DIR\=/Applications/Xcode.app/Contents/Developer/Applications/Utilities
    export SYSTEM_DEXT_INSTALL_PATH\=/System/Library/DriverExtensions
    export SYSTEM_DOCUMENTATION_DIR\=/Library/Documentation
    export SYSTEM_EXTENSIONS_FOLDER_PATH\=FishSockTransfer.app/Contents/Library/SystemExtensions
    export SYSTEM_EXTENSIONS_FOLDER_PATH_SHALLOW_BUNDLE_NO\=FishSockTransfer.app/Contents/Library/SystemExtensions
    export SYSTEM_EXTENSIONS_FOLDER_PATH_SHALLOW_BUNDLE_YES\=FishSockTransfer.app/Contents/SystemExtensions
    export SYSTEM_KEXT_INSTALL_PATH\=/System/Library/Extensions
    export SYSTEM_LIBRARY_DIR\=/System/Library
    export TAPI_DEMANGLE\=YES
    export TAPI_ENABLE_PROJECT_HEADERS\=NO
    export TAPI_LANGUAGE\=objective-c
    export TAPI_LANGUAGE_STANDARD\=compiler-default
    export TAPI_USE_SRCROOT\=YES
    export TAPI_VERIFY_MODE\=Pedantic
    export TARGETNAME\=FishSockTransfer
    export TARGET_BUILD_DIR\=/tmp/fst-patch3-verify-full-20261002-1628-derived/Build/Products/Debug
    export TARGET_NAME\=FishSockTransfer
    export TARGET_TEMP_DIR\=/tmp/fst-patch3-verify-full-20261002-1628-derived/Build/Intermediates.noindex/FishSockTransfer.build/Debug/FishSockTransfer.build
    export TEMP_DIR\=/tmp/fst-patch3-verify-full-20261002-1628-derived/Build/Intermediates.noindex/FishSockTransfer.build/Debug/FishSockTransfer.build
    export TEMP_FILES_DIR\=/tmp/fst-patch3-verify-full-20261002-1628-derived/Build/Intermediates.noindex/FishSockTransfer.build/Debug/FishSockTransfer.build
    export TEMP_FILE_DIR\=/tmp/fst-patch3-verify-full-20261002-1628-derived/Build/Intermediates.noindex/FishSockTransfer.build/Debug/FishSockTransfer.build
    export TEMP_ROOT\=/tmp/fst-patch3-verify-full-20261002-1628-derived/Build/Intermediates.noindex
    export TEMP_SANDBOX_DIR\=/tmp/fst-patch3-verify-full-20261002-1628-derived/Build/Intermediates.noindex/TemporaryTaskSandboxes
    export TEST_FRAMEWORK_SEARCH_PATHS\=\ /Applications/Xcode.app/Contents/Developer/Platforms/MacOSX.platform/Developer/Library/Frameworks
    export TEST_LIBRARY_SEARCH_PATHS\=\ /Applications/Xcode.app/Contents/Developer/Platforms/MacOSX.platform/Developer/usr/lib
    export TOOLCHAINS\=com.apple.dt.toolchain.XcodeDefault
    export TOOLCHAIN_DIR\=/Applications/Xcode.app/Contents/Developer/Toolchains/XcodeDefault.xctoolchain
    export TREAT_MISSING_BASELINES_AS_TEST_FAILURES\=NO
    export TREAT_MISSING_SCRIPT_PHASE_OUTPUTS_AS_ERRORS\=NO
    export UID\=501
    export UNINSTALLED_PRODUCTS_DIR\=/tmp/fst-patch3-verify-full-20261002-1628-derived/Build/Intermediates.noindex/UninstalledProducts
    export UNLOCALIZED_RESOURCES_FOLDER_PATH\=FishSockTransfer.app/Contents/Resources
    export UNLOCALIZED_RESOURCES_FOLDER_PATH_SHALLOW_BUNDLE_NO\=FishSockTransfer.app/Contents/Resources
    export UNLOCALIZED_RESOURCES_FOLDER_PATH_SHALLOW_BUNDLE_YES\=FishSockTransfer.app/Contents
    export UNSTRIPPED_PRODUCT\=NO
    export USER\=cenvu
    export USER_APPS_DIR\=/Users/cenvu/Applications
    export USER_LIBRARY_DIR\=/Users/cenvu/Library
    export USE_DYNAMIC_NO_PIC\=YES
    export USE_HEADERMAP\=YES
    export USE_HEADER_SYMLINKS\=NO
    export VALIDATE_DEVELOPMENT_ASSET_PATHS\=YES_ERROR
    export VALIDATE_PRODUCT\=NO
    export VALID_ARCHS\=arm64\ arm64e\ i386\ x86_64
    export VERBOSE_PBXCP\=NO
    export VERSIONPLIST_PATH\=FishSockTransfer.app/Contents/version.plist
    export VERSION_INFO_BUILDER\=cenvu
    export VERSION_INFO_FILE\=FishSockTransfer_vers.c
    export VERSION_INFO_STRING\=\"@\(\#\)PROGRAM:FishSockTransfer\ \ PROJECT:FishSockTransfer-20260802\"
    export WORKSPACE_DIR\=/Users/cenvu/DEV/FST_V2/FishSockTransfer/FishSockTransfer.xcodeproj
    export WRAPPER_EXTENSION\=app
    export WRAPPER_NAME\=FishSockTransfer.app
    export WRAPPER_SUFFIX\=.app
    export WRAP_ASSET_PACKS_IN_SEPARATE_DIRECTORIES\=NO
    export XCODE_APP_SUPPORT_DIR\=/Applications/Xcode.app/Contents/Developer/Library/Xcode
    export XCODE_PRODUCT_BUILD_VERSION\=17C529
    export XCODE_VERSION_ACTUAL\=2630
    export XCODE_VERSION_MAJOR\=2600
    export XCODE_VERSION_MINOR\=2630
    export XPCSERVICES_FOLDER_PATH\=FishSockTransfer.app/Contents/XPCServices
    export YACC\=yacc
    export _BOOL_\=NO
    export _BOOL_NO\=NO
    export _BOOL_YES\=YES
    export _DEVELOPMENT_TEAM_IS_EMPTY\=YES
    export _DISCOVER_COMMAND_LINE_LINKER_INPUTS\=YES
    export _DISCOVER_COMMAND_LINE_LINKER_INPUTS_INCLUDE_WL\=YES
    export _IS_EMPTY_\=YES
    export _LD_MULTIARCH\=YES
    export _MACOSX_DEPLOYMENT_TARGET_IS_EMPTY\=NO
    export _WRAPPER_CONTENTS_DIR\=/Contents
    export _WRAPPER_CONTENTS_DIR_SHALLOW_BUNDLE_NO\=/Contents
    export _WRAPPER_PARENT_PATH\=/..
    export _WRAPPER_PARENT_PATH_SHALLOW_BUNDLE_NO\=/..
    export _WRAPPER_RESOURCES_DIR\=/Resources
    export _WRAPPER_RESOURCES_DIR_SHALLOW_BUNDLE_NO\=/Resources
    export __DIAGNOSE_DEPRECATED_ARCHS\=YES
    export __IS_NOT_MACOS\=NO
    export __IS_NOT_MACOS_macosx\=NO
    export __IS_NOT_SIMULATOR\=YES
    export __IS_NOT_SIMULATOR_simulator\=NO
    export arch\=undefined_arch
    export variant\=normal
    /usr/bin/sandbox-exec -D SCRIPT_OUTPUT_FILE_0\=/tmp/fst-patch3-verify-full-20261002-1628-derived/Build/Products/Debug/FishSockTransfer.app/Contents/Resources/libpopt.0.dylib -D SCRIPT_OUTPUT_FILE_1\=/tmp/fst-patch3-verify-full-20261002-1628-derived/Build/Products/Debug/FishSockTransfer.app/Contents/Resources/liblz4.1.dylib -D SCRIPT_OUTPUT_FILE_2\=/tmp/fst-patch3-verify-full-20261002-1628-derived/Build/Products/Debug/FishSockTransfer.app/Contents/Resources/libzstd.1.dylib -D SCRIPT_OUTPUT_FILE_3\=/tmp/fst-patch3-verify-full-20261002-1628-derived/Build/Products/Debug/FishSockTransfer.app/Contents/Resources/libxxhash.0.dylib -D SCRIPT_OUTPUT_FILE_4\=/tmp/fst-patch3-verify-full-20261002-1628-derived/Build/Products/Debug/FishSockTransfer.app/Contents/Resources/libcrypto.3.dylib -D SCRIPT_INPUT_FILE_0\=/Users/cenvu/DEV/FST_V2/FishSockTransfer/FishSockTransfer/libpopt.0.dylib -D SCRIPT_INPUT_FILE_1\=/Users/cenvu/DEV/FST_V2/FishSockTransfer/FishSockTransfer/liblz4.1.dylib -D SCRIPT_INPUT_FILE_2\=/Users/cenvu/DEV/FST_V2/FishSockTransfer/FishSockTransfer/libzstd.1.dylib -D SCRIPT_INPUT_FILE_3\=/Users/cenvu/DEV/FST_V2/FishSockTransfer/FishSockTransfer/libxxhash.0.dylib -D SCRIPT_INPUT_FILE_4\=/Users/cenvu/DEV/FST_V2/FishSockTransfer/FishSockTransfer/libcrypto.3.dylib -D SCRIPT_INPUT_FILE_5\=/tmp/fst-patch3-verify-full-20261002-1628-derived/Build/Intermediates.noindex/FishSockTransfer.build/Debug/FishSockTransfer.build/Script-7D9475CD2FDF280000F41AE2.sh -D SCRIPT_INPUT_ANCESTOR_0\=/ -D SCRIPT_INPUT_ANCESTOR_1\=/Users -D SCRIPT_INPUT_ANCESTOR_2\=/Users/cenvu -D SCRIPT_INPUT_ANCESTOR_3\=/Users/cenvu/DEV -D SCRIPT_INPUT_ANCESTOR_4\=/Users/cenvu/DEV/FST_V2 -D SCRIPT_INPUT_ANCESTOR_5\=/Users/cenvu/DEV/FST_V2/FishSockTransfer -D SCRIPT_INPUT_ANCESTOR_6\=/Users/cenvu/DEV/FST_V2/FishSockTransfer/FishSockTransfer -D SCRIPT_INPUT_ANCESTOR_7\=/tmp -D SCRIPT_INPUT_ANCESTOR_8\=/tmp/fst-patch3-verify-full-20261002-1628-derived -D SCRIPT_INPUT_ANCESTOR_9\=/tmp/fst-patch3-verify-full-20261002-1628-derived/Build -D SCRIPT_INPUT_ANCESTOR_10\=/tmp/fst-patch3-verify-full-20261002-1628-derived/Build/Intermediates.noindex -D SCRIPT_INPUT_ANCESTOR_11\=/tmp/fst-patch3-verify-full-20261002-1628-derived/Build/Intermediates.noindex/FishSockTransfer.build -D SCRIPT_INPUT_ANCESTOR_12\=/tmp/fst-patch3-verify-full-20261002-1628-derived/Build/Intermediates.noindex/FishSockTransfer.build/Debug -D SCRIPT_INPUT_ANCESTOR_13\=/tmp/fst-patch3-verify-full-20261002-1628-derived/Build/Intermediates.noindex/FishSockTransfer.build/Debug/FishSockTransfer.build -D SCRIPT_OUTPUT_ANCESTOR_0\=/ -D SCRIPT_OUTPUT_ANCESTOR_1\=/tmp -D SCRIPT_OUTPUT_ANCESTOR_2\=/tmp/fst-patch3-verify-full-20261002-1628-derived -D SCRIPT_OUTPUT_ANCESTOR_3\=/tmp/fst-patch3-verify-full-20261002-1628-derived/Build -D SCRIPT_OUTPUT_ANCESTOR_4\=/tmp/fst-patch3-verify-full-20261002-1628-derived/Build/Products -D SCRIPT_OUTPUT_ANCESTOR_5\=/tmp/fst-patch3-verify-full-20261002-1628-derived/Build/Products/Debug -D SCRIPT_OUTPUT_ANCESTOR_6\=/tmp/fst-patch3-verify-full-20261002-1628-derived/Build/Products/Debug/FishSockTransfer.app -D SCRIPT_OUTPUT_ANCESTOR_7\=/tmp/fst-patch3-verify-full-20261002-1628-derived/Build/Products/Debug/FishSockTransfer.app/Contents -D SCRIPT_OUTPUT_ANCESTOR_8\=/tmp/fst-patch3-verify-full-20261002-1628-derived/Build/Products/Debug/FishSockTransfer.app/Contents/Resources -D SRCROOT\=/Users/cenvu/DEV/FST_V2/FishSockTransfer -D PROJECT_DIR\=/Users/cenvu/DEV/FST_V2/FishSockTransfer -D OBJROOT\=/tmp/fst-patch3-verify-full-20261002-1628-derived/Build/Intermediates.noindex -D SYMROOT\=/tmp/fst-patch3-verify-full-20261002-1628-derived/Build/Products -D DSTROOT\=/tmp/FishSockTransfer.dst -D SHARED_PRECOMPS_DIR\=/tmp/fst-patch3-verify-full-20261002-1628-derived/Build/Intermediates.noindex/PrecompiledHeaders -D CACHE_ROOT\=/var/folders/89/bwjml4px7bd8_gc4y493myh80000gn/C/com.apple.DeveloperTools/26.3-17C529/Xcode -D CONFIGURATION_BUILD_DIR\=/tmp/fst-patch3-verify-full-20261002-1628-derived/Build/Products/Debug -D CONFIGURATION_TEMP_DIR\=/tmp/fst-patch3-verify-full-20261002-1628-derived/Build/Intermediates.noindex/FishSockTransfer.build/Debug -D LOCROOT\=/Users/cenvu/DEV/FST_V2/FishSockTransfer -D LOCSYMROOT\=/Users/cenvu/DEV/FST_V2/FishSockTransfer -D INDEX_PRECOMPS_DIR\=/tmp/fst-patch3-verify-full-20261002-1628-derived/Index.noindex/PrecompiledHeaders -D INDEX_DATA_STORE_DIR\=/tmp/fst-patch3-verify-full-20261002-1628-derived/Index.noindex/DataStore -D TEMP_DIR\=/tmp/fst-patch3-verify-full-20261002-1628-derived/Build/Intermediates.noindex/FishSockTransfer.build/Debug/FishSockTransfer.build -D TARGET_TEMP_DIR\=/tmp/fst-patch3-verify-full-20261002-1628-derived/Build/Intermediates.noindex/FishSockTransfer.build/Debug/FishSockTransfer.build -D DERIVED_FILE_DIR\=/tmp/fst-patch3-verify-full-20261002-1628-derived/Build/Intermediates.noindex/FishSockTransfer.build/Debug/FishSockTransfer.build/DerivedSources -f /tmp/fst-patch3-verify-full-20261002-1628-derived/Build/Intermediates.noindex/FishSockTransfer.build/Debug/FishSockTransfer.build/78a228f84be78e22c2b683ac3fa86c67.sb /bin/sh -c /tmp/fst-patch3-verify-full-20261002-1628-derived/Build/Intermediates.noindex/FishSockTransfer.build/Debug/FishSockTransfer.build/Script-7D9475CD2FDF280000F41AE2.sh

CopySwiftLibs /tmp/fst-patch3-verify-full-20261002-1628-derived/Build/Products/Debug/FishSockTransfer.app (in target 'FishSockTransfer' from project 'FishSockTransfer')
    cd /Users/cenvu/DEV/FST_V2/FishSockTransfer
    builtin-swiftStdLibTool --copy --verbose --sign - --scan-executable /tmp/fst-patch3-verify-full-20261002-1628-derived/Build/Products/Debug/FishSockTransfer.app/Contents/MacOS/FishSockTransfer.debug.dylib --scan-folder /tmp/fst-patch3-verify-full-20261002-1628-derived/Build/Products/Debug/FishSockTransfer.app/Contents/Frameworks --scan-folder /tmp/fst-patch3-verify-full-20261002-1628-derived/Build/Products/Debug/FishSockTransfer.app/Contents/PlugIns --scan-folder /tmp/fst-patch3-verify-full-20261002-1628-derived/Build/Products/Debug/FishSockTransfer.app/Contents/Library/SystemExtensions --scan-folder /tmp/fst-patch3-verify-full-20261002-1628-derived/Build/Products/Debug/FishSockTransfer.app/Contents/Extensions --platform macosx --toolchain /Applications/Xcode.app/Contents/Developer/Toolchains/XcodeDefault.xctoolchain --destination /tmp/fst-patch3-verify-full-20261002-1628-derived/Build/Products/Debug/FishSockTransfer.app/Contents/Frameworks --strip-bitcode --strip-bitcode-tool /Applications/Xcode.app/Contents/Developer/Toolchains/XcodeDefault.xctoolchain/usr/bin/bitcode_strip --emit-dependency-info /tmp/fst-patch3-verify-full-20261002-1628-derived/Build/Intermediates.noindex/FishSockTransfer.build/Debug/FishSockTransfer.build/SwiftStdLibToolInputDependencies.dep --filter-for-swift-os --back-deploy-swift-span

ExtractAppIntentsMetadata (in target 'FishSockTransfer' from project 'FishSockTransfer')
    cd /Users/cenvu/DEV/FST_V2/FishSockTransfer
    /Applications/Xcode.app/Contents/Developer/Toolchains/XcodeDefault.xctoolchain/usr/bin/appintentsmetadataprocessor --toolchain-dir /Applications/Xcode.app/Contents/Developer/Toolchains/XcodeDefault.xctoolchain --module-name FishSockTransfer --sdk-root /Applications/Xcode.app/Contents/Developer/Platforms/MacOSX.platform/Developer/SDKs/MacOSX26.2.sdk --xcode-version 17C529 --platform-family macOS --deployment-target 13.5 --bundle-identifier com.cen.FishSockTransfer --output /tmp/fst-patch3-verify-full-20261002-1628-derived/Build/Products/Debug/FishSockTransfer.app/Contents/Resources --target-triple arm64-apple-macos13.5 --binary-file /tmp/fst-patch3-verify-full-20261002-1628-derived/Build/Products/Debug/FishSockTransfer.app/Contents/MacOS/FishSockTransfer --dependency-file /tmp/fst-patch3-verify-full-20261002-1628-derived/Build/Intermediates.noindex/FishSockTransfer.build/Debug/FishSockTransfer.build/Objects-normal/arm64/FishSockTransfer_dependency_info.dat --stringsdata-file /tmp/fst-patch3-verify-full-20261002-1628-derived/Build/Intermediates.noindex/FishSockTransfer.build/Debug/FishSockTransfer.build/Objects-normal/arm64/ExtractedAppShortcutsMetadata.stringsdata --source-file-list /tmp/fst-patch3-verify-full-20261002-1628-derived/Build/Intermediates.noindex/FishSockTransfer.build/Debug/FishSockTransfer.build/Objects-normal/arm64/FishSockTransfer.SwiftFileList --metadata-file-list /tmp/fst-patch3-verify-full-20261002-1628-derived/Build/Intermediates.noindex/FishSockTransfer.build/Debug/FishSockTransfer.build/FishSockTransfer.DependencyMetadataFileList --static-metadata-file-list /tmp/fst-patch3-verify-full-20261002-1628-derived/Build/Intermediates.noindex/FishSockTransfer.build/Debug/FishSockTransfer.build/FishSockTransfer.DependencyStaticMetadataFileList --swift-const-vals-list /tmp/fst-patch3-verify-full-20261002-1628-derived/Build/Intermediates.noindex/FishSockTransfer.build/Debug/FishSockTransfer.build/Objects-normal/arm64/FishSockTransfer.SwiftConstValuesFileList --compile-time-extraction --deployment-aware-processing --validate-assistant-intents --no-app-shortcuts-localization
2026-10-02 16:27:57.947 appintentsmetadataprocessor[63148:85506208] Starting appintentsmetadataprocessor export
2026-10-02 16:27:57.948 appintentsmetadataprocessor[63148:85506208] warning: Metadata extraction skipped. No AppIntents.framework dependency found.

CodeSign /tmp/fst-patch3-verify-full-20261002-1628-derived/Build/Products/Debug/FishSockTransfer.app/Contents/MacOS/FishSockTransfer.debug.dylib (in target 'FishSockTransfer' from project 'FishSockTransfer')
    cd /Users/cenvu/DEV/FST_V2/FishSockTransfer
    
    Signing Identity:     "Sign to Run Locally"
    
    /usr/bin/codesign --force --sign - --timestamp\=none --generate-entitlement-der /tmp/fst-patch3-verify-full-20261002-1628-derived/Build/Products/Debug/FishSockTransfer.app/Contents/MacOS/FishSockTransfer.debug.dylib

CodeSign /tmp/fst-patch3-verify-full-20261002-1628-derived/Build/Products/Debug/FishSockTransfer.app/Contents/MacOS/__preview.dylib (in target 'FishSockTransfer' from project 'FishSockTransfer')
    cd /Users/cenvu/DEV/FST_V2/FishSockTransfer
    
    Signing Identity:     "Sign to Run Locally"
    
    /usr/bin/codesign --force --sign - --timestamp\=none --generate-entitlement-der /tmp/fst-patch3-verify-full-20261002-1628-derived/Build/Products/Debug/FishSockTransfer.app/Contents/MacOS/__preview.dylib

CodeSign /tmp/fst-patch3-verify-full-20261002-1628-derived/Build/Products/Debug/FishSockTransfer.app (in target 'FishSockTransfer' from project 'FishSockTransfer')
    cd /Users/cenvu/DEV/FST_V2/FishSockTransfer
    
    Signing Identity:     "Sign to Run Locally"
    
    /usr/bin/codesign --force --sign - --entitlements /tmp/fst-patch3-verify-full-20261002-1628-derived/Build/Intermediates.noindex/FishSockTransfer.build/Debug/FishSockTransfer.build/FishSockTransfer.app.xcent --timestamp\=none --generate-entitlement-der /tmp/fst-patch3-verify-full-20261002-1628-derived/Build/Products/Debug/FishSockTransfer.app

RegisterExecutionPolicyException /tmp/fst-patch3-verify-full-20261002-1628-derived/Build/Products/Debug/FishSockTransfer.app (in target 'FishSockTransfer' from project 'FishSockTransfer')
    cd /Users/cenvu/DEV/FST_V2/FishSockTransfer
    builtin-RegisterExecutionPolicyException /tmp/fst-patch3-verify-full-20261002-1628-derived/Build/Products/Debug/FishSockTransfer.app

Validate /tmp/fst-patch3-verify-full-20261002-1628-derived/Build/Products/Debug/FishSockTransfer.app (in target 'FishSockTransfer' from project 'FishSockTransfer')
    cd /Users/cenvu/DEV/FST_V2/FishSockTransfer
    builtin-validationUtility /tmp/fst-patch3-verify-full-20261002-1628-derived/Build/Products/Debug/FishSockTransfer.app -no-validate-extension -infoplist-subpath Contents/Info.plist

Touch /tmp/fst-patch3-verify-full-20261002-1628-derived/Build/Products/Debug/FishSockTransfer.app (in target 'FishSockTransfer' from project 'FishSockTransfer')
    cd /Users/cenvu/DEV/FST_V2/FishSockTransfer
    /usr/bin/touch -c /tmp/fst-patch3-verify-full-20261002-1628-derived/Build/Products/Debug/FishSockTransfer.app

RegisterWithLaunchServices /tmp/fst-patch3-verify-full-20261002-1628-derived/Build/Products/Debug/FishSockTransfer.app (in target 'FishSockTransfer' from project 'FishSockTransfer')
    cd /Users/cenvu/DEV/FST_V2/FishSockTransfer
    /System/Library/Frameworks/CoreServices.framework/Versions/Current/Frameworks/LaunchServices.framework/Versions/Current/Support/lsregister -f -R -trusted /tmp/fst-patch3-verify-full-20261002-1628-derived/Build/Products/Debug/FishSockTransfer.app

SwiftDriverJobDiscovery normal arm64 Compiling MetadataOnlySourceSafetyXCTests.swift, VerificationHashStrategyXCTests.swift, TransferViewModelRuntimeXCTests.swift, RsyncBandwidthLimit.swift (in target 'FishSockTransferTests' from project 'FishSockTransfer')

SwiftDriver\ Compilation FishSockTransferTests normal arm64 com.apple.xcode.tools.swift.compiler (in target 'FishSockTransferTests' from project 'FishSockTransfer')
    cd /Users/cenvu/DEV/FST_V2/FishSockTransfer
    builtin-Swift-Compilation -- /Applications/Xcode.app/Contents/Developer/Toolchains/XcodeDefault.xctoolchain/usr/bin/swiftc -module-name FishSockTransferTests -Onone -enforce-exclusivity\=checked @/tmp/fst-patch3-verify-full-20261002-1628-derived/Build/Intermediates.noindex/FishSockTransfer.build/Debug/FishSockTransferTests.build/Objects-normal/arm64/FishSockTransferTests.SwiftFileList -DDEBUG -plugin-path /Applications/Xcode.app/Contents/Developer/Toolchains/XcodeDefault.xctoolchain/usr/lib/swift/host/plugins/testing -enable-bare-slash-regex -enable-experimental-feature DebugDescriptionMacro -sdk /Applications/Xcode.app/Contents/Developer/Platforms/MacOSX.platform/Developer/SDKs/MacOSX26.2.sdk -target arm64-apple-macos13.5 -g -module-cache-path /tmp/fst-patch3-verify-full-20261002-1628-derived/ModuleCache.noindex -Xfrontend -serialize-debugging-options -profile-coverage-mapping -profile-generate -enable-testing -index-store-path /tmp/fst-patch3-verify-full-20261002-1628-derived/Index.noindex/DataStore -Xcc -D_LIBCPP_HARDENING_MODE\=_LIBCPP_HARDENING_MODE_DEBUG -swift-version 5 -I /tmp/fst-patch3-verify-full-20261002-1628-derived/Build/Products/Debug -Isystem /Applications/Xcode.app/Contents/Developer/Platforms/MacOSX.platform/Developer/usr/lib -F /tmp/fst-patch3-verify-full-20261002-1628-derived/Build/Products/Debug -F /Applications/Xcode.app/Contents/Developer/Platforms/MacOSX.platform/Developer/Library/Frameworks -c -j10 -enable-batch-mode -incremental -Xcc -ivfsstatcache -Xcc /tmp/fst-patch3-verify-full-20261002-1628-derived/SDKStatCaches.noindex/macosx26.2-25C58-00fa09913b459cbbc988d1f6730289ae.sdkstatcache -output-file-map /tmp/fst-patch3-verify-full-20261002-1628-derived/Build/Intermediates.noindex/FishSockTransfer.build/Debug/FishSockTransferTests.build/Objects-normal/arm64/FishSockTransferTests-OutputFileMap.json -use-frontend-parseable-output -save-temps -no-color-diagnostics -explicit-module-build -module-cache-path /tmp/fst-patch3-verify-full-20261002-1628-derived/Build/Intermediates.noindex/SwiftExplicitPrecompiledModules -clang-scanner-module-cache-path /tmp/fst-patch3-verify-full-20261002-1628-derived/ModuleCache.noindex -sdk-module-cache-path /tmp/fst-patch3-verify-full-20261002-1628-derived/ModuleCache.noindex -serialize-diagnostics -emit-dependencies -emit-module -emit-module-path /tmp/fst-patch3-verify-full-20261002-1628-derived/Build/Intermediates.noindex/FishSockTransfer.build/Debug/FishSockTransferTests.build/Objects-normal/arm64/FishSockTransferTests.swiftmodule -validate-clang-modules-once -clang-build-session-file /tmp/fst-patch3-verify-full-20261002-1628-derived/ModuleCache.noindex/Session.modulevalidation -Xcc -I/tmp/fst-patch3-verify-full-20261002-1628-derived/Build/Intermediates.noindex/FishSockTransfer.build/Debug/FishSockTransferTests.build/swift-overrides.hmap -emit-const-values -Xfrontend -const-gather-protocols-file -Xfrontend /tmp/fst-patch3-verify-full-20261002-1628-derived/Build/Intermediates.noindex/FishSockTransfer.build/Debug/FishSockTransferTests.build/Objects-normal/arm64/FishSockTransferTests_const_extract_protocols.json -Xcc -iquote -Xcc /tmp/fst-patch3-verify-full-20261002-1628-derived/Build/Intermediates.noindex/FishSockTransfer.build/Debug/FishSockTransferTests.build/FishSockTransferTests-generated-files.hmap -Xcc -I/tmp/fst-patch3-verify-full-20261002-1628-derived/Build/Intermediates.noindex/FishSockTransfer.build/Debug/FishSockTransferTests.build/FishSockTransferTests-own-target-headers.hmap -Xcc -I/tmp/fst-patch3-verify-full-20261002-1628-derived/Build/Intermediates.noindex/FishSockTransfer.build/Debug/FishSockTransferTests.build/FishSockTransferTests-all-target-headers.hmap -Xcc -iquote -Xcc /tmp/fst-patch3-verify-full-20261002-1628-derived/Build/Intermediates.noindex/FishSockTransfer.build/Debug/FishSockTransferTests.build/FishSockTransferTests-project-headers.hmap -Xcc -I/tmp/fst-patch3-verify-full-20261002-1628-derived/Build/Products/Debug/include -Xcc -I/tmp/fst-patch3-verify-full-20261002-1628-derived/Build/Intermediates.noindex/FishSockTransfer.build/Debug/FishSockTransferTests.build/DerivedSources-normal/arm64 -Xcc -I/tmp/fst-patch3-verify-full-20261002-1628-derived/Build/Intermediates.noindex/FishSockTransfer.build/Debug/FishSockTransferTests.build/DerivedSources/arm64 -Xcc -I/tmp/fst-patch3-verify-full-20261002-1628-derived/Build/Intermediates.noindex/FishSockTransfer.build/Debug/FishSockTransferTests.build/DerivedSources -Xcc -DDEBUG\=1 -emit-objc-header -emit-objc-header-path /tmp/fst-patch3-verify-full-20261002-1628-derived/Build/Intermediates.noindex/FishSockTransfer.build/Debug/FishSockTransferTests.build/Objects-normal/arm64/FishSockTransferTests-Swift.h -working-directory /Users/cenvu/DEV/FST_V2/FishSockTransfer -experimental-emit-module-separately -disable-cmo

Ld /tmp/fst-patch3-verify-full-20261002-1628-derived/Build/Products/Debug/FishSockTransferTests.xctest/Contents/MacOS/FishSockTransferTests normal (in target 'FishSockTransferTests' from project 'FishSockTransfer')
    cd /Users/cenvu/DEV/FST_V2/FishSockTransfer
    /Applications/Xcode.app/Contents/Developer/Toolchains/XcodeDefault.xctoolchain/usr/bin/clang -Xlinker -reproducible -target arm64-apple-macos13.5 -bundle -isysroot /Applications/Xcode.app/Contents/Developer/Platforms/MacOSX.platform/Developer/SDKs/MacOSX26.2.sdk -O0 -L/tmp/fst-patch3-verify-full-20261002-1628-derived/Build/Intermediates.noindex/EagerLinkingTBDs/Debug -L/tmp/fst-patch3-verify-full-20261002-1628-derived/Build/Products/Debug -L/Applications/Xcode.app/Contents/Developer/Platforms/MacOSX.platform/Developer/usr/lib -F/tmp/fst-patch3-verify-full-20261002-1628-derived/Build/Intermediates.noindex/EagerLinkingTBDs/Debug -F/tmp/fst-patch3-verify-full-20261002-1628-derived/Build/Products/Debug -iframework /Applications/Xcode.app/Contents/Developer/Platforms/MacOSX.platform/Developer/Library/Frameworks -filelist /tmp/fst-patch3-verify-full-20261002-1628-derived/Build/Intermediates.noindex/FishSockTransfer.build/Debug/FishSockTransferTests.build/Objects-normal/arm64/FishSockTransferTests.LinkFileList -Xlinker -rpath -Xlinker /usr/lib/swift -Xlinker -rpath -Xlinker @loader_path/../Frameworks -Xlinker -object_path_lto -Xlinker /tmp/fst-patch3-verify-full-20261002-1628-derived/Build/Intermediates.noindex/FishSockTransfer.build/Debug/FishSockTransferTests.build/Objects-normal/arm64/FishSockTransferTests_lto.o -rdynamic -Xlinker -no_deduplicate -Xlinker -debug_variant -Xlinker -dependency_info -Xlinker /tmp/fst-patch3-verify-full-20261002-1628-derived/Build/Intermediates.noindex/FishSockTransfer.build/Debug/FishSockTransferTests.build/Objects-normal/arm64/FishSockTransferTests_dependency_info.dat -fobjc-link-runtime -fprofile-instr-generate -L/Applications/Xcode.app/Contents/Developer/Toolchains/XcodeDefault.xctoolchain/usr/lib/swift/macosx -L/usr/lib/swift -Xlinker -add_ast_path -Xlinker /tmp/fst-patch3-verify-full-20261002-1628-derived/Build/Intermediates.noindex/FishSockTransfer.build/Debug/FishSockTransferTests.build/Objects-normal/arm64/FishSockTransferTests.swiftmodule @/tmp/fst-patch3-verify-full-20261002-1628-derived/Build/Intermediates.noindex/FishSockTransfer.build/Debug/FishSockTransferTests.build/Objects-normal/arm64/FishSockTransferTests-linker-args.resp -Xlinker -needed_framework -Xlinker XCTest -framework XCTest -Xlinker -needed-lXCTestSwiftSupport -lXCTestSwiftSupport -Xlinker -no_adhoc_codesign -o /tmp/fst-patch3-verify-full-20261002-1628-derived/Build/Products/Debug/FishSockTransferTests.xctest/Contents/MacOS/FishSockTransferTests
ld: warning: building for macOS-13.5, but linking with dylib '@rpath/XCTest.framework/Versions/A/XCTest' which was built for newer version 14.0
ld: warning: building for macOS-13.5, but linking with dylib '@rpath/libXCTestSwiftSupport.dylib' which was built for newer version 14.0

ExtractAppIntentsMetadata (in target 'FishSockTransferTests' from project 'FishSockTransfer')
    cd /Users/cenvu/DEV/FST_V2/FishSockTransfer
    /Applications/Xcode.app/Contents/Developer/Toolchains/XcodeDefault.xctoolchain/usr/bin/appintentsmetadataprocessor --toolchain-dir /Applications/Xcode.app/Contents/Developer/Toolchains/XcodeDefault.xctoolchain --module-name FishSockTransferTests --sdk-root /Applications/Xcode.app/Contents/Developer/Platforms/MacOSX.platform/Developer/SDKs/MacOSX26.2.sdk --xcode-version 17C529 --platform-family macOS --deployment-target 13.5 --bundle-identifier com.cen.FishSockTransferTests --output /tmp/fst-patch3-verify-full-20261002-1628-derived/Build/Products/Debug/FishSockTransferTests.xctest/Contents/Resources --target-triple arm64-apple-macos13.5 --binary-file /tmp/fst-patch3-verify-full-20261002-1628-derived/Build/Products/Debug/FishSockTransferTests.xctest/Contents/MacOS/FishSockTransferTests --dependency-file /tmp/fst-patch3-verify-full-20261002-1628-derived/Build/Intermediates.noindex/FishSockTransfer.build/Debug/FishSockTransferTests.build/Objects-normal/arm64/FishSockTransferTests_dependency_info.dat --stringsdata-file /tmp/fst-patch3-verify-full-20261002-1628-derived/Build/Intermediates.noindex/FishSockTransfer.build/Debug/FishSockTransferTests.build/Objects-normal/arm64/ExtractedAppShortcutsMetadata.stringsdata --source-file-list /tmp/fst-patch3-verify-full-20261002-1628-derived/Build/Intermediates.noindex/FishSockTransfer.build/Debug/FishSockTransferTests.build/Objects-normal/arm64/FishSockTransferTests.SwiftFileList --metadata-file-list /tmp/fst-patch3-verify-full-20261002-1628-derived/Build/Intermediates.noindex/FishSockTransfer.build/Debug/FishSockTransferTests.build/FishSockTransferTests.DependencyMetadataFileList --static-metadata-file-list /tmp/fst-patch3-verify-full-20261002-1628-derived/Build/Intermediates.noindex/FishSockTransfer.build/Debug/FishSockTransferTests.build/FishSockTransferTests.DependencyStaticMetadataFileList --swift-const-vals-list /tmp/fst-patch3-verify-full-20261002-1628-derived/Build/Intermediates.noindex/FishSockTransfer.build/Debug/FishSockTransferTests.build/Objects-normal/arm64/FishSockTransferTests.SwiftConstValuesFileList --compile-time-extraction --deployment-aware-processing --validate-assistant-intents --no-app-shortcuts-localization
2026-10-02 16:27:58.765 appintentsmetadataprocessor[63158:85506295] Starting appintentsmetadataprocessor export
2026-10-02 16:27:58.767 appintentsmetadataprocessor[63158:85506295] warning: Metadata extraction skipped. No AppIntents.framework dependency found.

CopySwiftLibs /tmp/fst-patch3-verify-full-20261002-1628-derived/Build/Products/Debug/FishSockTransferTests.xctest (in target 'FishSockTransferTests' from project 'FishSockTransfer')
    cd /Users/cenvu/DEV/FST_V2/FishSockTransfer
    builtin-swiftStdLibTool --copy --verbose --sign - --scan-executable /tmp/fst-patch3-verify-full-20261002-1628-derived/Build/Products/Debug/FishSockTransferTests.xctest/Contents/MacOS/FishSockTransferTests --scan-folder /tmp/fst-patch3-verify-full-20261002-1628-derived/Build/Products/Debug/FishSockTransferTests.xctest/Contents/Frameworks --scan-folder /tmp/fst-patch3-verify-full-20261002-1628-derived/Build/Products/Debug/FishSockTransferTests.xctest/Contents/PlugIns --scan-folder /tmp/fst-patch3-verify-full-20261002-1628-derived/Build/Products/Debug/FishSockTransferTests.xctest/Contents/Library/SystemExtensions --scan-folder /tmp/fst-patch3-verify-full-20261002-1628-derived/Build/Products/Debug/FishSockTransferTests.xctest/Contents/Extensions --platform macosx --toolchain /Applications/Xcode.app/Contents/Developer/Toolchains/XcodeDefault.xctoolchain --destination /tmp/fst-patch3-verify-full-20261002-1628-derived/Build/Products/Debug/FishSockTransferTests.xctest/Contents/Frameworks --strip-bitcode --scan-executable /Applications/Xcode.app/Contents/Developer/Platforms/MacOSX.platform/Developer/usr/lib/libXCTestSwiftSupport.dylib --strip-bitcode-tool /Applications/Xcode.app/Contents/Developer/Toolchains/XcodeDefault.xctoolchain/usr/bin/bitcode_strip --emit-dependency-info /tmp/fst-patch3-verify-full-20261002-1628-derived/Build/Intermediates.noindex/FishSockTransfer.build/Debug/FishSockTransferTests.build/SwiftStdLibToolInputDependencies.dep --filter-for-swift-os --back-deploy-swift-span

CodeSign /tmp/fst-patch3-verify-full-20261002-1628-derived/Build/Products/Debug/FishSockTransferTests.xctest (in target 'FishSockTransferTests' from project 'FishSockTransfer')
    cd /Users/cenvu/DEV/FST_V2/FishSockTransfer
    
    Signing Identity:     "Sign to Run Locally"
    
    /usr/bin/codesign --force --sign - --timestamp\=none --generate-entitlement-der /tmp/fst-patch3-verify-full-20261002-1628-derived/Build/Products/Debug/FishSockTransferTests.xctest

RegisterExecutionPolicyException /tmp/fst-patch3-verify-full-20261002-1628-derived/Build/Products/Debug/FishSockTransferTests.xctest (in target 'FishSockTransferTests' from project 'FishSockTransfer')
    cd /Users/cenvu/DEV/FST_V2/FishSockTransfer
    builtin-RegisterExecutionPolicyException /tmp/fst-patch3-verify-full-20261002-1628-derived/Build/Products/Debug/FishSockTransferTests.xctest

Touch /tmp/fst-patch3-verify-full-20261002-1628-derived/Build/Products/Debug/FishSockTransferTests.xctest (in target 'FishSockTransferTests' from project 'FishSockTransfer')
    cd /Users/cenvu/DEV/FST_V2/FishSockTransfer
    /usr/bin/touch -c /tmp/fst-patch3-verify-full-20261002-1628-derived/Build/Products/Debug/FishSockTransferTests.xctest

Test Suite 'All tests' started at 2026-10-02 16:28:00.397.
Test Suite 'FishSockTransferTests.xctest' started at 2026-10-02 16:28:00.398.
Test Suite 'AppUpdateServiceXCTests' started at 2026-10-02 16:28:00.399.
Test Case '-[FishSockTransferTests.AppUpdateServiceXCTests testEmptyRepositoryFailsGracefullyWithoutNetworkRequest]' started.
Test Case '-[FishSockTransferTests.AppUpdateServiceXCTests testEmptyRepositoryFailsGracefullyWithoutNetworkRequest]' passed (0.010 seconds).
Test Case '-[FishSockTransferTests.AppUpdateServiceXCTests testInvalidJSONFails]' started.
Test Case '-[FishSockTransferTests.AppUpdateServiceXCTests testInvalidJSONFails]' passed (0.004 seconds).
Test Case '-[FishSockTransferTests.AppUpdateServiceXCTests testMalformedLatestVersionFails]' started.
Test Case '-[FishSockTransferTests.AppUpdateServiceXCTests testMalformedLatestVersionFails]' passed (0.002 seconds).
Test Case '-[FishSockTransferTests.AppUpdateServiceXCTests testUpdateAvailableSelectsPreferredDownloadAsset]' started.
Test Case '-[FishSockTransferTests.AppUpdateServiceXCTests testUpdateAvailableSelectsPreferredDownloadAsset]' passed (0.002 seconds).
Test Case '-[FishSockTransferTests.AppUpdateServiceXCTests testUpToDateWhenLatestIsNotNewer]' started.
Test Case '-[FishSockTransferTests.AppUpdateServiceXCTests testUpToDateWhenLatestIsNotNewer]' passed (0.001 seconds).
Test Suite 'AppUpdateServiceXCTests' passed at 2026-10-02 16:28:00.422.
	 Executed 5 tests, with 0 failures (0 unexpected) in 0.020 (0.023) seconds
Test Suite 'BundledRsyncServiceXCTests' started at 2026-10-02 16:28:00.422.
Test Case '-[FishSockTransferTests.BundledRsyncServiceXCTests testHangingVersionCommandTimesOut]' started.
Test Case '-[FishSockTransferTests.BundledRsyncServiceXCTests testHangingVersionCommandTimesOut]' passed (2.012 seconds).
Test Case '-[FishSockTransferTests.BundledRsyncServiceXCTests testMalformedImpersonatorOutputFailsFast]' started.
Test Case '-[FishSockTransferTests.BundledRsyncServiceXCTests testMalformedImpersonatorOutputFailsFast]' passed (0.005 seconds).
Test Case '-[FishSockTransferTests.BundledRsyncServiceXCTests testMissingBundledRsyncFailsFast]' started.
Test Case '-[FishSockTransferTests.BundledRsyncServiceXCTests testMissingBundledRsyncFailsFast]' passed (0.001 seconds).
Test Case '-[FishSockTransferTests.BundledRsyncServiceXCTests testNonExecutableBundledRsyncFailsFast]' started.
Test Case '-[FishSockTransferTests.BundledRsyncServiceXCTests testNonExecutableBundledRsyncFailsFast]' passed (0.002 seconds).
Test Case '-[FishSockTransferTests.BundledRsyncServiceXCTests testValidBundledRsyncVersionPasses]' started.
Test Case '-[FishSockTransferTests.BundledRsyncServiceXCTests testValidBundledRsyncVersionPasses]' passed (0.003 seconds).
Test Case '-[FishSockTransferTests.BundledRsyncServiceXCTests testWrongPatchVersionDoesNotPassAsBundledVersion]' started.
Test Case '-[FishSockTransferTests.BundledRsyncServiceXCTests testWrongPatchVersionDoesNotPassAsBundledVersion]' passed (0.003 seconds).
Test Case '-[FishSockTransferTests.BundledRsyncServiceXCTests testWrongVersionFailsFast]' started.
Test Case '-[FishSockTransferTests.BundledRsyncServiceXCTests testWrongVersionFailsFast]' passed (0.002 seconds).
Test Suite 'BundledRsyncServiceXCTests' passed at 2026-10-02 16:28:02.453.
	 Executed 7 tests, with 0 failures (0 unexpected) in 2.028 (2.030) seconds
Test Suite 'DestinationActivityObserverXCTests' started at 2026-10-02 16:28:02.453.
Test Case '-[FishSockTransferTests.DestinationActivityObserverXCTests testDestinationObserverStopsOnCancelAndCompletionReasons]' started.
Test Case '-[FishSockTransferTests.DestinationActivityObserverXCTests testDestinationObserverStopsOnCancelAndCompletionReasons]' passed (0.001 seconds).
Test Case '-[FishSockTransferTests.DestinationActivityObserverXCTests testDestinationSnapshotClampsCopiedBytesToKnownTotal]' started.
Test Case '-[FishSockTransferTests.DestinationActivityObserverXCTests testDestinationSnapshotClampsCopiedBytesToKnownTotal]' passed (0.003 seconds).
Test Case '-[FishSockTransferTests.DestinationActivityObserverXCTests testDestinationSnapshotComputesAverageRollingSpeedAndETA]' started.
Test Case '-[FishSockTransferTests.DestinationActivityObserverXCTests testDestinationSnapshotComputesAverageRollingSpeedAndETA]' passed (0.002 seconds).
Test Case '-[FishSockTransferTests.DestinationActivityObserverXCTests testDestinationSnapshotComputesCopiedBytesAndFilesExcludingMetadata]' started.
Test Case '-[FishSockTransferTests.DestinationActivityObserverXCTests testDestinationSnapshotComputesCopiedBytesAndFilesExcludingMetadata]' passed (0.003 seconds).
Test Case '-[FishSockTransferTests.DestinationActivityObserverXCTests testDestinationSnapshotDoesNotComputeETAWhenSpeedUnavailable]' started.
Test Case '-[FishSockTransferTests.DestinationActivityObserverXCTests testDestinationSnapshotDoesNotComputeETAWhenSpeedUnavailable]' passed (0.002 seconds).
Test Suite 'DestinationActivityObserverXCTests' passed at 2026-10-02 16:28:02.466.
	 Executed 5 tests, with 0 failures (0 unexpected) in 0.012 (0.014) seconds
Test Suite 'DestinationCapacityImageRuntimeXCTests' started at 2026-10-02 16:28:02.467.
Test Case '-[FishSockTransferTests.DestinationCapacityImageRuntimeXCTests testDisposableAPFSAdmissionAndVerifiedCopy]' started.
2026-10-02 16:28:05.158941+0700 xctest[63167:85506331] [client] Not Valid
2026-10-02 16:28:05.158997+0700 xctest[63167:85506331] [client] CacheDeleteCopyAvailableSpaceForVolume failed for volume /private/var/folders/89/bwjml4px7bd8_gc4y493myh80000gn/T/FSTCapacityImageQA-EBB402BB-70A8-49C5-BE3A-2743EA2F2F3F/mount: Error Domain=CacheDeleteErrorDomain Code=10 "(null)" UserInfo={Invalid volume=/private/var/folders/89/bwjml4px7bd8_gc4y493myh80000gn/T/FSTCapacityImageQA-EBB402BB-70A8-49C5-BE3A-2743EA2F2F3F/mount}
2026-10-02 16:28:05.655725+0700 xctest[63167:85506331] [client] Not Valid
2026-10-02 16:28:05.655776+0700 xctest[63167:85506331] [client] CacheDeleteCopyAvailableSpaceForVolume failed for volume /private/var/folders/89/bwjml4px7bd8_gc4y493myh80000gn/T/FSTCapacityImageQA-EBB402BB-70A8-49C5-BE3A-2743EA2F2F3F/mount: Error Domain=CacheDeleteErrorDomain Code=10 "(null)" UserInfo={Invalid volume=/private/var/folders/89/bwjml4px7bd8_gc4y493myh80000gn/T/FSTCapacityImageQA-EBB402BB-70A8-49C5-BE3A-2743EA2F2F3F/mount}
FST_CAPACITY_QA FS=apfs UNIT=4096 L=8192 FLOOR=33554432 F=132767744 POLICY=validatedAPFSRounded
2026-10-02 16:28:05.657582+0700 xctest[63167:85506331] [client] Not Valid
2026-10-02 16:28:05.657609+0700 xctest[63167:85506331] [client] CacheDeleteCopyAvailableSpaceForVolume failed for volume /private/var/folders/89/bwjml4px7bd8_gc4y493myh80000gn/T/FSTCapacityImageQA-EBB402BB-70A8-49C5-BE3A-2743EA2F2F3F/mount: Error Domain=CacheDeleteErrorDomain Code=10 "(null)" UserInfo={Invalid volume=/private/var/folders/89/bwjml4px7bd8_gc4y493myh80000gn/T/FSTCapacityImageQA-EBB402BB-70A8-49C5-BE3A-2743EA2F2F3F/mount}
2026-10-02 16:28:05.658155+0700 xctest[63167:85506331] [client] Not Valid
2026-10-02 16:28:05.658185+0700 xctest[63167:85506331] [client] CacheDeleteCopyAvailableSpaceForVolume failed for volume /private/var/folders/89/bwjml4px7bd8_gc4y493myh80000gn/T/FSTCapacityImageQA-EBB402BB-70A8-49C5-BE3A-2743EA2F2F3F/mount: Error Domain=CacheDeleteErrorDomain Code=10 "(null)" UserInfo={Invalid volume=/private/var/folders/89/bwjml4px7bd8_gc4y493myh80000gn/T/FSTCapacityImageQA-EBB402BB-70A8-49C5-BE3A-2743EA2F2F3F/mount}
2026-10-02 16:28:05.658857+0700 xctest[63167:85506331] [client] Not Valid
2026-10-02 16:28:05.658882+0700 xctest[63167:85506331] [client] CacheDeleteCopyAvailableSpaceForVolume failed for volume /private/var/folders/89/bwjml4px7bd8_gc4y493myh80000gn/T/FSTCapacityImageQA-EBB402BB-70A8-49C5-BE3A-2743EA2F2F3F/mount: Error Domain=CacheDeleteErrorDomain Code=10 "(null)" UserInfo={Invalid volume=/private/var/folders/89/bwjml4px7bd8_gc4y493myh80000gn/T/FSTCapacityImageQA-EBB402BB-70A8-49C5-BE3A-2743EA2F2F3F/mount}
2026-10-02 16:28:05.659356+0700 xctest[63167:85506331] [client] Not Valid
2026-10-02 16:28:05.659381+0700 xctest[63167:85506331] [client] CacheDeleteCopyAvailableSpaceForVolume failed for volume /private/var/folders/89/bwjml4px7bd8_gc4y493myh80000gn/T/FSTCapacityImageQA-EBB402BB-70A8-49C5-BE3A-2743EA2F2F3F/mount: Error Domain=CacheDeleteErrorDomain Code=10 "(null)" UserInfo={Invalid volume=/private/var/folders/89/bwjml4px7bd8_gc4y493myh80000gn/T/FSTCapacityImageQA-EBB402BB-70A8-49C5-BE3A-2743EA2F2F3F/mount}
2026-10-02 16:28:05.659912+0700 xctest[63167:85506331] [client] Not Valid
2026-10-02 16:28:05.659934+0700 xctest[63167:85506331] [client] CacheDeleteCopyAvailableSpaceForVolume failed for volume /private/var/folders/89/bwjml4px7bd8_gc4y493myh80000gn/T/FSTCapacityImageQA-EBB402BB-70A8-49C5-BE3A-2743EA2F2F3F/mount: Error Domain=CacheDeleteErrorDomain Code=10 "(null)" UserInfo={Invalid volume=/private/var/folders/89/bwjml4px7bd8_gc4y493myh80000gn/T/FSTCapacityImageQA-EBB402BB-70A8-49C5-BE3A-2743EA2F2F3F/mount}
2026-10-02 16:28:05.660338+0700 xctest[63167:85506331] [client] Not Valid
2026-10-02 16:28:05.660352+0700 xctest[63167:85506331] [client] CacheDeleteCopyAvailableSpaceForVolume failed for volume /private/var/folders/89/bwjml4px7bd8_gc4y493myh80000gn/T/FSTCapacityImageQA-EBB402BB-70A8-49C5-BE3A-2743EA2F2F3F/mount: Error Domain=CacheDeleteErrorDomain Code=10 "(null)" UserInfo={Invalid volume=/private/var/folders/89/bwjml4px7bd8_gc4y493myh80000gn/T/FSTCapacityImageQA-EBB402BB-70A8-49C5-BE3A-2743EA2F2F3F/mount}
2026-10-02 16:28:05.660707+0700 xctest[63167:85506331] [client] Not Valid
2026-10-02 16:28:05.660720+0700 xctest[63167:85506331] [client] CacheDeleteCopyAvailableSpaceForVolume failed for volume /private/var/folders/89/bwjml4px7bd8_gc4y493myh80000gn/T/FSTCapacityImageQA-EBB402BB-70A8-49C5-BE3A-2743EA2F2F3F/mount: Error Domain=CacheDeleteErrorDomain Code=10 "(null)" UserInfo={Invalid volume=/private/var/folders/89/bwjml4px7bd8_gc4y493myh80000gn/T/FSTCapacityImageQA-EBB402BB-70A8-49C5-BE3A-2743EA2F2F3F/mount}
2026-10-02 16:28:05.661090+0700 xctest[63167:85506331] [client] Not Valid
2026-10-02 16:28:05.661104+0700 xctest[63167:85506331] [client] CacheDeleteCopyAvailableSpaceForVolume failed for volume /private/var/folders/89/bwjml4px7bd8_gc4y493myh80000gn/T/FSTCapacityImageQA-EBB402BB-70A8-49C5-BE3A-2743EA2F2F3F/mount: Error Domain=CacheDeleteErrorDomain Code=10 "(null)" UserInfo={Invalid volume=/private/var/folders/89/bwjml4px7bd8_gc4y493myh80000gn/T/FSTCapacityImageQA-EBB402BB-70A8-49C5-BE3A-2743EA2F2F3F/mount}
2026-10-02 16:28:05.661464+0700 xctest[63167:85506331] [client] Not Valid
2026-10-02 16:28:05.661477+0700 xctest[63167:85506331] [client] CacheDeleteCopyAvailableSpaceForVolume failed for volume /private/var/folders/89/bwjml4px7bd8_gc4y493myh80000gn/T/FSTCapacityImageQA-EBB402BB-70A8-49C5-BE3A-2743EA2F2F3F/mount: Error Domain=CacheDeleteErrorDomain Code=10 "(null)" UserInfo={Invalid volume=/private/var/folders/89/bwjml4px7bd8_gc4y493myh80000gn/T/FSTCapacityImageQA-EBB402BB-70A8-49C5-BE3A-2743EA2F2F3F/mount}
2026-10-02 16:28:05.661901+0700 xctest[63167:85506331] [client] Not Valid
2026-10-02 16:28:05.661916+0700 xctest[63167:85506331] [client] CacheDeleteCopyAvailableSpaceForVolume failed for volume /private/var/folders/89/bwjml4px7bd8_gc4y493myh80000gn/T/FSTCapacityImageQA-EBB402BB-70A8-49C5-BE3A-2743EA2F2F3F/mount: Error Domain=CacheDeleteErrorDomain Code=10 "(null)" UserInfo={Invalid volume=/private/var/folders/89/bwjml4px7bd8_gc4y493myh80000gn/T/FSTCapacityImageQA-EBB402BB-70A8-49C5-BE3A-2743EA2F2F3F/mount}
2026-10-02 16:28:05.662500+0700 xctest[63167:85506331] [client] Not Valid
2026-10-02 16:28:05.662526+0700 xctest[63167:85506331] [client] CacheDeleteCopyAvailableSpaceForVolume failed for volume /private/var/folders/89/bwjml4px7bd8_gc4y493myh80000gn/T/FSTCapacityImageQA-EBB402BB-70A8-49C5-BE3A-2743EA2F2F3F/mount: Error Domain=CacheDeleteErrorDomain Code=10 "(null)" UserInfo={Invalid volume=/private/var/folders/89/bwjml4px7bd8_gc4y493myh80000gn/T/FSTCapacityImageQA-EBB402BB-70A8-49C5-BE3A-2743EA2F2F3F/mount}
2026-10-02 16:28:05.662988+0700 xctest[63167:85506331] [client] Not Valid
2026-10-02 16:28:05.663015+0700 xctest[63167:85506331] [client] CacheDeleteCopyAvailableSpaceForVolume failed for volume /private/var/folders/89/bwjml4px7bd8_gc4y493myh80000gn/T/FSTCapacityImageQA-EBB402BB-70A8-49C5-BE3A-2743EA2F2F3F/mount: Error Domain=CacheDeleteErrorDomain Code=10 "(null)" UserInfo={Invalid volume=/private/var/folders/89/bwjml4px7bd8_gc4y493myh80000gn/T/FSTCapacityImageQA-EBB402BB-70A8-49C5-BE3A-2743EA2F2F3F/mount}
2026-10-02 16:28:05.663455+0700 xctest[63167:85506331] [client] Not Valid
2026-10-02 16:28:05.663469+0700 xctest[63167:85506331] [client] CacheDeleteCopyAvailableSpaceForVolume failed for volume /private/var/folders/89/bwjml4px7bd8_gc4y493myh80000gn/T/FSTCapacityImageQA-EBB402BB-70A8-49C5-BE3A-2743EA2F2F3F/mount: Error Domain=CacheDeleteErrorDomain Code=10 "(null)" UserInfo={Invalid volume=/private/var/folders/89/bwjml4px7bd8_gc4y493myh80000gn/T/FSTCapacityImageQA-EBB402BB-70A8-49C5-BE3A-2743EA2F2F3F/mount}
2026-10-02 16:28:05.663824+0700 xctest[63167:85506331] [client] Not Valid
2026-10-02 16:28:05.663836+0700 xctest[63167:85506331] [client] CacheDeleteCopyAvailableSpaceForVolume failed for volume /private/var/folders/89/bwjml4px7bd8_gc4y493myh80000gn/T/FSTCapacityImageQA-EBB402BB-70A8-49C5-BE3A-2743EA2F2F3F/mount: Error Domain=CacheDeleteErrorDomain Code=10 "(null)" UserInfo={Invalid volume=/private/var/folders/89/bwjml4px7bd8_gc4y493myh80000gn/T/FSTCapacityImageQA-EBB402BB-70A8-49C5-BE3A-2743EA2F2F3F/mount}
2026-10-02 16:28:05.664197+0700 xctest[63167:85506331] [client] Not Valid
2026-10-02 16:28:05.664211+0700 xctest[63167:85506331] [client] CacheDeleteCopyAvailableSpaceForVolume failed for volume /private/var/folders/89/bwjml4px7bd8_gc4y493myh80000gn/T/FSTCapacityImageQA-EBB402BB-70A8-49C5-BE3A-2743EA2F2F3F/mount: Error Domain=CacheDeleteErrorDomain Code=10 "(null)" UserInfo={Invalid volume=/private/var/folders/89/bwjml4px7bd8_gc4y493myh80000gn/T/FSTCapacityImageQA-EBB402BB-70A8-49C5-BE3A-2743EA2F2F3F/mount}
2026-10-02 16:28:05.664673+0700 xctest[63167:85506331] [client] Not Valid
2026-10-02 16:28:05.664693+0700 xctest[63167:85506331] [client] CacheDeleteCopyAvailableSpaceForVolume failed for volume /private/var/folders/89/bwjml4px7bd8_gc4y493myh80000gn/T/FSTCapacityImageQA-EBB402BB-70A8-49C5-BE3A-2743EA2F2F3F/mount: Error Domain=CacheDeleteErrorDomain Code=10 "(null)" UserInfo={Invalid volume=/private/var/folders/89/bwjml4px7bd8_gc4y493myh80000gn/T/FSTCapacityImageQA-EBB402BB-70A8-49C5-BE3A-2743EA2F2F3F/mount}
2026-10-02 16:28:05.665125+0700 xctest[63167:85506331] [client] Not Valid
2026-10-02 16:28:05.665140+0700 xctest[63167:85506331] [client] CacheDeleteCopyAvailableSpaceForVolume failed for volume /private/var/folders/89/bwjml4px7bd8_gc4y493myh80000gn/T/FSTCapacityImageQA-EBB402BB-70A8-49C5-BE3A-2743EA2F2F3F/mount: Error Domain=CacheDeleteErrorDomain Code=10 "(null)" UserInfo={Invalid volume=/private/var/folders/89/bwjml4px7bd8_gc4y493myh80000gn/T/FSTCapacityImageQA-EBB402BB-70A8-49C5-BE3A-2743EA2F2F3F/mount}
2026-10-02 16:28:05.665645+0700 xctest[63167:85506331] [client] Not Valid
2026-10-02 16:28:05.665659+0700 xctest[63167:85506331] [client] CacheDeleteCopyAvailableSpaceForVolume failed for volume /private/var/folders/89/bwjml4px7bd8_gc4y493myh80000gn/T/FSTCapacityImageQA-EBB402BB-70A8-49C5-BE3A-2743EA2F2F3F/mount: Error Domain=CacheDeleteErrorDomain Code=10 "(null)" UserInfo={Invalid volume=/private/var/folders/89/bwjml4px7bd8_gc4y493myh80000gn/T/FSTCapacityImageQA-EBB402BB-70A8-49C5-BE3A-2743EA2F2F3F/mount}
2026-10-02 16:28:05.666030+0700 xctest[63167:85506331] [client] Not Valid
2026-10-02 16:28:05.666040+0700 xctest[63167:85506331] [client] CacheDeleteCopyAvailableSpaceForVolume failed for volume /private/var/folders/89/bwjml4px7bd8_gc4y493myh80000gn/T/FSTCapacityImageQA-EBB402BB-70A8-49C5-BE3A-2743EA2F2F3F/mount: Error Domain=CacheDeleteErrorDomain Code=10 "(null)" UserInfo={Invalid volume=/private/var/folders/89/bwjml4px7bd8_gc4y493myh80000gn/T/FSTCapacityImageQA-EBB402BB-70A8-49C5-BE3A-2743EA2F2F3F/mount}
2026-10-02 16:28:05.666418+0700 xctest[63167:85506331] [client] Not Valid
2026-10-02 16:28:05.666428+0700 xctest[63167:85506331] [client] CacheDeleteCopyAvailableSpaceForVolume failed for volume /private/var/folders/89/bwjml4px7bd8_gc4y493myh80000gn/T/FSTCapacityImageQA-EBB402BB-70A8-49C5-BE3A-2743EA2F2F3F/mount: Error Domain=CacheDeleteErrorDomain Code=10 "(null)" UserInfo={Invalid volume=/private/var/folders/89/bwjml4px7bd8_gc4y493myh80000gn/T/FSTCapacityImageQA-EBB402BB-70A8-49C5-BE3A-2743EA2F2F3F/mount}
2026-10-02 16:28:05.666790+0700 xctest[63167:85506331] [client] Not Valid
2026-10-02 16:28:05.666802+0700 xctest[63167:85506331] [client] CacheDeleteCopyAvailableSpaceForVolume failed for volume /private/var/folders/89/bwjml4px7bd8_gc4y493myh80000gn/T/FSTCapacityImageQA-EBB402BB-70A8-49C5-BE3A-2743EA2F2F3F/mount: Error Domain=CacheDeleteErrorDomain Code=10 "(null)" UserInfo={Invalid volume=/private/var/folders/89/bwjml4px7bd8_gc4y493myh80000gn/T/FSTCapacityImageQA-EBB402BB-70A8-49C5-BE3A-2743EA2F2F3F/mount}
2026-10-02 16:28:05.667179+0700 xctest[63167:85506331] [client] Not Valid
2026-10-02 16:28:05.667189+0700 xctest[63167:85506331] [client] CacheDeleteCopyAvailableSpaceForVolume failed for volume /private/var/folders/89/bwjml4px7bd8_gc4y493myh80000gn/T/FSTCapacityImageQA-EBB402BB-70A8-49C5-BE3A-2743EA2F2F3F/mount: Error Domain=CacheDeleteErrorDomain Code=10 "(null)" UserInfo={Invalid volume=/private/var/folders/89/bwjml4px7bd8_gc4y493myh80000gn/T/FSTCapacityImageQA-EBB402BB-70A8-49C5-BE3A-2743EA2F2F3F/mount}
2026-10-02 16:28:05.667534+0700 xctest[63167:85506331] [client] Not Valid
2026-10-02 16:28:05.667545+0700 xctest[63167:85506331] [client] CacheDeleteCopyAvailableSpaceForVolume failed for volume /private/var/folders/89/bwjml4px7bd8_gc4y493myh80000gn/T/FSTCapacityImageQA-EBB402BB-70A8-49C5-BE3A-2743EA2F2F3F/mount: Error Domain=CacheDeleteErrorDomain Code=10 "(null)" UserInfo={Invalid volume=/private/var/folders/89/bwjml4px7bd8_gc4y493myh80000gn/T/FSTCapacityImageQA-EBB402BB-70A8-49C5-BE3A-2743EA2F2F3F/mount}
2026-10-02 16:28:05.667908+0700 xctest[63167:85506331] [client] Not Valid
2026-10-02 16:28:05.667919+0700 xctest[63167:85506331] [client] CacheDeleteCopyAvailableSpaceForVolume failed for volume /private/var/folders/89/bwjml4px7bd8_gc4y493myh80000gn/T/FSTCapacityImageQA-EBB402BB-70A8-49C5-BE3A-2743EA2F2F3F/mount: Error Domain=CacheDeleteErrorDomain Code=10 "(null)" UserInfo={Invalid volume=/private/var/folders/89/bwjml4px7bd8_gc4y493myh80000gn/T/FSTCapacityImageQA-EBB402BB-70A8-49C5-BE3A-2743EA2F2F3F/mount}
2026-10-02 16:28:05.668244+0700 xctest[63167:85506331] [client] Not Valid
2026-10-02 16:28:05.668255+0700 xctest[63167:85506331] [client] CacheDeleteCopyAvailableSpaceForVolume failed for volume /private/var/folders/89/bwjml4px7bd8_gc4y493myh80000gn/T/FSTCapacityImageQA-EBB402BB-70A8-49C5-BE3A-2743EA2F2F3F/mount: Error Domain=CacheDeleteErrorDomain Code=10 "(null)" UserInfo={Invalid volume=/private/var/folders/89/bwjml4px7bd8_gc4y493myh80000gn/T/FSTCapacityImageQA-EBB402BB-70A8-49C5-BE3A-2743EA2F2F3F/mount}
2026-10-02 16:28:05.668629+0700 xctest[63167:85506331] [client] Not Valid
2026-10-02 16:28:05.668640+0700 xctest[63167:85506331] [client] CacheDeleteCopyAvailableSpaceForVolume failed for volume /private/var/folders/89/bwjml4px7bd8_gc4y493myh80000gn/T/FSTCapacityImageQA-EBB402BB-70A8-49C5-BE3A-2743EA2F2F3F/mount: Error Domain=CacheDeleteErrorDomain Code=10 "(null)" UserInfo={Invalid volume=/private/var/folders/89/bwjml4px7bd8_gc4y493myh80000gn/T/FSTCapacityImageQA-EBB402BB-70A8-49C5-BE3A-2743EA2F2F3F/mount}
2026-10-02 16:28:05.668971+0700 xctest[63167:85506331] [client] Not Valid
2026-10-02 16:28:05.668981+0700 xctest[63167:85506331] [client] CacheDeleteCopyAvailableSpaceForVolume failed for volume /private/var/folders/89/bwjml4px7bd8_gc4y493myh80000gn/T/FSTCapacityImageQA-EBB402BB-70A8-49C5-BE3A-2743EA2F2F3F/mount: Error Domain=CacheDeleteErrorDomain Code=10 "(null)" UserInfo={Invalid volume=/private/var/folders/89/bwjml4px7bd8_gc4y493myh80000gn/T/FSTCapacityImageQA-EBB402BB-70A8-49C5-BE3A-2743EA2F2F3F/mount}
2026-10-02 16:28:05.669431+0700 xctest[63167:85506331] [client] Not Valid
2026-10-02 16:28:05.669464+0700 xctest[63167:85506331] [client] CacheDeleteCopyAvailableSpaceForVolume failed for volume /private/var/folders/89/bwjml4px7bd8_gc4y493myh80000gn/T/FSTCapacityImageQA-EBB402BB-70A8-49C5-BE3A-2743EA2F2F3F/mount: Error Domain=CacheDeleteErrorDomain Code=10 "(null)" UserInfo={Invalid volume=/private/var/folders/89/bwjml4px7bd8_gc4y493myh80000gn/T/FSTCapacityImageQA-EBB402BB-70A8-49C5-BE3A-2743EA2F2F3F/mount}
2026-10-02 16:28:05.670212+0700 xctest[63167:85506331] [client] Not Valid
2026-10-02 16:28:05.670236+0700 xctest[63167:85506331] [client] CacheDeleteCopyAvailableSpaceForVolume failed for volume /private/var/folders/89/bwjml4px7bd8_gc4y493myh80000gn/T/FSTCapacityImageQA-EBB402BB-70A8-49C5-BE3A-2743EA2F2F3F/mount: Error Domain=CacheDeleteErrorDomain Code=10 "(null)" UserInfo={Invalid volume=/private/var/folders/89/bwjml4px7bd8_gc4y493myh80000gn/T/FSTCapacityImageQA-EBB402BB-70A8-49C5-BE3A-2743EA2F2F3F/mount}
2026-10-02 16:28:05.670893+0700 xctest[63167:85506331] [client] Not Valid
2026-10-02 16:28:05.670912+0700 xctest[63167:85506331] [client] CacheDeleteCopyAvailableSpaceForVolume failed for volume /private/var/folders/89/bwjml4px7bd8_gc4y493myh80000gn/T/FSTCapacityImageQA-EBB402BB-70A8-49C5-BE3A-2743EA2F2F3F/mount: Error Domain=CacheDeleteErrorDomain Code=10 "(null)" UserInfo={Invalid volume=/private/var/folders/89/bwjml4px7bd8_gc4y493myh80000gn/T/FSTCapacityImageQA-EBB402BB-70A8-49C5-BE3A-2743EA2F2F3F/mount}
2026-10-02 16:28:05.671390+0700 xctest[63167:85506331] [client] Not Valid
2026-10-02 16:28:05.671405+0700 xctest[63167:85506331] [client] CacheDeleteCopyAvailableSpaceForVolume failed for volume /private/var/folders/89/bwjml4px7bd8_gc4y493myh80000gn/T/FSTCapacityImageQA-EBB402BB-70A8-49C5-BE3A-2743EA2F2F3F/mount: Error Domain=CacheDeleteErrorDomain Code=10 "(null)" UserInfo={Invalid volume=/private/var/folders/89/bwjml4px7bd8_gc4y493myh80000gn/T/FSTCapacityImageQA-EBB402BB-70A8-49C5-BE3A-2743EA2F2F3F/mount}
2026-10-02 16:28:05.671826+0700 xctest[63167:85506331] [client] Not Valid
2026-10-02 16:28:05.671839+0700 xctest[63167:85506331] [client] CacheDeleteCopyAvailableSpaceForVolume failed for volume /private/var/folders/89/bwjml4px7bd8_gc4y493myh80000gn/T/FSTCapacityImageQA-EBB402BB-70A8-49C5-BE3A-2743EA2F2F3F/mount: Error Domain=CacheDeleteErrorDomain Code=10 "(null)" UserInfo={Invalid volume=/private/var/folders/89/bwjml4px7bd8_gc4y493myh80000gn/T/FSTCapacityImageQA-EBB402BB-70A8-49C5-BE3A-2743EA2F2F3F/mount}
2026-10-02 16:28:05.672191+0700 xctest[63167:85506331] [client] Not Valid
2026-10-02 16:28:05.672204+0700 xctest[63167:85506331] [client] CacheDeleteCopyAvailableSpaceForVolume failed for volume /private/var/folders/89/bwjml4px7bd8_gc4y493myh80000gn/T/FSTCapacityImageQA-EBB402BB-70A8-49C5-BE3A-2743EA2F2F3F/mount: Error Domain=CacheDeleteErrorDomain Code=10 "(null)" UserInfo={Invalid volume=/private/var/folders/89/bwjml4px7bd8_gc4y493myh80000gn/T/FSTCapacityImageQA-EBB402BB-70A8-49C5-BE3A-2743EA2F2F3F/mount}
2026-10-02 16:28:05.672606+0700 xctest[63167:85506331] [client] Not Valid
2026-10-02 16:28:05.672619+0700 xctest[63167:85506331] [client] CacheDeleteCopyAvailableSpaceForVolume failed for volume /private/var/folders/89/bwjml4px7bd8_gc4y493myh80000gn/T/FSTCapacityImageQA-EBB402BB-70A8-49C5-BE3A-2743EA2F2F3F/mount: Error Domain=CacheDeleteErrorDomain Code=10 "(null)" UserInfo={Invalid volume=/private/var/folders/89/bwjml4px7bd8_gc4y493myh80000gn/T/FSTCapacityImageQA-EBB402BB-70A8-49C5-BE3A-2743EA2F2F3F/mount}
2026-10-02 16:28:05.672957+0700 xctest[63167:85506331] [client] Not Valid
2026-10-02 16:28:05.672968+0700 xctest[63167:85506331] [client] CacheDeleteCopyAvailableSpaceForVolume failed for volume /private/var/folders/89/bwjml4px7bd8_gc4y493myh80000gn/T/FSTCapacityImageQA-EBB402BB-70A8-49C5-BE3A-2743EA2F2F3F/mount: Error Domain=CacheDeleteErrorDomain Code=10 "(null)" UserInfo={Invalid volume=/private/var/folders/89/bwjml4px7bd8_gc4y493myh80000gn/T/FSTCapacityImageQA-EBB402BB-70A8-49C5-BE3A-2743EA2F2F3F/mount}
2026-10-02 16:28:05.673367+0700 xctest[63167:85506331] [client] Not Valid
2026-10-02 16:28:05.673380+0700 xctest[63167:85506331] [client] CacheDeleteCopyAvailableSpaceForVolume failed for volume /private/var/folders/89/bwjml4px7bd8_gc4y493myh80000gn/T/FSTCapacityImageQA-EBB402BB-70A8-49C5-BE3A-2743EA2F2F3F/mount: Error Domain=CacheDeleteErrorDomain Code=10 "(null)" UserInfo={Invalid volume=/private/var/folders/89/bwjml4px7bd8_gc4y493myh80000gn/T/FSTCapacityImageQA-EBB402BB-70A8-49C5-BE3A-2743EA2F2F3F/mount}
2026-10-02 16:28:05.673822+0700 xctest[63167:85506331] [client] Not Valid
2026-10-02 16:28:05.673837+0700 xctest[63167:85506331] [client] CacheDeleteCopyAvailableSpaceForVolume failed for volume /private/var/folders/89/bwjml4px7bd8_gc4y493myh80000gn/T/FSTCapacityImageQA-EBB402BB-70A8-49C5-BE3A-2743EA2F2F3F/mount: Error Domain=CacheDeleteErrorDomain Code=10 "(null)" UserInfo={Invalid volume=/private/var/folders/89/bwjml4px7bd8_gc4y493myh80000gn/T/FSTCapacityImageQA-EBB402BB-70A8-49C5-BE3A-2743EA2F2F3F/mount}
2026-10-02 16:28:05.674328+0700 xctest[63167:85506331] [client] Not Valid
2026-10-02 16:28:05.674344+0700 xctest[63167:85506331] [client] CacheDeleteCopyAvailableSpaceForVolume failed for volume /private/var/folders/89/bwjml4px7bd8_gc4y493myh80000gn/T/FSTCapacityImageQA-EBB402BB-70A8-49C5-BE3A-2743EA2F2F3F/mount: Error Domain=CacheDeleteErrorDomain Code=10 "(null)" UserInfo={Invalid volume=/private/var/folders/89/bwjml4px7bd8_gc4y493myh80000gn/T/FSTCapacityImageQA-EBB402BB-70A8-49C5-BE3A-2743EA2F2F3F/mount}
2026-10-02 16:28:05.674744+0700 xctest[63167:85506331] [client] Not Valid
2026-10-02 16:28:05.674757+0700 xctest[63167:85506331] [client] CacheDeleteCopyAvailableSpaceForVolume failed for volume /private/var/folders/89/bwjml4px7bd8_gc4y493myh80000gn/T/FSTCapacityImageQA-EBB402BB-70A8-49C5-BE3A-2743EA2F2F3F/mount: Error Domain=CacheDeleteErrorDomain Code=10 "(null)" UserInfo={Invalid volume=/private/var/folders/89/bwjml4px7bd8_gc4y493myh80000gn/T/FSTCapacityImageQA-EBB402BB-70A8-49C5-BE3A-2743EA2F2F3F/mount}
2026-10-02 16:28:05.675176+0700 xctest[63167:85506331] [client] Not Valid
2026-10-02 16:28:05.675189+0700 xctest[63167:85506331] [client] CacheDeleteCopyAvailableSpaceForVolume failed for volume /private/var/folders/89/bwjml4px7bd8_gc4y493myh80000gn/T/FSTCapacityImageQA-EBB402BB-70A8-49C5-BE3A-2743EA2F2F3F/mount: Error Domain=CacheDeleteErrorDomain Code=10 "(null)" UserInfo={Invalid volume=/private/var/folders/89/bwjml4px7bd8_gc4y493myh80000gn/T/FSTCapacityImageQA-EBB402BB-70A8-49C5-BE3A-2743EA2F2F3F/mount}
2026-10-02 16:28:05.675608+0700 xctest[63167:85506331] [client] Not Valid
2026-10-02 16:28:05.675620+0700 xctest[63167:85506331] [client] CacheDeleteCopyAvailableSpaceForVolume failed for volume /private/var/folders/89/bwjml4px7bd8_gc4y493myh80000gn/T/FSTCapacityImageQA-EBB402BB-70A8-49C5-BE3A-2743EA2F2F3F/mount: Error Domain=CacheDeleteErrorDomain Code=10 "(null)" UserInfo={Invalid volume=/private/var/folders/89/bwjml4px7bd8_gc4y493myh80000gn/T/FSTCapacityImageQA-EBB402BB-70A8-49C5-BE3A-2743EA2F2F3F/mount}
2026-10-02 16:28:05.676010+0700 xctest[63167:85506331] [client] Not Valid
2026-10-02 16:28:05.676021+0700 xctest[63167:85506331] [client] CacheDeleteCopyAvailableSpaceForVolume failed for volume /private/var/folders/89/bwjml4px7bd8_gc4y493myh80000gn/T/FSTCapacityImageQA-EBB402BB-70A8-49C5-BE3A-2743EA2F2F3F/mount: Error Domain=CacheDeleteErrorDomain Code=10 "(null)" UserInfo={Invalid volume=/private/var/folders/89/bwjml4px7bd8_gc4y493myh80000gn/T/FSTCapacityImageQA-EBB402BB-70A8-49C5-BE3A-2743EA2F2F3F/mount}
2026-10-02 16:28:05.676362+0700 xctest[63167:85506331] [client] Not Valid
2026-10-02 16:28:05.676373+0700 xctest[63167:85506331] [client] CacheDeleteCopyAvailableSpaceForVolume failed for volume /private/var/folders/89/bwjml4px7bd8_gc4y493myh80000gn/T/FSTCapacityImageQA-EBB402BB-70A8-49C5-BE3A-2743EA2F2F3F/mount: Error Domain=CacheDeleteErrorDomain Code=10 "(null)" UserInfo={Invalid volume=/private/var/folders/89/bwjml4px7bd8_gc4y493myh80000gn/T/FSTCapacityImageQA-EBB402BB-70A8-49C5-BE3A-2743EA2F2F3F/mount}
2026-10-02 16:28:05.676748+0700 xctest[63167:85506331] [client] Not Valid
2026-10-02 16:28:05.676759+0700 xctest[63167:85506331] [client] CacheDeleteCopyAvailableSpaceForVolume failed for volume /private/var/folders/89/bwjml4px7bd8_gc4y493myh80000gn/T/FSTCapacityImageQA-EBB402BB-70A8-49C5-BE3A-2743EA2F2F3F/mount: Error Domain=CacheDeleteErrorDomain Code=10 "(null)" UserInfo={Invalid volume=/private/var/folders/89/bwjml4px7bd8_gc4y493myh80000gn/T/FSTCapacityImageQA-EBB402BB-70A8-49C5-BE3A-2743EA2F2F3F/mount}
2026-10-02 16:28:05.677105+0700 xctest[63167:85506331] [client] Not Valid
2026-10-02 16:28:05.677116+0700 xctest[63167:85506331] [client] CacheDeleteCopyAvailableSpaceForVolume failed for volume /private/var/folders/89/bwjml4px7bd8_gc4y493myh80000gn/T/FSTCapacityImageQA-EBB402BB-70A8-49C5-BE3A-2743EA2F2F3F/mount: Error Domain=CacheDeleteErrorDomain Code=10 "(null)" UserInfo={Invalid volume=/private/var/folders/89/bwjml4px7bd8_gc4y493myh80000gn/T/FSTCapacityImageQA-EBB402BB-70A8-49C5-BE3A-2743EA2F2F3F/mount}
2026-10-02 16:28:05.677530+0700 xctest[63167:85506331] [client] Not Valid
2026-10-02 16:28:05.677544+0700 xctest[63167:85506331] [client] CacheDeleteCopyAvailableSpaceForVolume failed for volume /private/var/folders/89/bwjml4px7bd8_gc4y493myh80000gn/T/FSTCapacityImageQA-EBB402BB-70A8-49C5-BE3A-2743EA2F2F3F/mount: Error Domain=CacheDeleteErrorDomain Code=10 "(null)" UserInfo={Invalid volume=/private/var/folders/89/bwjml4px7bd8_gc4y493myh80000gn/T/FSTCapacityImageQA-EBB402BB-70A8-49C5-BE3A-2743EA2F2F3F/mount}
2026-10-02 16:28:05.677884+0700 xctest[63167:85506331] [client] Not Valid
2026-10-02 16:28:05.677896+0700 xctest[63167:85506331] [client] CacheDeleteCopyAvailableSpaceForVolume failed for volume /private/var/folders/89/bwjml4px7bd8_gc4y493myh80000gn/T/FSTCapacityImageQA-EBB402BB-70A8-49C5-BE3A-2743EA2F2F3F/mount: Error Domain=CacheDeleteErrorDomain Code=10 "(null)" UserInfo={Invalid volume=/private/var/folders/89/bwjml4px7bd8_gc4y493myh80000gn/T/FSTCapacityImageQA-EBB402BB-70A8-49C5-BE3A-2743EA2F2F3F/mount}
2026-10-02 16:28:05.678279+0700 xctest[63167:85506331] [client] Not Valid
2026-10-02 16:28:05.678291+0700 xctest[63167:85506331] [client] CacheDeleteCopyAvailableSpaceForVolume failed for volume /private/var/folders/89/bwjml4px7bd8_gc4y493myh80000gn/T/FSTCapacityImageQA-EBB402BB-70A8-49C5-BE3A-2743EA2F2F3F/mount: Error Domain=CacheDeleteErrorDomain Code=10 "(null)" UserInfo={Invalid volume=/private/var/folders/89/bwjml4px7bd8_gc4y493myh80000gn/T/FSTCapacityImageQA-EBB402BB-70A8-49C5-BE3A-2743EA2F2F3F/mount}
2026-10-02 16:28:05.678692+0700 xctest[63167:85506331] [client] Not Valid
2026-10-02 16:28:05.678705+0700 xctest[63167:85506331] [client] CacheDeleteCopyAvailableSpaceForVolume failed for volume /private/var/folders/89/bwjml4px7bd8_gc4y493myh80000gn/T/FSTCapacityImageQA-EBB402BB-70A8-49C5-BE3A-2743EA2F2F3F/mount: Error Domain=CacheDeleteErrorDomain Code=10 "(null)" UserInfo={Invalid volume=/private/var/folders/89/bwjml4px7bd8_gc4y493myh80000gn/T/FSTCapacityImageQA-EBB402BB-70A8-49C5-BE3A-2743EA2F2F3F/mount}
2026-10-02 16:28:05.679175+0700 xctest[63167:85506331] [client] Not Valid
2026-10-02 16:28:05.679187+0700 xctest[63167:85506331] [client] CacheDeleteCopyAvailableSpaceForVolume failed for volume /private/var/folders/89/bwjml4px7bd8_gc4y493myh80000gn/T/FSTCapacityImageQA-EBB402BB-70A8-49C5-BE3A-2743EA2F2F3F/mount: Error Domain=CacheDeleteErrorDomain Code=10 "(null)" UserInfo={Invalid volume=/private/var/folders/89/bwjml4px7bd8_gc4y493myh80000gn/T/FSTCapacityImageQA-EBB402BB-70A8-49C5-BE3A-2743EA2F2F3F/mount}
2026-10-02 16:28:05.679535+0700 xctest[63167:85506331] [client] Not Valid
2026-10-02 16:28:05.679547+0700 xctest[63167:85506331] [client] CacheDeleteCopyAvailableSpaceForVolume failed for volume /private/var/folders/89/bwjml4px7bd8_gc4y493myh80000gn/T/FSTCapacityImageQA-EBB402BB-70A8-49C5-BE3A-2743EA2F2F3F/mount: Error Domain=CacheDeleteErrorDomain Code=10 "(null)" UserInfo={Invalid volume=/private/var/folders/89/bwjml4px7bd8_gc4y493myh80000gn/T/FSTCapacityImageQA-EBB402BB-70A8-49C5-BE3A-2743EA2F2F3F/mount}
2026-10-02 16:28:05.679921+0700 xctest[63167:85506331] [client] Not Valid
2026-10-02 16:28:05.679933+0700 xctest[63167:85506331] [client] CacheDeleteCopyAvailableSpaceForVolume failed for volume /private/var/folders/89/bwjml4px7bd8_gc4y493myh80000gn/T/FSTCapacityImageQA-EBB402BB-70A8-49C5-BE3A-2743EA2F2F3F/mount: Error Domain=CacheDeleteErrorDomain Code=10 "(null)" UserInfo={Invalid volume=/private/var/folders/89/bwjml4px7bd8_gc4y493myh80000gn/T/FSTCapacityImageQA-EBB402BB-70A8-49C5-BE3A-2743EA2F2F3F/mount}
2026-10-02 16:28:05.680276+0700 xctest[63167:85506331] [client] Not Valid
2026-10-02 16:28:05.680288+0700 xctest[63167:85506331] [client] CacheDeleteCopyAvailableSpaceForVolume failed for volume /private/var/folders/89/bwjml4px7bd8_gc4y493myh80000gn/T/FSTCapacityImageQA-EBB402BB-70A8-49C5-BE3A-2743EA2F2F3F/mount: Error Domain=CacheDeleteErrorDomain Code=10 "(null)" UserInfo={Invalid volume=/private/var/folders/89/bwjml4px7bd8_gc4y493myh80000gn/T/FSTCapacityImageQA-EBB402BB-70A8-49C5-BE3A-2743EA2F2F3F/mount}
2026-10-02 16:28:05.680717+0700 xctest[63167:85506331] [client] Not Valid
2026-10-02 16:28:05.680755+0700 xctest[63167:85506331] [client] CacheDeleteCopyAvailableSpaceForVolume failed for volume /private/var/folders/89/bwjml4px7bd8_gc4y493myh80000gn/T/FSTCapacityImageQA-EBB402BB-70A8-49C5-BE3A-2743EA2F2F3F/mount: Error Domain=CacheDeleteErrorDomain Code=10 "(null)" UserInfo={Invalid volume=/private/var/folders/89/bwjml4px7bd8_gc4y493myh80000gn/T/FSTCapacityImageQA-EBB402BB-70A8-49C5-BE3A-2743EA2F2F3F/mount}
2026-10-02 16:28:05.681487+0700 xctest[63167:85506331] [client] Not Valid
2026-10-02 16:28:05.681510+0700 xctest[63167:85506331] [client] CacheDeleteCopyAvailableSpaceForVolume failed for volume /private/var/folders/89/bwjml4px7bd8_gc4y493myh80000gn/T/FSTCapacityImageQA-EBB402BB-70A8-49C5-BE3A-2743EA2F2F3F/mount: Error Domain=CacheDeleteErrorDomain Code=10 "(null)" UserInfo={Invalid volume=/private/var/folders/89/bwjml4px7bd8_gc4y493myh80000gn/T/FSTCapacityImageQA-EBB402BB-70A8-49C5-BE3A-2743EA2F2F3F/mount}
2026-10-02 16:28:05.682036+0700 xctest[63167:85506331] [client] Not Valid
2026-10-02 16:28:05.682051+0700 xctest[63167:85506331] [client] CacheDeleteCopyAvailableSpaceForVolume failed for volume /private/var/folders/89/bwjml4px7bd8_gc4y493myh80000gn/T/FSTCapacityImageQA-EBB402BB-70A8-49C5-BE3A-2743EA2F2F3F/mount: Error Domain=CacheDeleteErrorDomain Code=10 "(null)" UserInfo={Invalid volume=/private/var/folders/89/bwjml4px7bd8_gc4y493myh80000gn/T/FSTCapacityImageQA-EBB402BB-70A8-49C5-BE3A-2743EA2F2F3F/mount}
2026-10-02 16:28:05.682467+0700 xctest[63167:85506331] [client] Not Valid
2026-10-02 16:28:05.682478+0700 xctest[63167:85506331] [client] CacheDeleteCopyAvailableSpaceForVolume failed for volume /private/var/folders/89/bwjml4px7bd8_gc4y493myh80000gn/T/FSTCapacityImageQA-EBB402BB-70A8-49C5-BE3A-2743EA2F2F3F/mount: Error Domain=CacheDeleteErrorDomain Code=10 "(null)" UserInfo={Invalid volume=/private/var/folders/89/bwjml4px7bd8_gc4y493myh80000gn/T/FSTCapacityImageQA-EBB402BB-70A8-49C5-BE3A-2743EA2F2F3F/mount}
2026-10-02 16:28:05.682890+0700 xctest[63167:85506331] [client] Not Valid
2026-10-02 16:28:05.682901+0700 xctest[63167:85506331] [client] CacheDeleteCopyAvailableSpaceForVolume failed for volume /private/var/folders/89/bwjml4px7bd8_gc4y493myh80000gn/T/FSTCapacityImageQA-EBB402BB-70A8-49C5-BE3A-2743EA2F2F3F/mount: Error Domain=CacheDeleteErrorDomain Code=10 "(null)" UserInfo={Invalid volume=/private/var/folders/89/bwjml4px7bd8_gc4y493myh80000gn/T/FSTCapacityImageQA-EBB402BB-70A8-49C5-BE3A-2743EA2F2F3F/mount}
2026-10-02 16:28:05.683239+0700 xctest[63167:85506331] [client] Not Valid
2026-10-02 16:28:05.683251+0700 xctest[63167:85506331] [client] CacheDeleteCopyAvailableSpaceForVolume failed for volume /private/var/folders/89/bwjml4px7bd8_gc4y493myh80000gn/T/FSTCapacityImageQA-EBB402BB-70A8-49C5-BE3A-2743EA2F2F3F/mount: Error Domain=CacheDeleteErrorDomain Code=10 "(null)" UserInfo={Invalid volume=/private/var/folders/89/bwjml4px7bd8_gc4y493myh80000gn/T/FSTCapacityImageQA-EBB402BB-70A8-49C5-BE3A-2743EA2F2F3F/mount}
2026-10-02 16:28:05.683603+0700 xctest[63167:85506331] [client] Not Valid
2026-10-02 16:28:05.683614+0700 xctest[63167:85506331] [client] CacheDeleteCopyAvailableSpaceForVolume failed for volume /private/var/folders/89/bwjml4px7bd8_gc4y493myh80000gn/T/FSTCapacityImageQA-EBB402BB-70A8-49C5-BE3A-2743EA2F2F3F/mount: Error Domain=CacheDeleteErrorDomain Code=10 "(null)" UserInfo={Invalid volume=/private/var/folders/89/bwjml4px7bd8_gc4y493myh80000gn/T/FSTCapacityImageQA-EBB402BB-70A8-49C5-BE3A-2743EA2F2F3F/mount}
2026-10-02 16:28:05.683938+0700 xctest[63167:85506331] [client] Not Valid
2026-10-02 16:28:05.683949+0700 xctest[63167:85506331] [client] CacheDeleteCopyAvailableSpaceForVolume failed for volume /private/var/folders/89/bwjml4px7bd8_gc4y493myh80000gn/T/FSTCapacityImageQA-EBB402BB-70A8-49C5-BE3A-2743EA2F2F3F/mount: Error Domain=CacheDeleteErrorDomain Code=10 "(null)" UserInfo={Invalid volume=/private/var/folders/89/bwjml4px7bd8_gc4y493myh80000gn/T/FSTCapacityImageQA-EBB402BB-70A8-49C5-BE3A-2743EA2F2F3F/mount}
2026-10-02 16:28:05.684320+0700 xctest[63167:85506331] [client] Not Valid
2026-10-02 16:28:05.684331+0700 xctest[63167:85506331] [client] CacheDeleteCopyAvailableSpaceForVolume failed for volume /private/var/folders/89/bwjml4px7bd8_gc4y493myh80000gn/T/FSTCapacityImageQA-EBB402BB-70A8-49C5-BE3A-2743EA2F2F3F/mount: Error Domain=CacheDeleteErrorDomain Code=10 "(null)" UserInfo={Invalid volume=/private/var/folders/89/bwjml4px7bd8_gc4y493myh80000gn/T/FSTCapacityImageQA-EBB402BB-70A8-49C5-BE3A-2743EA2F2F3F/mount}
2026-10-02 16:28:05.684677+0700 xctest[63167:85506331] [client] Not Valid
2026-10-02 16:28:05.684688+0700 xctest[63167:85506331] [client] CacheDeleteCopyAvailableSpaceForVolume failed for volume /private/var/folders/89/bwjml4px7bd8_gc4y493myh80000gn/T/FSTCapacityImageQA-EBB402BB-70A8-49C5-BE3A-2743EA2F2F3F/mount: Error Domain=CacheDeleteErrorDomain Code=10 "(null)" UserInfo={Invalid volume=/private/var/folders/89/bwjml4px7bd8_gc4y493myh80000gn/T/FSTCapacityImageQA-EBB402BB-70A8-49C5-BE3A-2743EA2F2F3F/mount}
2026-10-02 16:28:05.685056+0700 xctest[63167:85506331] [client] Not Valid
2026-10-02 16:28:05.685068+0700 xctest[63167:85506331] [client] CacheDeleteCopyAvailableSpaceForVolume failed for volume /private/var/folders/89/bwjml4px7bd8_gc4y493myh80000gn/T/FSTCapacityImageQA-EBB402BB-70A8-49C5-BE3A-2743EA2F2F3F/mount: Error Domain=CacheDeleteErrorDomain Code=10 "(null)" UserInfo={Invalid volume=/private/var/folders/89/bwjml4px7bd8_gc4y493myh80000gn/T/FSTCapacityImageQA-EBB402BB-70A8-49C5-BE3A-2743EA2F2F3F/mount}
2026-10-02 16:28:05.685425+0700 xctest[63167:85506331] [client] Not Valid
2026-10-02 16:28:05.685438+0700 xctest[63167:85506331] [client] CacheDeleteCopyAvailableSpaceForVolume failed for volume /private/var/folders/89/bwjml4px7bd8_gc4y493myh80000gn/T/FSTCapacityImageQA-EBB402BB-70A8-49C5-BE3A-2743EA2F2F3F/mount: Error Domain=CacheDeleteErrorDomain Code=10 "(null)" UserInfo={Invalid volume=/private/var/folders/89/bwjml4px7bd8_gc4y493myh80000gn/T/FSTCapacityImageQA-EBB402BB-70A8-49C5-BE3A-2743EA2F2F3F/mount}
2026-10-02 16:28:05.685910+0700 xctest[63167:85506331] [client] Not Valid
2026-10-02 16:28:05.685922+0700 xctest[63167:85506331] [client] CacheDeleteCopyAvailableSpaceForVolume failed for volume /private/var/folders/89/bwjml4px7bd8_gc4y493myh80000gn/T/FSTCapacityImageQA-EBB402BB-70A8-49C5-BE3A-2743EA2F2F3F/mount: Error Domain=CacheDeleteErrorDomain Code=10 "(null)" UserInfo={Invalid volume=/private/var/folders/89/bwjml4px7bd8_gc4y493myh80000gn/T/FSTCapacityImageQA-EBB402BB-70A8-49C5-BE3A-2743EA2F2F3F/mount}
2026-10-02 16:28:05.686278+0700 xctest[63167:85506331] [client] Not Valid
2026-10-02 16:28:05.686290+0700 xctest[63167:85506331] [client] CacheDeleteCopyAvailableSpaceForVolume failed for volume /private/var/folders/89/bwjml4px7bd8_gc4y493myh80000gn/T/FSTCapacityImageQA-EBB402BB-70A8-49C5-BE3A-2743EA2F2F3F/mount: Error Domain=CacheDeleteErrorDomain Code=10 "(null)" UserInfo={Invalid volume=/private/var/folders/89/bwjml4px7bd8_gc4y493myh80000gn/T/FSTCapacityImageQA-EBB402BB-70A8-49C5-BE3A-2743EA2F2F3F/mount}
2026-10-02 16:28:05.686672+0700 xctest[63167:85506331] [client] Not Valid
2026-10-02 16:28:05.686682+0700 xctest[63167:85506331] [client] CacheDeleteCopyAvailableSpaceForVolume failed for volume /private/var/folders/89/bwjml4px7bd8_gc4y493myh80000gn/T/FSTCapacityImageQA-EBB402BB-70A8-49C5-BE3A-2743EA2F2F3F/mount: Error Domain=CacheDeleteErrorDomain Code=10 "(null)" UserInfo={Invalid volume=/private/var/folders/89/bwjml4px7bd8_gc4y493myh80000gn/T/FSTCapacityImageQA-EBB402BB-70A8-49C5-BE3A-2743EA2F2F3F/mount}
2026-10-02 16:28:05.687136+0700 xctest[63167:85506331] [client] Not Valid
2026-10-02 16:28:05.687156+0700 xctest[63167:85506331] [client] CacheDeleteCopyAvailableSpaceForVolume failed for volume /private/var/folders/89/bwjml4px7bd8_gc4y493myh80000gn/T/FSTCapacityImageQA-EBB402BB-70A8-49C5-BE3A-2743EA2F2F3F/mount: Error Domain=CacheDeleteErrorDomain Code=10 "(null)" UserInfo={Invalid volume=/private/var/folders/89/bwjml4px7bd8_gc4y493myh80000gn/T/FSTCapacityImageQA-EBB402BB-70A8-49C5-BE3A-2743EA2F2F3F/mount}
2026-10-02 16:28:05.687681+0700 xctest[63167:85506331] [client] Not Valid
2026-10-02 16:28:05.687698+0700 xctest[63167:85506331] [client] CacheDeleteCopyAvailableSpaceForVolume failed for volume /private/var/folders/89/bwjml4px7bd8_gc4y493myh80000gn/T/FSTCapacityImageQA-EBB402BB-70A8-49C5-BE3A-2743EA2F2F3F/mount: Error Domain=CacheDeleteErrorDomain Code=10 "(null)" UserInfo={Invalid volume=/private/var/folders/89/bwjml4px7bd8_gc4y493myh80000gn/T/FSTCapacityImageQA-EBB402BB-70A8-49C5-BE3A-2743EA2F2F3F/mount}
2026-10-02 16:28:05.688114+0700 xctest[63167:85506331] [client] Not Valid
2026-10-02 16:28:05.688128+0700 xctest[63167:85506331] [client] CacheDeleteCopyAvailableSpaceForVolume failed for volume /private/var/folders/89/bwjml4px7bd8_gc4y493myh80000gn/T/FSTCapacityImageQA-EBB402BB-70A8-49C5-BE3A-2743EA2F2F3F/mount: Error Domain=CacheDeleteErrorDomain Code=10 "(null)" UserInfo={Invalid volume=/private/var/folders/89/bwjml4px7bd8_gc4y493myh80000gn/T/FSTCapacityImageQA-EBB402BB-70A8-49C5-BE3A-2743EA2F2F3F/mount}
2026-10-02 16:28:05.688543+0700 xctest[63167:85506331] [client] Not Valid
2026-10-02 16:28:05.688557+0700 xctest[63167:85506331] [client] CacheDeleteCopyAvailableSpaceForVolume failed for volume /private/var/folders/89/bwjml4px7bd8_gc4y493myh80000gn/T/FSTCapacityImageQA-EBB402BB-70A8-49C5-BE3A-2743EA2F2F3F/mount: Error Domain=CacheDeleteErrorDomain Code=10 "(null)" UserInfo={Invalid volume=/private/var/folders/89/bwjml4px7bd8_gc4y493myh80000gn/T/FSTCapacityImageQA-EBB402BB-70A8-49C5-BE3A-2743EA2F2F3F/mount}
2026-10-02 16:28:05.688943+0700 xctest[63167:85506331] [client] Not Valid
2026-10-02 16:28:05.688957+0700 xctest[63167:85506331] [client] CacheDeleteCopyAvailableSpaceForVolume failed for volume /private/var/folders/89/bwjml4px7bd8_gc4y493myh80000gn/T/FSTCapacityImageQA-EBB402BB-70A8-49C5-BE3A-2743EA2F2F3F/mount: Error Domain=CacheDeleteErrorDomain Code=10 "(null)" UserInfo={Invalid volume=/private/var/folders/89/bwjml4px7bd8_gc4y493myh80000gn/T/FSTCapacityImageQA-EBB402BB-70A8-49C5-BE3A-2743EA2F2F3F/mount}
2026-10-02 16:28:05.689377+0700 xctest[63167:85506331] [client] Not Valid
2026-10-02 16:28:05.689389+0700 xctest[63167:85506331] [client] CacheDeleteCopyAvailableSpaceForVolume failed for volume /private/var/folders/89/bwjml4px7bd8_gc4y493myh80000gn/T/FSTCapacityImageQA-EBB402BB-70A8-49C5-BE3A-2743EA2F2F3F/mount: Error Domain=CacheDeleteErrorDomain Code=10 "(null)" UserInfo={Invalid volume=/private/var/folders/89/bwjml4px7bd8_gc4y493myh80000gn/T/FSTCapacityImageQA-EBB402BB-70A8-49C5-BE3A-2743EA2F2F3F/mount}
2026-10-02 16:28:05.689748+0700 xctest[63167:85506331] [client] Not Valid
2026-10-02 16:28:05.689760+0700 xctest[63167:85506331] [client] CacheDeleteCopyAvailableSpaceForVolume failed for volume /private/var/folders/89/bwjml4px7bd8_gc4y493myh80000gn/T/FSTCapacityImageQA-EBB402BB-70A8-49C5-BE3A-2743EA2F2F3F/mount: Error Domain=CacheDeleteErrorDomain Code=10 "(null)" UserInfo={Invalid volume=/private/var/folders/89/bwjml4px7bd8_gc4y493myh80000gn/T/FSTCapacityImageQA-EBB402BB-70A8-49C5-BE3A-2743EA2F2F3F/mount}
2026-10-02 16:28:05.690146+0700 xctest[63167:85506331] [client] Not Valid
2026-10-02 16:28:05.690158+0700 xctest[63167:85506331] [client] CacheDeleteCopyAvailableSpaceForVolume failed for volume /private/var/folders/89/bwjml4px7bd8_gc4y493myh80000gn/T/FSTCapacityImageQA-EBB402BB-70A8-49C5-BE3A-2743EA2F2F3F/mount: Error Domain=CacheDeleteErrorDomain Code=10 "(null)" UserInfo={Invalid volume=/private/var/folders/89/bwjml4px7bd8_gc4y493myh80000gn/T/FSTCapacityImageQA-EBB402BB-70A8-49C5-BE3A-2743EA2F2F3F/mount}
2026-10-02 16:28:05.690546+0700 xctest[63167:85506331] [client] Not Valid
2026-10-02 16:28:05.690560+0700 xctest[63167:85506331] [client] CacheDeleteCopyAvailableSpaceForVolume failed for volume /private/var/folders/89/bwjml4px7bd8_gc4y493myh80000gn/T/FSTCapacityImageQA-EBB402BB-70A8-49C5-BE3A-2743EA2F2F3F/mount: Error Domain=CacheDeleteErrorDomain Code=10 "(null)" UserInfo={Invalid volume=/private/var/folders/89/bwjml4px7bd8_gc4y493myh80000gn/T/FSTCapacityImageQA-EBB402BB-70A8-49C5-BE3A-2743EA2F2F3F/mount}
2026-10-02 16:28:05.691463+0700 xctest[63167:85506331] [client] Not Valid
2026-10-02 16:28:05.691503+0700 xctest[63167:85506331] [client] CacheDeleteCopyAvailableSpaceForVolume failed for volume /private/var/folders/89/bwjml4px7bd8_gc4y493myh80000gn/T/FSTCapacityImageQA-EBB402BB-70A8-49C5-BE3A-2743EA2F2F3F/mount: Error Domain=CacheDeleteErrorDomain Code=10 "(null)" UserInfo={Invalid volume=/private/var/folders/89/bwjml4px7bd8_gc4y493myh80000gn/T/FSTCapacityImageQA-EBB402BB-70A8-49C5-BE3A-2743EA2F2F3F/mount}
2026-10-02 16:28:05.692255+0700 xctest[63167:85506331] [client] Not Valid
2026-10-02 16:28:05.692291+0700 xctest[63167:85506331] [client] CacheDeleteCopyAvailableSpaceForVolume failed for volume /private/var/folders/89/bwjml4px7bd8_gc4y493myh80000gn/T/FSTCapacityImageQA-EBB402BB-70A8-49C5-BE3A-2743EA2F2F3F/mount: Error Domain=CacheDeleteErrorDomain Code=10 "(null)" UserInfo={Invalid volume=/private/var/folders/89/bwjml4px7bd8_gc4y493myh80000gn/T/FSTCapacityImageQA-EBB402BB-70A8-49C5-BE3A-2743EA2F2F3F/mount}
2026-10-02 16:28:05.693027+0700 xctest[63167:85506331] [client] Not Valid
2026-10-02 16:28:05.693086+0700 xctest[63167:85506331] [client] CacheDeleteCopyAvailableSpaceForVolume failed for volume /private/var/folders/89/bwjml4px7bd8_gc4y493myh80000gn/T/FSTCapacityImageQA-EBB402BB-70A8-49C5-BE3A-2743EA2F2F3F/mount: Error Domain=CacheDeleteErrorDomain Code=10 "(null)" UserInfo={Invalid volume=/private/var/folders/89/bwjml4px7bd8_gc4y493myh80000gn/T/FSTCapacityImageQA-EBB402BB-70A8-49C5-BE3A-2743EA2F2F3F/mount}
2026-10-02 16:28:05.693823+0700 xctest[63167:85506331] [client] Not Valid
2026-10-02 16:28:05.693846+0700 xctest[63167:85506331] [client] CacheDeleteCopyAvailableSpaceForVolume failed for volume /private/var/folders/89/bwjml4px7bd8_gc4y493myh80000gn/T/FSTCapacityImageQA-EBB402BB-70A8-49C5-BE3A-2743EA2F2F3F/mount: Error Domain=CacheDeleteErrorDomain Code=10 "(null)" UserInfo={Invalid volume=/private/var/folders/89/bwjml4px7bd8_gc4y493myh80000gn/T/FSTCapacityImageQA-EBB402BB-70A8-49C5-BE3A-2743EA2F2F3F/mount}
2026-10-02 16:28:05.694388+0700 xctest[63167:85506331] [client] Not Valid
2026-10-02 16:28:05.694415+0700 xctest[63167:85506331] [client] CacheDeleteCopyAvailableSpaceForVolume failed for volume /private/var/folders/89/bwjml4px7bd8_gc4y493myh80000gn/T/FSTCapacityImageQA-EBB402BB-70A8-49C5-BE3A-2743EA2F2F3F/mount: Error Domain=CacheDeleteErrorDomain Code=10 "(null)" UserInfo={Invalid volume=/private/var/folders/89/bwjml4px7bd8_gc4y493myh80000gn/T/FSTCapacityImageQA-EBB402BB-70A8-49C5-BE3A-2743EA2F2F3F/mount}
2026-10-02 16:28:05.695283+0700 xctest[63167:85506331] [client] Not Valid
2026-10-02 16:28:05.695316+0700 xctest[63167:85506331] [client] CacheDeleteCopyAvailableSpaceForVolume failed for volume /private/var/folders/89/bwjml4px7bd8_gc4y493myh80000gn/T/FSTCapacityImageQA-EBB402BB-70A8-49C5-BE3A-2743EA2F2F3F/mount: Error Domain=CacheDeleteErrorDomain Code=10 "(null)" UserInfo={Invalid volume=/private/var/folders/89/bwjml4px7bd8_gc4y493myh80000gn/T/FSTCapacityImageQA-EBB402BB-70A8-49C5-BE3A-2743EA2F2F3F/mount}
2026-10-02 16:28:05.696315+0700 xctest[63167:85506331] [client] Not Valid
2026-10-02 16:28:05.696356+0700 xctest[63167:85506331] [client] CacheDeleteCopyAvailableSpaceForVolume failed for volume /private/var/folders/89/bwjml4px7bd8_gc4y493myh80000gn/T/FSTCapacityImageQA-EBB402BB-70A8-49C5-BE3A-2743EA2F2F3F/mount: Error Domain=CacheDeleteErrorDomain Code=10 "(null)" UserInfo={Invalid volume=/private/var/folders/89/bwjml4px7bd8_gc4y493myh80000gn/T/FSTCapacityImageQA-EBB402BB-70A8-49C5-BE3A-2743EA2F2F3F/mount}
2026-10-02 16:28:05.697100+0700 xctest[63167:85506331] [client] Not Valid
2026-10-02 16:28:05.697131+0700 xctest[63167:85506331] [client] CacheDeleteCopyAvailableSpaceForVolume failed for volume /private/var/folders/89/bwjml4px7bd8_gc4y493myh80000gn/T/FSTCapacityImageQA-EBB402BB-70A8-49C5-BE3A-2743EA2F2F3F/mount: Error Domain=CacheDeleteErrorDomain Code=10 "(null)" UserInfo={Invalid volume=/private/var/folders/89/bwjml4px7bd8_gc4y493myh80000gn/T/FSTCapacityImageQA-EBB402BB-70A8-49C5-BE3A-2743EA2F2F3F/mount}
2026-10-02 16:28:05.697619+0700 xctest[63167:85506331] [client] Not Valid
2026-10-02 16:28:05.697635+0700 xctest[63167:85506331] [client] CacheDeleteCopyAvailableSpaceForVolume failed for volume /private/var/folders/89/bwjml4px7bd8_gc4y493myh80000gn/T/FSTCapacityImageQA-EBB402BB-70A8-49C5-BE3A-2743EA2F2F3F/mount: Error Domain=CacheDeleteErrorDomain Code=10 "(null)" UserInfo={Invalid volume=/private/var/folders/89/bwjml4px7bd8_gc4y493myh80000gn/T/FSTCapacityImageQA-EBB402BB-70A8-49C5-BE3A-2743EA2F2F3F/mount}
2026-10-02 16:28:05.698024+0700 xctest[63167:85506331] [client] Not Valid
2026-10-02 16:28:05.698037+0700 xctest[63167:85506331] [client] CacheDeleteCopyAvailableSpaceForVolume failed for volume /private/var/folders/89/bwjml4px7bd8_gc4y493myh80000gn/T/FSTCapacityImageQA-EBB402BB-70A8-49C5-BE3A-2743EA2F2F3F/mount: Error Domain=CacheDeleteErrorDomain Code=10 "(null)" UserInfo={Invalid volume=/private/var/folders/89/bwjml4px7bd8_gc4y493myh80000gn/T/FSTCapacityImageQA-EBB402BB-70A8-49C5-BE3A-2743EA2F2F3F/mount}
2026-10-02 16:28:05.698421+0700 xctest[63167:85506331] [client] Not Valid
2026-10-02 16:28:05.698434+0700 xctest[63167:85506331] [client] CacheDeleteCopyAvailableSpaceForVolume failed for volume /private/var/folders/89/bwjml4px7bd8_gc4y493myh80000gn/T/FSTCapacityImageQA-EBB402BB-70A8-49C5-BE3A-2743EA2F2F3F/mount: Error Domain=CacheDeleteErrorDomain Code=10 "(null)" UserInfo={Invalid volume=/private/var/folders/89/bwjml4px7bd8_gc4y493myh80000gn/T/FSTCapacityImageQA-EBB402BB-70A8-49C5-BE3A-2743EA2F2F3F/mount}
2026-10-02 16:28:05.698773+0700 xctest[63167:85506331] [client] Not Valid
2026-10-02 16:28:05.698785+0700 xctest[63167:85506331] [client] CacheDeleteCopyAvailableSpaceForVolume failed for volume /private/var/folders/89/bwjml4px7bd8_gc4y493myh80000gn/T/FSTCapacityImageQA-EBB402BB-70A8-49C5-BE3A-2743EA2F2F3F/mount: Error Domain=CacheDeleteErrorDomain Code=10 "(null)" UserInfo={Invalid volume=/private/var/folders/89/bwjml4px7bd8_gc4y493myh80000gn/T/FSTCapacityImageQA-EBB402BB-70A8-49C5-BE3A-2743EA2F2F3F/mount}
2026-10-02 16:28:05.699417+0700 xctest[63167:85506331] [client] Not Valid
2026-10-02 16:28:05.699441+0700 xctest[63167:85506331] [client] CacheDeleteCopyAvailableSpaceForVolume failed for volume /private/var/folders/89/bwjml4px7bd8_gc4y493myh80000gn/T/FSTCapacityImageQA-EBB402BB-70A8-49C5-BE3A-2743EA2F2F3F/mount: Error Domain=CacheDeleteErrorDomain Code=10 "(null)" UserInfo={Invalid volume=/private/var/folders/89/bwjml4px7bd8_gc4y493myh80000gn/T/FSTCapacityImageQA-EBB402BB-70A8-49C5-BE3A-2743EA2F2F3F/mount}
2026-10-02 16:28:05.699961+0700 xctest[63167:85506331] [client] Not Valid
2026-10-02 16:28:05.699977+0700 xctest[63167:85506331] [client] CacheDeleteCopyAvailableSpaceForVolume failed for volume /private/var/folders/89/bwjml4px7bd8_gc4y493myh80000gn/T/FSTCapacityImageQA-EBB402BB-70A8-49C5-BE3A-2743EA2F2F3F/mount: Error Domain=CacheDeleteErrorDomain Code=10 "(null)" UserInfo={Invalid volume=/private/var/folders/89/bwjml4px7bd8_gc4y493myh80000gn/T/FSTCapacityImageQA-EBB402BB-70A8-49C5-BE3A-2743EA2F2F3F/mount}
2026-10-02 16:28:05.700404+0700 xctest[63167:85506331] [client] Not Valid
2026-10-02 16:28:05.700418+0700 xctest[63167:85506331] [client] CacheDeleteCopyAvailableSpaceForVolume failed for volume /private/var/folders/89/bwjml4px7bd8_gc4y493myh80000gn/T/FSTCapacityImageQA-EBB402BB-70A8-49C5-BE3A-2743EA2F2F3F/mount: Error Domain=CacheDeleteErrorDomain Code=10 "(null)" UserInfo={Invalid volume=/private/var/folders/89/bwjml4px7bd8_gc4y493myh80000gn/T/FSTCapacityImageQA-EBB402BB-70A8-49C5-BE3A-2743EA2F2F3F/mount}
2026-10-02 16:28:05.700768+0700 xctest[63167:85506331] [client] Not Valid
2026-10-02 16:28:05.700780+0700 xctest[63167:85506331] [client] CacheDeleteCopyAvailableSpaceForVolume failed for volume /private/var/folders/89/bwjml4px7bd8_gc4y493myh80000gn/T/FSTCapacityImageQA-EBB402BB-70A8-49C5-BE3A-2743EA2F2F3F/mount: Error Domain=CacheDeleteErrorDomain Code=10 "(null)" UserInfo={Invalid volume=/private/var/folders/89/bwjml4px7bd8_gc4y493myh80000gn/T/FSTCapacityImageQA-EBB402BB-70A8-49C5-BE3A-2743EA2F2F3F/mount}
2026-10-02 16:28:05.701165+0700 xctest[63167:85506331] [client] Not Valid
2026-10-02 16:28:05.701178+0700 xctest[63167:85506331] [client] CacheDeleteCopyAvailableSpaceForVolume failed for volume /private/var/folders/89/bwjml4px7bd8_gc4y493myh80000gn/T/FSTCapacityImageQA-EBB402BB-70A8-49C5-BE3A-2743EA2F2F3F/mount: Error Domain=CacheDeleteErrorDomain Code=10 "(null)" UserInfo={Invalid volume=/private/var/folders/89/bwjml4px7bd8_gc4y493myh80000gn/T/FSTCapacityImageQA-EBB402BB-70A8-49C5-BE3A-2743EA2F2F3F/mount}
2026-10-02 16:28:05.701508+0700 xctest[63167:85506331] [client] Not Valid
2026-10-02 16:28:05.701520+0700 xctest[63167:85506331] [client] CacheDeleteCopyAvailableSpaceForVolume failed for volume /private/var/folders/89/bwjml4px7bd8_gc4y493myh80000gn/T/FSTCapacityImageQA-EBB402BB-70A8-49C5-BE3A-2743EA2F2F3F/mount: Error Domain=CacheDeleteErrorDomain Code=10 "(null)" UserInfo={Invalid volume=/private/var/folders/89/bwjml4px7bd8_gc4y493myh80000gn/T/FSTCapacityImageQA-EBB402BB-70A8-49C5-BE3A-2743EA2F2F3F/mount}
2026-10-02 16:28:05.701904+0700 xctest[63167:85506331] [client] Not Valid
2026-10-02 16:28:05.701915+0700 xctest[63167:85506331] [client] CacheDeleteCopyAvailableSpaceForVolume failed for volume /private/var/folders/89/bwjml4px7bd8_gc4y493myh80000gn/T/FSTCapacityImageQA-EBB402BB-70A8-49C5-BE3A-2743EA2F2F3F/mount: Error Domain=CacheDeleteErrorDomain Code=10 "(null)" UserInfo={Invalid volume=/private/var/folders/89/bwjml4px7bd8_gc4y493myh80000gn/T/FSTCapacityImageQA-EBB402BB-70A8-49C5-BE3A-2743EA2F2F3F/mount}
2026-10-02 16:28:05.702245+0700 xctest[63167:85506331] [client] Not Valid
2026-10-02 16:28:05.702256+0700 xctest[63167:85506331] [client] CacheDeleteCopyAvailableSpaceForVolume failed for volume /private/var/folders/89/bwjml4px7bd8_gc4y493myh80000gn/T/FSTCapacityImageQA-EBB402BB-70A8-49C5-BE3A-2743EA2F2F3F/mount: Error Domain=CacheDeleteErrorDomain Code=10 "(null)" UserInfo={Invalid volume=/private/var/folders/89/bwjml4px7bd8_gc4y493myh80000gn/T/FSTCapacityImageQA-EBB402BB-70A8-49C5-BE3A-2743EA2F2F3F/mount}
2026-10-02 16:28:05.702705+0700 xctest[63167:85506331] [client] Not Valid
2026-10-02 16:28:05.702718+0700 xctest[63167:85506331] [client] CacheDeleteCopyAvailableSpaceForVolume failed for volume /private/var/folders/89/bwjml4px7bd8_gc4y493myh80000gn/T/FSTCapacityImageQA-EBB402BB-70A8-49C5-BE3A-2743EA2F2F3F/mount: Error Domain=CacheDeleteErrorDomain Code=10 "(null)" UserInfo={Invalid volume=/private/var/folders/89/bwjml4px7bd8_gc4y493myh80000gn/T/FSTCapacityImageQA-EBB402BB-70A8-49C5-BE3A-2743EA2F2F3F/mount}
2026-10-02 16:28:05.703362+0700 xctest[63167:85506331] [client] Not Valid
2026-10-02 16:28:05.703463+0700 xctest[63167:85506331] [client] CacheDeleteCopyAvailableSpaceForVolume failed for volume /private/var/folders/89/bwjml4px7bd8_gc4y493myh80000gn/T/FSTCapacityImageQA-EBB402BB-70A8-49C5-BE3A-2743EA2F2F3F/mount: Error Domain=CacheDeleteErrorDomain Code=10 "(null)" UserInfo={Invalid volume=/private/var/folders/89/bwjml4px7bd8_gc4y493myh80000gn/T/FSTCapacityImageQA-EBB402BB-70A8-49C5-BE3A-2743EA2F2F3F/mount}
2026-10-02 16:28:05.704159+0700 xctest[63167:85506331] [client] Not Valid
2026-10-02 16:28:05.704179+0700 xctest[63167:85506331] [client] CacheDeleteCopyAvailableSpaceForVolume failed for volume /private/var/folders/89/bwjml4px7bd8_gc4y493myh80000gn/T/FSTCapacityImageQA-EBB402BB-70A8-49C5-BE3A-2743EA2F2F3F/mount: Error Domain=CacheDeleteErrorDomain Code=10 "(null)" UserInfo={Invalid volume=/private/var/folders/89/bwjml4px7bd8_gc4y493myh80000gn/T/FSTCapacityImageQA-EBB402BB-70A8-49C5-BE3A-2743EA2F2F3F/mount}
2026-10-02 16:28:05.704642+0700 xctest[63167:85506331] [client] Not Valid
2026-10-02 16:28:05.704658+0700 xctest[63167:85506331] [client] CacheDeleteCopyAvailableSpaceForVolume failed for volume /private/var/folders/89/bwjml4px7bd8_gc4y493myh80000gn/T/FSTCapacityImageQA-EBB402BB-70A8-49C5-BE3A-2743EA2F2F3F/mount: Error Domain=CacheDeleteErrorDomain Code=10 "(null)" UserInfo={Invalid volume=/private/var/folders/89/bwjml4px7bd8_gc4y493myh80000gn/T/FSTCapacityImageQA-EBB402BB-70A8-49C5-BE3A-2743EA2F2F3F/mount}
2026-10-02 16:28:05.705102+0700 xctest[63167:85506331] [client] Not Valid
2026-10-02 16:28:05.705115+0700 xctest[63167:85506331] [client] CacheDeleteCopyAvailableSpaceForVolume failed for volume /private/var/folders/89/bwjml4px7bd8_gc4y493myh80000gn/T/FSTCapacityImageQA-EBB402BB-70A8-49C5-BE3A-2743EA2F2F3F/mount: Error Domain=CacheDeleteErrorDomain Code=10 "(null)" UserInfo={Invalid volume=/private/var/folders/89/bwjml4px7bd8_gc4y493myh80000gn/T/FSTCapacityImageQA-EBB402BB-70A8-49C5-BE3A-2743EA2F2F3F/mount}
2026-10-02 16:28:05.705481+0700 xctest[63167:85506331] [client] Not Valid
2026-10-02 16:28:05.705493+0700 xctest[63167:85506331] [client] CacheDeleteCopyAvailableSpaceForVolume failed for volume /private/var/folders/89/bwjml4px7bd8_gc4y493myh80000gn/T/FSTCapacityImageQA-EBB402BB-70A8-49C5-BE3A-2743EA2F2F3F/mount: Error Domain=CacheDeleteErrorDomain Code=10 "(null)" UserInfo={Invalid volume=/private/var/folders/89/bwjml4px7bd8_gc4y493myh80000gn/T/FSTCapacityImageQA-EBB402BB-70A8-49C5-BE3A-2743EA2F2F3F/mount}
2026-10-02 16:28:05.705887+0700 xctest[63167:85506331] [client] Not Valid
2026-10-02 16:28:05.705900+0700 xctest[63167:85506331] [client] CacheDeleteCopyAvailableSpaceForVolume failed for volume /private/var/folders/89/bwjml4px7bd8_gc4y493myh80000gn/T/FSTCapacityImageQA-EBB402BB-70A8-49C5-BE3A-2743EA2F2F3F/mount: Error Domain=CacheDeleteErrorDomain Code=10 "(null)" UserInfo={Invalid volume=/private/var/folders/89/bwjml4px7bd8_gc4y493myh80000gn/T/FSTCapacityImageQA-EBB402BB-70A8-49C5-BE3A-2743EA2F2F3F/mount}
2026-10-02 16:28:05.706242+0700 xctest[63167:85506331] [client] Not Valid
2026-10-02 16:28:05.706254+0700 xctest[63167:85506331] [client] CacheDeleteCopyAvailableSpaceForVolume failed for volume /private/var/folders/89/bwjml4px7bd8_gc4y493myh80000gn/T/FSTCapacityImageQA-EBB402BB-70A8-49C5-BE3A-2743EA2F2F3F/mount: Error Domain=CacheDeleteErrorDomain Code=10 "(null)" UserInfo={Invalid volume=/private/var/folders/89/bwjml4px7bd8_gc4y493myh80000gn/T/FSTCapacityImageQA-EBB402BB-70A8-49C5-BE3A-2743EA2F2F3F/mount}
2026-10-02 16:28:05.706643+0700 xctest[63167:85506331] [client] Not Valid
2026-10-02 16:28:05.706654+0700 xctest[63167:85506331] [client] CacheDeleteCopyAvailableSpaceForVolume failed for volume /private/var/folders/89/bwjml4px7bd8_gc4y493myh80000gn/T/FSTCapacityImageQA-EBB402BB-70A8-49C5-BE3A-2743EA2F2F3F/mount: Error Domain=CacheDeleteErrorDomain Code=10 "(null)" UserInfo={Invalid volume=/private/var/folders/89/bwjml4px7bd8_gc4y493myh80000gn/T/FSTCapacityImageQA-EBB402BB-70A8-49C5-BE3A-2743EA2F2F3F/mount}
2026-10-02 16:28:05.707002+0700 xctest[63167:85506331] [client] Not Valid
2026-10-02 16:28:05.707014+0700 xctest[63167:85506331] [client] CacheDeleteCopyAvailableSpaceForVolume failed for volume /private/var/folders/89/bwjml4px7bd8_gc4y493myh80000gn/T/FSTCapacityImageQA-EBB402BB-70A8-49C5-BE3A-2743EA2F2F3F/mount: Error Domain=CacheDeleteErrorDomain Code=10 "(null)" UserInfo={Invalid volume=/private/var/folders/89/bwjml4px7bd8_gc4y493myh80000gn/T/FSTCapacityImageQA-EBB402BB-70A8-49C5-BE3A-2743EA2F2F3F/mount}
2026-10-02 16:28:05.707422+0700 xctest[63167:85506331] [client] Not Valid
2026-10-02 16:28:05.707434+0700 xctest[63167:85506331] [client] CacheDeleteCopyAvailableSpaceForVolume failed for volume /private/var/folders/89/bwjml4px7bd8_gc4y493myh80000gn/T/FSTCapacityImageQA-EBB402BB-70A8-49C5-BE3A-2743EA2F2F3F/mount: Error Domain=CacheDeleteErrorDomain Code=10 "(null)" UserInfo={Invalid volume=/private/var/folders/89/bwjml4px7bd8_gc4y493myh80000gn/T/FSTCapacityImageQA-EBB402BB-70A8-49C5-BE3A-2743EA2F2F3F/mount}
2026-10-02 16:28:05.707797+0700 xctest[63167:85506331] [client] Not Valid
2026-10-02 16:28:05.707809+0700 xctest[63167:85506331] [client] CacheDeleteCopyAvailableSpaceForVolume failed for volume /private/var/folders/89/bwjml4px7bd8_gc4y493myh80000gn/T/FSTCapacityImageQA-EBB402BB-70A8-49C5-BE3A-2743EA2F2F3F/mount: Error Domain=CacheDeleteErrorDomain Code=10 "(null)" UserInfo={Invalid volume=/private/var/folders/89/bwjml4px7bd8_gc4y493myh80000gn/T/FSTCapacityImageQA-EBB402BB-70A8-49C5-BE3A-2743EA2F2F3F/mount}
2026-10-02 16:28:05.708207+0700 xctest[63167:85506331] [client] Not Valid
2026-10-02 16:28:05.708219+0700 xctest[63167:85506331] [client] CacheDeleteCopyAvailableSpaceForVolume failed for volume /private/var/folders/89/bwjml4px7bd8_gc4y493myh80000gn/T/FSTCapacityImageQA-EBB402BB-70A8-49C5-BE3A-2743EA2F2F3F/mount: Error Domain=CacheDeleteErrorDomain Code=10 "(null)" UserInfo={Invalid volume=/private/var/folders/89/bwjml4px7bd8_gc4y493myh80000gn/T/FSTCapacityImageQA-EBB402BB-70A8-49C5-BE3A-2743EA2F2F3F/mount}
2026-10-02 16:28:05.708566+0700 xctest[63167:85506331] [client] Not Valid
2026-10-02 16:28:05.708577+0700 xctest[63167:85506331] [client] CacheDeleteCopyAvailableSpaceForVolume failed for volume /private/var/folders/89/bwjml4px7bd8_gc4y493myh80000gn/T/FSTCapacityImageQA-EBB402BB-70A8-49C5-BE3A-2743EA2F2F3F/mount: Error Domain=CacheDeleteErrorDomain Code=10 "(null)" UserInfo={Invalid volume=/private/var/folders/89/bwjml4px7bd8_gc4y493myh80000gn/T/FSTCapacityImageQA-EBB402BB-70A8-49C5-BE3A-2743EA2F2F3F/mount}
2026-10-02 16:28:05.708943+0700 xctest[63167:85506331] [client] Not Valid
2026-10-02 16:28:05.708954+0700 xctest[63167:85506331] [client] CacheDeleteCopyAvailableSpaceForVolume failed for volume /private/var/folders/89/bwjml4px7bd8_gc4y493myh80000gn/T/FSTCapacityImageQA-EBB402BB-70A8-49C5-BE3A-2743EA2F2F3F/mount: Error Domain=CacheDeleteErrorDomain Code=10 "(null)" UserInfo={Invalid volume=/private/var/folders/89/bwjml4px7bd8_gc4y493myh80000gn/T/FSTCapacityImageQA-EBB402BB-70A8-49C5-BE3A-2743EA2F2F3F/mount}
2026-10-02 16:28:05.709294+0700 xctest[63167:85506331] [client] Not Valid
2026-10-02 16:28:05.709306+0700 xctest[63167:85506331] [client] CacheDeleteCopyAvailableSpaceForVolume failed for volume /private/var/folders/89/bwjml4px7bd8_gc4y493myh80000gn/T/FSTCapacityImageQA-EBB402BB-70A8-49C5-BE3A-2743EA2F2F3F/mount: Error Domain=CacheDeleteErrorDomain Code=10 "(null)" UserInfo={Invalid volume=/private/var/folders/89/bwjml4px7bd8_gc4y493myh80000gn/T/FSTCapacityImageQA-EBB402BB-70A8-49C5-BE3A-2743EA2F2F3F/mount}
2026-10-02 16:28:05.709737+0700 xctest[63167:85506331] [client] Not Valid
2026-10-02 16:28:05.709749+0700 xctest[63167:85506331] [client] CacheDeleteCopyAvailableSpaceForVolume failed for volume /private/var/folders/89/bwjml4px7bd8_gc4y493myh80000gn/T/FSTCapacityImageQA-EBB402BB-70A8-49C5-BE3A-2743EA2F2F3F/mount: Error Domain=CacheDeleteErrorDomain Code=10 "(null)" UserInfo={Invalid volume=/private/var/folders/89/bwjml4px7bd8_gc4y493myh80000gn/T/FSTCapacityImageQA-EBB402BB-70A8-49C5-BE3A-2743EA2F2F3F/mount}
2026-10-02 16:28:05.710909+0700 xctest[63167:85506331] [client] Not Valid
2026-10-02 16:28:05.710942+0700 xctest[63167:85506331] [client] CacheDeleteCopyAvailableSpaceForVolume failed for volume /private/var/folders/89/bwjml4px7bd8_gc4y493myh80000gn/T/FSTCapacityImageQA-EBB402BB-70A8-49C5-BE3A-2743EA2F2F3F/mount: Error Domain=CacheDeleteErrorDomain Code=10 "(null)" UserInfo={Invalid volume=/private/var/folders/89/bwjml4px7bd8_gc4y493myh80000gn/T/FSTCapacityImageQA-EBB402BB-70A8-49C5-BE3A-2743EA2F2F3F/mount}
2026-10-02 16:28:06.271002+0700 xctest[63167:85506331] [client] Not Valid
2026-10-02 16:28:06.271045+0700 xctest[63167:85506331] [client] CacheDeleteCopyAvailableSpaceForVolume failed for volume /private/var/folders/89/bwjml4px7bd8_gc4y493myh80000gn/T/FSTCapacityImageQA-EBB402BB-70A8-49C5-BE3A-2743EA2F2F3F/mount: Error Domain=CacheDeleteErrorDomain Code=10 "(null)" UserInfo={Invalid volume=/private/var/folders/89/bwjml4px7bd8_gc4y493myh80000gn/T/FSTCapacityImageQA-EBB402BB-70A8-49C5-BE3A-2743EA2F2F3F/mount}
2026-10-02 16:28:06.271718+0700 xctest[63167:85506331] [client] Not Valid
2026-10-02 16:28:06.271737+0700 xctest[63167:85506331] [client] CacheDeleteCopyAvailableSpaceForVolume failed for volume /private/var/folders/89/bwjml4px7bd8_gc4y493myh80000gn/T/FSTCapacityImageQA-EBB402BB-70A8-49C5-BE3A-2743EA2F2F3F/mount: Error Domain=CacheDeleteErrorDomain Code=10 "(null)" UserInfo={Invalid volume=/private/var/folders/89/bwjml4px7bd8_gc4y493myh80000gn/T/FSTCapacityImageQA-EBB402BB-70A8-49C5-BE3A-2743EA2F2F3F/mount}
2026-10-02 16:28:06.792578+0700 xctest[63167:85506331] [client] Not Valid
2026-10-02 16:28:06.792622+0700 xctest[63167:85506331] [client] CacheDeleteCopyAvailableSpaceForVolume failed for volume /private/var/folders/89/bwjml4px7bd8_gc4y493myh80000gn/T/FSTCapacityImageQA-EBB402BB-70A8-49C5-BE3A-2743EA2F2F3F/mount: Error Domain=CacheDeleteErrorDomain Code=10 "(null)" UserInfo={Invalid volume=/private/var/folders/89/bwjml4px7bd8_gc4y493myh80000gn/T/FSTCapacityImageQA-EBB402BB-70A8-49C5-BE3A-2743EA2F2F3F/mount}
FST_CAPACITY_QA APFS_BLOCK_BEFORE_RSYNC=PASS FLOOR=33554432 F=14278656
[INFO] Validating transfer requirements...
2026-10-02 16:28:06.794317+0700 xctest[63167:85506370] [client] Not Valid
2026-10-02 16:28:06.794345+0700 xctest[63167:85506370] [client] CacheDeleteCopyAvailableSpaceForVolume failed for volume /private/var/folders/89/bwjml4px7bd8_gc4y493myh80000gn/T/FSTCapacityImageQA-EBB402BB-70A8-49C5-BE3A-2743EA2F2F3F/mount: Error Domain=CacheDeleteErrorDomain Code=10 "(null)" UserInfo={Invalid volume=/private/var/folders/89/bwjml4px7bd8_gc4y493myh80000gn/T/FSTCapacityImageQA-EBB402BB-70A8-49C5-BE3A-2743EA2F2F3F/mount}
2026-10-02 16:28:07.277468+0700 xctest[63167:85506370] [client] Not Valid
2026-10-02 16:28:07.277506+0700 xctest[63167:85506370] [client] CacheDeleteCopyAvailableSpaceForVolume failed for volume /private/var/folders/89/bwjml4px7bd8_gc4y493myh80000gn/T/FSTCapacityImageQA-EBB402BB-70A8-49C5-BE3A-2743EA2F2F3F/mount: Error Domain=CacheDeleteErrorDomain Code=10 "(null)" UserInfo={Invalid volume=/private/var/folders/89/bwjml4px7bd8_gc4y493myh80000gn/T/FSTCapacityImageQA-EBB402BB-70A8-49C5-BE3A-2743EA2F2F3F/mount}
[ERROR] TRANSFER ERROR: Destination capacity is below the required preflight floor. Floor: 32 MB (33,554,432 bytes), Available: 13.6 MB (14,278,656 bytes).
[SYSTEM] Report saved: /var/folders/89/bwjml4px7bd8_gc4y493myh80000gn/T/FSTCapacityImageQA-EBB402BB-70A8-49C5-BE3A-2743EA2F2F3F/mount/FST_Report_FST-20261002-162807-42C0CFE6.txt
2026-10-02 16:28:07.292556+0700 xctest[63167:85506331] [client] Not Valid
2026-10-02 16:28:07.292593+0700 xctest[63167:85506331] [client] CacheDeleteCopyAvailableSpaceForVolume failed for volume /private/var/folders/89/bwjml4px7bd8_gc4y493myh80000gn/T/FSTCapacityImageQA-EBB402BB-70A8-49C5-BE3A-2743EA2F2F3F/mount: Error Domain=CacheDeleteErrorDomain Code=10 "(null)" UserInfo={Invalid volume=/private/var/folders/89/bwjml4px7bd8_gc4y493myh80000gn/T/FSTCapacityImageQA-EBB402BB-70A8-49C5-BE3A-2743EA2F2F3F/mount}
2026-10-02 16:28:07.825198+0700 xctest[63167:85506331] [client] Not Valid
2026-10-02 16:28:07.825236+0700 xctest[63167:85506331] [client] CacheDeleteCopyAvailableSpaceForVolume failed for volume /private/var/folders/89/bwjml4px7bd8_gc4y493myh80000gn/T/FSTCapacityImageQA-EBB402BB-70A8-49C5-BE3A-2743EA2F2F3F/mount: Error Domain=CacheDeleteErrorDomain Code=10 "(null)" UserInfo={Invalid volume=/private/var/folders/89/bwjml4px7bd8_gc4y493myh80000gn/T/FSTCapacityImageQA-EBB402BB-70A8-49C5-BE3A-2743EA2F2F3F/mount}
FST_CAPACITY_QA FS=APFS F_GE_FLOOR_PASS=YES RSYNC=3.4.4 HASH_FILES=8192 HASH=PASS OBSERVER_L=8192 GUARANTEED_FIT_CLAIM=NONE
FST_CAPACITY_QA CLEANUP=PASS ROOT=/var/folders/89/bwjml4px7bd8_gc4y493myh80000gn/T/FSTCapacityImageQA-EBB402BB-70A8-49C5-BE3A-2743EA2F2F3F OWNER_MEDIA_TOUCHED=NONE
Test Case '-[FishSockTransferTests.DestinationCapacityImageRuntimeXCTests testDisposableAPFSAdmissionAndVerifiedCopy]' passed (11.882 seconds).
Test Case '-[FishSockTransferTests.DestinationCapacityImageRuntimeXCTests testDisposableExfatLogicalWarningAndVerifiedCopy]' started.
2026-10-02 16:28:17.763292+0700 xctest[63167:85506372] [client] Not Valid
2026-10-02 16:28:17.763333+0700 xctest[63167:85506372] [client] CacheDeleteCopyAvailableSpaceForVolume failed for volume /private/var/folders/89/bwjml4px7bd8_gc4y493myh80000gn/T/FSTCapacityImageQA-09E7C6B9-2E95-4DB5-8328-4AEF097D3946/mount: Error Domain=CacheDeleteErrorDomain Code=10 "(null)" UserInfo={Invalid volume=/private/var/folders/89/bwjml4px7bd8_gc4y493myh80000gn/T/FSTCapacityImageQA-09E7C6B9-2E95-4DB5-8328-4AEF097D3946/mount}
2026-10-02 16:28:17.798027+0700 xctest[63167:85506372] [client] Not Valid
2026-10-02 16:28:17.798072+0700 xctest[63167:85506372] [client] CacheDeleteCopyAvailableSpaceForVolume failed for volume /private/var/folders/89/bwjml4px7bd8_gc4y493myh80000gn/T/FSTCapacityImageQA-09E7C6B9-2E95-4DB5-8328-4AEF097D3946/mount: Error Domain=CacheDeleteErrorDomain Code=10 "(null)" UserInfo={Invalid volume=/private/var/folders/89/bwjml4px7bd8_gc4y493myh80000gn/T/FSTCapacityImageQA-09E7C6B9-2E95-4DB5-8328-4AEF097D3946/mount}
FST_CAPACITY_QA FS=exfat UNIT=512 L=512 FLOOR=512 F=536608768 POLICY=logicalOnlyUnvalidated
2026-10-02 16:28:17.826277+0700 xctest[63167:85506372] [client] Not Valid
2026-10-02 16:28:17.826319+0700 xctest[63167:85506372] [client] CacheDeleteCopyAvailableSpaceForVolume failed for volume /private/var/folders/89/bwjml4px7bd8_gc4y493myh80000gn/T/FSTCapacityImageQA-09E7C6B9-2E95-4DB5-8328-4AEF097D3946/mount: Error Domain=CacheDeleteErrorDomain Code=10 "(null)" UserInfo={Invalid volume=/private/var/folders/89/bwjml4px7bd8_gc4y493myh80000gn/T/FSTCapacityImageQA-09E7C6B9-2E95-4DB5-8328-4AEF097D3946/mount}
2026-10-02 16:28:17.828432+0700 xctest[63167:85506372] [client] Not Valid
2026-10-02 16:28:17.828475+0700 xctest[63167:85506372] [client] CacheDeleteCopyAvailableSpaceForVolume failed for volume /private/var/folders/89/bwjml4px7bd8_gc4y493myh80000gn/T/FSTCapacityImageQA-09E7C6B9-2E95-4DB5-8328-4AEF097D3946/mount: Error Domain=CacheDeleteErrorDomain Code=10 "(null)" UserInfo={Invalid volume=/private/var/folders/89/bwjml4px7bd8_gc4y493myh80000gn/T/FSTCapacityImageQA-09E7C6B9-2E95-4DB5-8328-4AEF097D3946/mount}
2026-10-02 16:28:17.831624+0700 xctest[63167:85506372] [client] Not Valid
2026-10-02 16:28:17.831665+0700 xctest[63167:85506372] [client] CacheDeleteCopyAvailableSpaceForVolume failed for volume /private/var/folders/89/bwjml4px7bd8_gc4y493myh80000gn/T/FSTCapacityImageQA-09E7C6B9-2E95-4DB5-8328-4AEF097D3946/mount: Error Domain=CacheDeleteErrorDomain Code=10 "(null)" UserInfo={Invalid volume=/private/var/folders/89/bwjml4px7bd8_gc4y493myh80000gn/T/FSTCapacityImageQA-09E7C6B9-2E95-4DB5-8328-4AEF097D3946/mount}
2026-10-02 16:28:17.833933+0700 xctest[63167:85506372] [client] Not Valid
2026-10-02 16:28:17.833971+0700 xctest[63167:85506372] [client] CacheDeleteCopyAvailableSpaceForVolume failed for volume /private/var/folders/89/bwjml4px7bd8_gc4y493myh80000gn/T/FSTCapacityImageQA-09E7C6B9-2E95-4DB5-8328-4AEF097D3946/mount: Error Domain=CacheDeleteErrorDomain Code=10 "(null)" UserInfo={Invalid volume=/private/var/folders/89/bwjml4px7bd8_gc4y493myh80000gn/T/FSTCapacityImageQA-09E7C6B9-2E95-4DB5-8328-4AEF097D3946/mount}
2026-10-02 16:28:17.836159+0700 xctest[63167:85506372] [client] Not Valid
2026-10-02 16:28:17.836185+0700 xctest[63167:85506372] [client] CacheDeleteCopyAvailableSpaceForVolume failed for volume /private/var/folders/89/bwjml4px7bd8_gc4y493myh80000gn/T/FSTCapacityImageQA-09E7C6B9-2E95-4DB5-8328-4AEF097D3946/mount: Error Domain=CacheDeleteErrorDomain Code=10 "(null)" UserInfo={Invalid volume=/private/var/folders/89/bwjml4px7bd8_gc4y493myh80000gn/T/FSTCapacityImageQA-09E7C6B9-2E95-4DB5-8328-4AEF097D3946/mount}
2026-10-02 16:28:17.838095+0700 xctest[63167:85506372] [client] Not Valid
2026-10-02 16:28:17.838125+0700 xctest[63167:85506372] [client] CacheDeleteCopyAvailableSpaceForVolume failed for volume /private/var/folders/89/bwjml4px7bd8_gc4y493myh80000gn/T/FSTCapacityImageQA-09E7C6B9-2E95-4DB5-8328-4AEF097D3946/mount: Error Domain=CacheDeleteErrorDomain Code=10 "(null)" UserInfo={Invalid volume=/private/var/folders/89/bwjml4px7bd8_gc4y493myh80000gn/T/FSTCapacityImageQA-09E7C6B9-2E95-4DB5-8328-4AEF097D3946/mount}
2026-10-02 16:28:17.843220+0700 xctest[63167:85506372] [client] Not Valid
2026-10-02 16:28:17.843253+0700 xctest[63167:85506372] [client] CacheDeleteCopyAvailableSpaceForVolume failed for volume /private/var/folders/89/bwjml4px7bd8_gc4y493myh80000gn/T/FSTCapacityImageQA-09E7C6B9-2E95-4DB5-8328-4AEF097D3946/mount: Error Domain=CacheDeleteErrorDomain Code=10 "(null)" UserInfo={Invalid volume=/private/var/folders/89/bwjml4px7bd8_gc4y493myh80000gn/T/FSTCapacityImageQA-09E7C6B9-2E95-4DB5-8328-4AEF097D3946/mount}
2026-10-02 16:28:17.845357+0700 xctest[63167:85506372] [client] Not Valid
2026-10-02 16:28:17.845398+0700 xctest[63167:85506372] [client] CacheDeleteCopyAvailableSpaceForVolume failed for volume /private/var/folders/89/bwjml4px7bd8_gc4y493myh80000gn/T/FSTCapacityImageQA-09E7C6B9-2E95-4DB5-8328-4AEF097D3946/mount: Error Domain=CacheDeleteErrorDomain Code=10 "(null)" UserInfo={Invalid volume=/private/var/folders/89/bwjml4px7bd8_gc4y493myh80000gn/T/FSTCapacityImageQA-09E7C6B9-2E95-4DB5-8328-4AEF097D3946/mount}
2026-10-02 16:28:17.847524+0700 xctest[63167:85506372] [client] Not Valid
2026-10-02 16:28:17.847560+0700 xctest[63167:85506372] [client] CacheDeleteCopyAvailableSpaceForVolume failed for volume /private/var/folders/89/bwjml4px7bd8_gc4y493myh80000gn/T/FSTCapacityImageQA-09E7C6B9-2E95-4DB5-8328-4AEF097D3946/mount: Error Domain=CacheDeleteErrorDomain Code=10 "(null)" UserInfo={Invalid volume=/private/var/folders/89/bwjml4px7bd8_gc4y493myh80000gn/T/FSTCapacityImageQA-09E7C6B9-2E95-4DB5-8328-4AEF097D3946/mount}
2026-10-02 16:28:17.849189+0700 xctest[63167:85506372] [client] Not Valid
2026-10-02 16:28:17.849215+0700 xctest[63167:85506372] [client] CacheDeleteCopyAvailableSpaceForVolume failed for volume /private/var/folders/89/bwjml4px7bd8_gc4y493myh80000gn/T/FSTCapacityImageQA-09E7C6B9-2E95-4DB5-8328-4AEF097D3946/mount: Error Domain=CacheDeleteErrorDomain Code=10 "(null)" UserInfo={Invalid volume=/private/var/folders/89/bwjml4px7bd8_gc4y493myh80000gn/T/FSTCapacityImageQA-09E7C6B9-2E95-4DB5-8328-4AEF097D3946/mount}
2026-10-02 16:28:17.850649+0700 xctest[63167:85506372] [client] Not Valid
2026-10-02 16:28:17.850669+0700 xctest[63167:85506372] [client] CacheDeleteCopyAvailableSpaceForVolume failed for volume /private/var/folders/89/bwjml4px7bd8_gc4y493myh80000gn/T/FSTCapacityImageQA-09E7C6B9-2E95-4DB5-8328-4AEF097D3946/mount: Error Domain=CacheDeleteErrorDomain Code=10 "(null)" UserInfo={Invalid volume=/private/var/folders/89/bwjml4px7bd8_gc4y493myh80000gn/T/FSTCapacityImageQA-09E7C6B9-2E95-4DB5-8328-4AEF097D3946/mount}
2026-10-02 16:28:17.852268+0700 xctest[63167:85506372] [client] Not Valid
2026-10-02 16:28:17.852301+0700 xctest[63167:85506372] [client] CacheDeleteCopyAvailableSpaceForVolume failed for volume /private/var/folders/89/bwjml4px7bd8_gc4y493myh80000gn/T/FSTCapacityImageQA-09E7C6B9-2E95-4DB5-8328-4AEF097D3946/mount: Error Domain=CacheDeleteErrorDomain Code=10 "(null)" UserInfo={Invalid volume=/private/var/folders/89/bwjml4px7bd8_gc4y493myh80000gn/T/FSTCapacityImageQA-09E7C6B9-2E95-4DB5-8328-4AEF097D3946/mount}
2026-10-02 16:28:17.854166+0700 xctest[63167:85506372] [client] Not Valid
2026-10-02 16:28:17.854198+0700 xctest[63167:85506372] [client] CacheDeleteCopyAvailableSpaceForVolume failed for volume /private/var/folders/89/bwjml4px7bd8_gc4y493myh80000gn/T/FSTCapacityImageQA-09E7C6B9-2E95-4DB5-8328-4AEF097D3946/mount: Error Domain=CacheDeleteErrorDomain Code=10 "(null)" UserInfo={Invalid volume=/private/var/folders/89/bwjml4px7bd8_gc4y493myh80000gn/T/FSTCapacityImageQA-09E7C6B9-2E95-4DB5-8328-4AEF097D3946/mount}
2026-10-02 16:28:17.857525+0700 xctest[63167:85506372] [client] Not Valid
2026-10-02 16:28:17.857558+0700 xctest[63167:85506372] [client] CacheDeleteCopyAvailableSpaceForVolume failed for volume /private/var/folders/89/bwjml4px7bd8_gc4y493myh80000gn/T/FSTCapacityImageQA-09E7C6B9-2E95-4DB5-8328-4AEF097D3946/mount: Error Domain=CacheDeleteErrorDomain Code=10 "(null)" UserInfo={Invalid volume=/private/var/folders/89/bwjml4px7bd8_gc4y493myh80000gn/T/FSTCapacityImageQA-09E7C6B9-2E95-4DB5-8328-4AEF097D3946/mount}
2026-10-02 16:28:17.859035+0700 xctest[63167:85506372] [client] Not Valid
2026-10-02 16:28:17.859078+0700 xctest[63167:85506372] [client] CacheDeleteCopyAvailableSpaceForVolume failed for volume /private/var/folders/89/bwjml4px7bd8_gc4y493myh80000gn/T/FSTCapacityImageQA-09E7C6B9-2E95-4DB5-8328-4AEF097D3946/mount: Error Domain=CacheDeleteErrorDomain Code=10 "(null)" UserInfo={Invalid volume=/private/var/folders/89/bwjml4px7bd8_gc4y493myh80000gn/T/FSTCapacityImageQA-09E7C6B9-2E95-4DB5-8328-4AEF097D3946/mount}
2026-10-02 16:28:17.860655+0700 xctest[63167:85506372] [client] Not Valid
2026-10-02 16:28:17.860681+0700 xctest[63167:85506372] [client] CacheDeleteCopyAvailableSpaceForVolume failed for volume /private/var/folders/89/bwjml4px7bd8_gc4y493myh80000gn/T/FSTCapacityImageQA-09E7C6B9-2E95-4DB5-8328-4AEF097D3946/mount: Error Domain=CacheDeleteErrorDomain Code=10 "(null)" UserInfo={Invalid volume=/private/var/folders/89/bwjml4px7bd8_gc4y493myh80000gn/T/FSTCapacityImageQA-09E7C6B9-2E95-4DB5-8328-4AEF097D3946/mount}
2026-10-02 16:28:17.862041+0700 xctest[63167:85506372] [client] Not Valid
2026-10-02 16:28:17.862062+0700 xctest[63167:85506372] [client] CacheDeleteCopyAvailableSpaceForVolume failed for volume /private/var/folders/89/bwjml4px7bd8_gc4y493myh80000gn/T/FSTCapacityImageQA-09E7C6B9-2E95-4DB5-8328-4AEF097D3946/mount: Error Domain=CacheDeleteErrorDomain Code=10 "(null)" UserInfo={Invalid volume=/private/var/folders/89/bwjml4px7bd8_gc4y493myh80000gn/T/FSTCapacityImageQA-09E7C6B9-2E95-4DB5-8328-4AEF097D3946/mount}
2026-10-02 16:28:17.863945+0700 xctest[63167:85506372] [client] Not Valid
2026-10-02 16:28:17.863971+0700 xctest[63167:85506372] [client] CacheDeleteCopyAvailableSpaceForVolume failed for volume /private/var/folders/89/bwjml4px7bd8_gc4y493myh80000gn/T/FSTCapacityImageQA-09E7C6B9-2E95-4DB5-8328-4AEF097D3946/mount: Error Domain=CacheDeleteErrorDomain Code=10 "(null)" UserInfo={Invalid volume=/private/var/folders/89/bwjml4px7bd8_gc4y493myh80000gn/T/FSTCapacityImageQA-09E7C6B9-2E95-4DB5-8328-4AEF097D3946/mount}
2026-10-02 16:28:17.865564+0700 xctest[63167:85506372] [client] Not Valid
2026-10-02 16:28:17.865591+0700 xctest[63167:85506372] [client] CacheDeleteCopyAvailableSpaceForVolume failed for volume /private/var/folders/89/bwjml4px7bd8_gc4y493myh80000gn/T/FSTCapacityImageQA-09E7C6B9-2E95-4DB5-8328-4AEF097D3946/mount: Error Domain=CacheDeleteErrorDomain Code=10 "(null)" UserInfo={Invalid volume=/private/var/folders/89/bwjml4px7bd8_gc4y493myh80000gn/T/FSTCapacityImageQA-09E7C6B9-2E95-4DB5-8328-4AEF097D3946/mount}
2026-10-02 16:28:17.867199+0700 xctest[63167:85506372] [client] Not Valid
2026-10-02 16:28:17.867224+0700 xctest[63167:85506372] [client] CacheDeleteCopyAvailableSpaceForVolume failed for volume /private/var/folders/89/bwjml4px7bd8_gc4y493myh80000gn/T/FSTCapacityImageQA-09E7C6B9-2E95-4DB5-8328-4AEF097D3946/mount: Error Domain=CacheDeleteErrorDomain Code=10 "(null)" UserInfo={Invalid volume=/private/var/folders/89/bwjml4px7bd8_gc4y493myh80000gn/T/FSTCapacityImageQA-09E7C6B9-2E95-4DB5-8328-4AEF097D3946/mount}
2026-10-02 16:28:17.868851+0700 xctest[63167:85506372] [client] Not Valid
2026-10-02 16:28:17.868875+0700 xctest[63167:85506372] [client] CacheDeleteCopyAvailableSpaceForVolume failed for volume /private/var/folders/89/bwjml4px7bd8_gc4y493myh80000gn/T/FSTCapacityImageQA-09E7C6B9-2E95-4DB5-8328-4AEF097D3946/mount: Error Domain=CacheDeleteErrorDomain Code=10 "(null)" UserInfo={Invalid volume=/private/var/folders/89/bwjml4px7bd8_gc4y493myh80000gn/T/FSTCapacityImageQA-09E7C6B9-2E95-4DB5-8328-4AEF097D3946/mount}
2026-10-02 16:28:17.870641+0700 xctest[63167:85506372] [client] Not Valid
2026-10-02 16:28:17.870676+0700 xctest[63167:85506372] [client] CacheDeleteCopyAvailableSpaceForVolume failed for volume /private/var/folders/89/bwjml4px7bd8_gc4y493myh80000gn/T/FSTCapacityImageQA-09E7C6B9-2E95-4DB5-8328-4AEF097D3946/mount: Error Domain=CacheDeleteErrorDomain Code=10 "(null)" UserInfo={Invalid volume=/private/var/folders/89/bwjml4px7bd8_gc4y493myh80000gn/T/FSTCapacityImageQA-09E7C6B9-2E95-4DB5-8328-4AEF097D3946/mount}
2026-10-02 16:28:17.875170+0700 xctest[63167:85506372] [client] Not Valid
2026-10-02 16:28:17.875202+0700 xctest[63167:85506372] [client] CacheDeleteCopyAvailableSpaceForVolume failed for volume /private/var/folders/89/bwjml4px7bd8_gc4y493myh80000gn/T/FSTCapacityImageQA-09E7C6B9-2E95-4DB5-8328-4AEF097D3946/mount: Error Domain=CacheDeleteErrorDomain Code=10 "(null)" UserInfo={Invalid volume=/private/var/folders/89/bwjml4px7bd8_gc4y493myh80000gn/T/FSTCapacityImageQA-09E7C6B9-2E95-4DB5-8328-4AEF097D3946/mount}
2026-10-02 16:28:17.876292+0700 xctest[63167:85506372] [client] Not Valid
2026-10-02 16:28:17.876312+0700 xctest[63167:85506372] [client] CacheDeleteCopyAvailableSpaceForVolume failed for volume /private/var/folders/89/bwjml4px7bd8_gc4y493myh80000gn/T/FSTCapacityImageQA-09E7C6B9-2E95-4DB5-8328-4AEF097D3946/mount: Error Domain=CacheDeleteErrorDomain Code=10 "(null)" UserInfo={Invalid volume=/private/var/folders/89/bwjml4px7bd8_gc4y493myh80000gn/T/FSTCapacityImageQA-09E7C6B9-2E95-4DB5-8328-4AEF097D3946/mount}
2026-10-02 16:28:17.877372+0700 xctest[63167:85506372] [client] Not Valid
2026-10-02 16:28:17.877391+0700 xctest[63167:85506372] [client] CacheDeleteCopyAvailableSpaceForVolume failed for volume /private/var/folders/89/bwjml4px7bd8_gc4y493myh80000gn/T/FSTCapacityImageQA-09E7C6B9-2E95-4DB5-8328-4AEF097D3946/mount: Error Domain=CacheDeleteErrorDomain Code=10 "(null)" UserInfo={Invalid volume=/private/var/folders/89/bwjml4px7bd8_gc4y493myh80000gn/T/FSTCapacityImageQA-09E7C6B9-2E95-4DB5-8328-4AEF097D3946/mount}
2026-10-02 16:28:17.878303+0700 xctest[63167:85506372] [client] Not Valid
2026-10-02 16:28:17.878318+0700 xctest[63167:85506372] [client] CacheDeleteCopyAvailableSpaceForVolume failed for volume /private/var/folders/89/bwjml4px7bd8_gc4y493myh80000gn/T/FSTCapacityImageQA-09E7C6B9-2E95-4DB5-8328-4AEF097D3946/mount: Error Domain=CacheDeleteErrorDomain Code=10 "(null)" UserInfo={Invalid volume=/private/var/folders/89/bwjml4px7bd8_gc4y493myh80000gn/T/FSTCapacityImageQA-09E7C6B9-2E95-4DB5-8328-4AEF097D3946/mount}
2026-10-02 16:28:17.879194+0700 xctest[63167:85506372] [client] Not Valid
2026-10-02 16:28:17.879215+0700 xctest[63167:85506372] [client] CacheDeleteCopyAvailableSpaceForVolume failed for volume /private/var/folders/89/bwjml4px7bd8_gc4y493myh80000gn/T/FSTCapacityImageQA-09E7C6B9-2E95-4DB5-8328-4AEF097D3946/mount: Error Domain=CacheDeleteErrorDomain Code=10 "(null)" UserInfo={Invalid volume=/private/var/folders/89/bwjml4px7bd8_gc4y493myh80000gn/T/FSTCapacityImageQA-09E7C6B9-2E95-4DB5-8328-4AEF097D3946/mount}
2026-10-02 16:28:17.880186+0700 xctest[63167:85506372] [client] Not Valid
2026-10-02 16:28:17.880206+0700 xctest[63167:85506372] [client] CacheDeleteCopyAvailableSpaceForVolume failed for volume /private/var/folders/89/bwjml4px7bd8_gc4y493myh80000gn/T/FSTCapacityImageQA-09E7C6B9-2E95-4DB5-8328-4AEF097D3946/mount: Error Domain=CacheDeleteErrorDomain Code=10 "(null)" UserInfo={Invalid volume=/private/var/folders/89/bwjml4px7bd8_gc4y493myh80000gn/T/FSTCapacityImageQA-09E7C6B9-2E95-4DB5-8328-4AEF097D3946/mount}
2026-10-02 16:28:17.881277+0700 xctest[63167:85506372] [client] Not Valid
2026-10-02 16:28:17.881300+0700 xctest[63167:85506372] [client] CacheDeleteCopyAvailableSpaceForVolume failed for volume /private/var/folders/89/bwjml4px7bd8_gc4y493myh80000gn/T/FSTCapacityImageQA-09E7C6B9-2E95-4DB5-8328-4AEF097D3946/mount: Error Domain=CacheDeleteErrorDomain Code=10 "(null)" UserInfo={Invalid volume=/private/var/folders/89/bwjml4px7bd8_gc4y493myh80000gn/T/FSTCapacityImageQA-09E7C6B9-2E95-4DB5-8328-4AEF097D3946/mount}
2026-10-02 16:28:17.882492+0700 xctest[63167:85506372] [client] Not Valid
2026-10-02 16:28:17.882515+0700 xctest[63167:85506372] [client] CacheDeleteCopyAvailableSpaceForVolume failed for volume /private/var/folders/89/bwjml4px7bd8_gc4y493myh80000gn/T/FSTCapacityImageQA-09E7C6B9-2E95-4DB5-8328-4AEF097D3946/mount: Error Domain=CacheDeleteErrorDomain Code=10 "(null)" UserInfo={Invalid volume=/private/var/folders/89/bwjml4px7bd8_gc4y493myh80000gn/T/FSTCapacityImageQA-09E7C6B9-2E95-4DB5-8328-4AEF097D3946/mount}
2026-10-02 16:28:17.883631+0700 xctest[63167:85506372] [client] Not Valid
2026-10-02 16:28:17.883659+0700 xctest[63167:85506372] [client] CacheDeleteCopyAvailableSpaceForVolume failed for volume /private/var/folders/89/bwjml4px7bd8_gc4y493myh80000gn/T/FSTCapacityImageQA-09E7C6B9-2E95-4DB5-8328-4AEF097D3946/mount: Error Domain=CacheDeleteErrorDomain Code=10 "(null)" UserInfo={Invalid volume=/private/var/folders/89/bwjml4px7bd8_gc4y493myh80000gn/T/FSTCapacityImageQA-09E7C6B9-2E95-4DB5-8328-4AEF097D3946/mount}
2026-10-02 16:28:17.885130+0700 xctest[63167:85506372] [client] Not Valid
2026-10-02 16:28:17.885194+0700 xctest[63167:85506372] [client] CacheDeleteCopyAvailableSpaceForVolume failed for volume /private/var/folders/89/bwjml4px7bd8_gc4y493myh80000gn/T/FSTCapacityImageQA-09E7C6B9-2E95-4DB5-8328-4AEF097D3946/mount: Error Domain=CacheDeleteErrorDomain Code=10 "(null)" UserInfo={Invalid volume=/private/var/folders/89/bwjml4px7bd8_gc4y493myh80000gn/T/FSTCapacityImageQA-09E7C6B9-2E95-4DB5-8328-4AEF097D3946/mount}
2026-10-02 16:28:17.886826+0700 xctest[63167:85506372] [client] Not Valid
2026-10-02 16:28:17.886862+0700 xctest[63167:85506372] [client] CacheDeleteCopyAvailableSpaceForVolume failed for volume /private/var/folders/89/bwjml4px7bd8_gc4y493myh80000gn/T/FSTCapacityImageQA-09E7C6B9-2E95-4DB5-8328-4AEF097D3946/mount: Error Domain=CacheDeleteErrorDomain Code=10 "(null)" UserInfo={Invalid volume=/private/var/folders/89/bwjml4px7bd8_gc4y493myh80000gn/T/FSTCapacityImageQA-09E7C6B9-2E95-4DB5-8328-4AEF097D3946/mount}
2026-10-02 16:28:17.887979+0700 xctest[63167:85506372] [client] Not Valid
2026-10-02 16:28:17.887996+0700 xctest[63167:85506372] [client] CacheDeleteCopyAvailableSpaceForVolume failed for volume /private/var/folders/89/bwjml4px7bd8_gc4y493myh80000gn/T/FSTCapacityImageQA-09E7C6B9-2E95-4DB5-8328-4AEF097D3946/mount: Error Domain=CacheDeleteErrorDomain Code=10 "(null)" UserInfo={Invalid volume=/private/var/folders/89/bwjml4px7bd8_gc4y493myh80000gn/T/FSTCapacityImageQA-09E7C6B9-2E95-4DB5-8328-4AEF097D3946/mount}
2026-10-02 16:28:17.889243+0700 xctest[63167:85506372] [client] Not Valid
2026-10-02 16:28:17.889268+0700 xctest[63167:85506372] [client] CacheDeleteCopyAvailableSpaceForVolume failed for volume /private/var/folders/89/bwjml4px7bd8_gc4y493myh80000gn/T/FSTCapacityImageQA-09E7C6B9-2E95-4DB5-8328-4AEF097D3946/mount: Error Domain=CacheDeleteErrorDomain Code=10 "(null)" UserInfo={Invalid volume=/private/var/folders/89/bwjml4px7bd8_gc4y493myh80000gn/T/FSTCapacityImageQA-09E7C6B9-2E95-4DB5-8328-4AEF097D3946/mount}
2026-10-02 16:28:17.890337+0700 xctest[63167:85506372] [client] Not Valid
2026-10-02 16:28:17.890359+0700 xctest[63167:85506372] [client] CacheDeleteCopyAvailableSpaceForVolume failed for volume /private/var/folders/89/bwjml4px7bd8_gc4y493myh80000gn/T/FSTCapacityImageQA-09E7C6B9-2E95-4DB5-8328-4AEF097D3946/mount: Error Domain=CacheDeleteErrorDomain Code=10 "(null)" UserInfo={Invalid volume=/private/var/folders/89/bwjml4px7bd8_gc4y493myh80000gn/T/FSTCapacityImageQA-09E7C6B9-2E95-4DB5-8328-4AEF097D3946/mount}
2026-10-02 16:28:17.891426+0700 xctest[63167:85506372] [client] Not Valid
2026-10-02 16:28:17.891457+0700 xctest[63167:85506372] [client] CacheDeleteCopyAvailableSpaceForVolume failed for volume /private/var/folders/89/bwjml4px7bd8_gc4y493myh80000gn/T/FSTCapacityImageQA-09E7C6B9-2E95-4DB5-8328-4AEF097D3946/mount: Error Domain=CacheDeleteErrorDomain Code=10 "(null)" UserInfo={Invalid volume=/private/var/folders/89/bwjml4px7bd8_gc4y493myh80000gn/T/FSTCapacityImageQA-09E7C6B9-2E95-4DB5-8328-4AEF097D3946/mount}
2026-10-02 16:28:17.893312+0700 xctest[63167:85506372] [client] Not Valid
2026-10-02 16:28:17.893345+0700 xctest[63167:85506372] [client] CacheDeleteCopyAvailableSpaceForVolume failed for volume /private/var/folders/89/bwjml4px7bd8_gc4y493myh80000gn/T/FSTCapacityImageQA-09E7C6B9-2E95-4DB5-8328-4AEF097D3946/mount: Error Domain=CacheDeleteErrorDomain Code=10 "(null)" UserInfo={Invalid volume=/private/var/folders/89/bwjml4px7bd8_gc4y493myh80000gn/T/FSTCapacityImageQA-09E7C6B9-2E95-4DB5-8328-4AEF097D3946/mount}
2026-10-02 16:28:17.894636+0700 xctest[63167:85506372] [client] Not Valid
2026-10-02 16:28:17.894660+0700 xctest[63167:85506372] [client] CacheDeleteCopyAvailableSpaceForVolume failed for volume /private/var/folders/89/bwjml4px7bd8_gc4y493myh80000gn/T/FSTCapacityImageQA-09E7C6B9-2E95-4DB5-8328-4AEF097D3946/mount: Error Domain=CacheDeleteErrorDomain Code=10 "(null)" UserInfo={Invalid volume=/private/var/folders/89/bwjml4px7bd8_gc4y493myh80000gn/T/FSTCapacityImageQA-09E7C6B9-2E95-4DB5-8328-4AEF097D3946/mount}
2026-10-02 16:28:17.895798+0700 xctest[63167:85506372] [client] Not Valid
2026-10-02 16:28:17.895826+0700 xctest[63167:85506372] [client] CacheDeleteCopyAvailableSpaceForVolume failed for volume /private/var/folders/89/bwjml4px7bd8_gc4y493myh80000gn/T/FSTCapacityImageQA-09E7C6B9-2E95-4DB5-8328-4AEF097D3946/mount: Error Domain=CacheDeleteErrorDomain Code=10 "(null)" UserInfo={Invalid volume=/private/var/folders/89/bwjml4px7bd8_gc4y493myh80000gn/T/FSTCapacityImageQA-09E7C6B9-2E95-4DB5-8328-4AEF097D3946/mount}
2026-10-02 16:28:17.896831+0700 xctest[63167:85506372] [client] Not Valid
2026-10-02 16:28:17.896860+0700 xctest[63167:85506372] [client] CacheDeleteCopyAvailableSpaceForVolume failed for volume /private/var/folders/89/bwjml4px7bd8_gc4y493myh80000gn/T/FSTCapacityImageQA-09E7C6B9-2E95-4DB5-8328-4AEF097D3946/mount: Error Domain=CacheDeleteErrorDomain Code=10 "(null)" UserInfo={Invalid volume=/private/var/folders/89/bwjml4px7bd8_gc4y493myh80000gn/T/FSTCapacityImageQA-09E7C6B9-2E95-4DB5-8328-4AEF097D3946/mount}
2026-10-02 16:28:17.898244+0700 xctest[63167:85506372] [client] Not Valid
2026-10-02 16:28:17.898271+0700 xctest[63167:85506372] [client] CacheDeleteCopyAvailableSpaceForVolume failed for volume /private/var/folders/89/bwjml4px7bd8_gc4y493myh80000gn/T/FSTCapacityImageQA-09E7C6B9-2E95-4DB5-8328-4AEF097D3946/mount: Error Domain=CacheDeleteErrorDomain Code=10 "(null)" UserInfo={Invalid volume=/private/var/folders/89/bwjml4px7bd8_gc4y493myh80000gn/T/FSTCapacityImageQA-09E7C6B9-2E95-4DB5-8328-4AEF097D3946/mount}
2026-10-02 16:28:17.899357+0700 xctest[63167:85506372] [client] Not Valid
2026-10-02 16:28:17.899379+0700 xctest[63167:85506372] [client] CacheDeleteCopyAvailableSpaceForVolume failed for volume /private/var/folders/89/bwjml4px7bd8_gc4y493myh80000gn/T/FSTCapacityImageQA-09E7C6B9-2E95-4DB5-8328-4AEF097D3946/mount: Error Domain=CacheDeleteErrorDomain Code=10 "(null)" UserInfo={Invalid volume=/private/var/folders/89/bwjml4px7bd8_gc4y493myh80000gn/T/FSTCapacityImageQA-09E7C6B9-2E95-4DB5-8328-4AEF097D3946/mount}
2026-10-02 16:28:17.900195+0700 xctest[63167:85506372] [client] Not Valid
2026-10-02 16:28:17.900214+0700 xctest[63167:85506372] [client] CacheDeleteCopyAvailableSpaceForVolume failed for volume /private/var/folders/89/bwjml4px7bd8_gc4y493myh80000gn/T/FSTCapacityImageQA-09E7C6B9-2E95-4DB5-8328-4AEF097D3946/mount: Error Domain=CacheDeleteErrorDomain Code=10 "(null)" UserInfo={Invalid volume=/private/var/folders/89/bwjml4px7bd8_gc4y493myh80000gn/T/FSTCapacityImageQA-09E7C6B9-2E95-4DB5-8328-4AEF097D3946/mount}
2026-10-02 16:28:17.901069+0700 xctest[63167:85506372] [client] Not Valid
2026-10-02 16:28:17.901093+0700 xctest[63167:85506372] [client] CacheDeleteCopyAvailableSpaceForVolume failed for volume /private/var/folders/89/bwjml4px7bd8_gc4y493myh80000gn/T/FSTCapacityImageQA-09E7C6B9-2E95-4DB5-8328-4AEF097D3946/mount: Error Domain=CacheDeleteErrorDomain Code=10 "(null)" UserInfo={Invalid volume=/private/var/folders/89/bwjml4px7bd8_gc4y493myh80000gn/T/FSTCapacityImageQA-09E7C6B9-2E95-4DB5-8328-4AEF097D3946/mount}
2026-10-02 16:28:17.902267+0700 xctest[63167:85506372] [client] Not Valid
2026-10-02 16:28:17.902295+0700 xctest[63167:85506372] [client] CacheDeleteCopyAvailableSpaceForVolume failed for volume /private/var/folders/89/bwjml4px7bd8_gc4y493myh80000gn/T/FSTCapacityImageQA-09E7C6B9-2E95-4DB5-8328-4AEF097D3946/mount: Error Domain=CacheDeleteErrorDomain Code=10 "(null)" UserInfo={Invalid volume=/private/var/folders/89/bwjml4px7bd8_gc4y493myh80000gn/T/FSTCapacityImageQA-09E7C6B9-2E95-4DB5-8328-4AEF097D3946/mount}
2026-10-02 16:28:17.905957+0700 xctest[63167:85506372] [client] Not Valid
2026-10-02 16:28:17.905985+0700 xctest[63167:85506372] [client] CacheDeleteCopyAvailableSpaceForVolume failed for volume /private/var/folders/89/bwjml4px7bd8_gc4y493myh80000gn/T/FSTCapacityImageQA-09E7C6B9-2E95-4DB5-8328-4AEF097D3946/mount: Error Domain=CacheDeleteErrorDomain Code=10 "(null)" UserInfo={Invalid volume=/private/var/folders/89/bwjml4px7bd8_gc4y493myh80000gn/T/FSTCapacityImageQA-09E7C6B9-2E95-4DB5-8328-4AEF097D3946/mount}
2026-10-02 16:28:17.908194+0700 xctest[63167:85506372] [client] Not Valid
2026-10-02 16:28:17.908218+0700 xctest[63167:85506372] [client] CacheDeleteCopyAvailableSpaceForVolume failed for volume /private/var/folders/89/bwjml4px7bd8_gc4y493myh80000gn/T/FSTCapacityImageQA-09E7C6B9-2E95-4DB5-8328-4AEF097D3946/mount: Error Domain=CacheDeleteErrorDomain Code=10 "(null)" UserInfo={Invalid volume=/private/var/folders/89/bwjml4px7bd8_gc4y493myh80000gn/T/FSTCapacityImageQA-09E7C6B9-2E95-4DB5-8328-4AEF097D3946/mount}
2026-10-02 16:28:17.909645+0700 xctest[63167:85506372] [client] Not Valid
2026-10-02 16:28:17.909662+0700 xctest[63167:85506372] [client] CacheDeleteCopyAvailableSpaceForVolume failed for volume /private/var/folders/89/bwjml4px7bd8_gc4y493myh80000gn/T/FSTCapacityImageQA-09E7C6B9-2E95-4DB5-8328-4AEF097D3946/mount: Error Domain=CacheDeleteErrorDomain Code=10 "(null)" UserInfo={Invalid volume=/private/var/folders/89/bwjml4px7bd8_gc4y493myh80000gn/T/FSTCapacityImageQA-09E7C6B9-2E95-4DB5-8328-4AEF097D3946/mount}
2026-10-02 16:28:17.911111+0700 xctest[63167:85506372] [client] Not Valid
2026-10-02 16:28:17.911128+0700 xctest[63167:85506372] [client] CacheDeleteCopyAvailableSpaceForVolume failed for volume /private/var/folders/89/bwjml4px7bd8_gc4y493myh80000gn/T/FSTCapacityImageQA-09E7C6B9-2E95-4DB5-8328-4AEF097D3946/mount: Error Domain=CacheDeleteErrorDomain Code=10 "(null)" UserInfo={Invalid volume=/private/var/folders/89/bwjml4px7bd8_gc4y493myh80000gn/T/FSTCapacityImageQA-09E7C6B9-2E95-4DB5-8328-4AEF097D3946/mount}
2026-10-02 16:28:17.912489+0700 xctest[63167:85506372] [client] Not Valid
2026-10-02 16:28:17.912518+0700 xctest[63167:85506372] [client] CacheDeleteCopyAvailableSpaceForVolume failed for volume /private/var/folders/89/bwjml4px7bd8_gc4y493myh80000gn/T/FSTCapacityImageQA-09E7C6B9-2E95-4DB5-8328-4AEF097D3946/mount: Error Domain=CacheDeleteErrorDomain Code=10 "(null)" UserInfo={Invalid volume=/private/var/folders/89/bwjml4px7bd8_gc4y493myh80000gn/T/FSTCapacityImageQA-09E7C6B9-2E95-4DB5-8328-4AEF097D3946/mount}
2026-10-02 16:28:17.917122+0700 xctest[63167:85506372] [client] Not Valid
2026-10-02 16:28:17.917163+0700 xctest[63167:85506372] [client] CacheDeleteCopyAvailableSpaceForVolume failed for volume /private/var/folders/89/bwjml4px7bd8_gc4y493myh80000gn/T/FSTCapacityImageQA-09E7C6B9-2E95-4DB5-8328-4AEF097D3946/mount: Error Domain=CacheDeleteErrorDomain Code=10 "(null)" UserInfo={Invalid volume=/private/var/folders/89/bwjml4px7bd8_gc4y493myh80000gn/T/FSTCapacityImageQA-09E7C6B9-2E95-4DB5-8328-4AEF097D3946/mount}
2026-10-02 16:28:17.919655+0700 xctest[63167:85506372] [client] Not Valid
2026-10-02 16:28:17.919698+0700 xctest[63167:85506372] [client] CacheDeleteCopyAvailableSpaceForVolume failed for volume /private/var/folders/89/bwjml4px7bd8_gc4y493myh80000gn/T/FSTCapacityImageQA-09E7C6B9-2E95-4DB5-8328-4AEF097D3946/mount: Error Domain=CacheDeleteErrorDomain Code=10 "(null)" UserInfo={Invalid volume=/private/var/folders/89/bwjml4px7bd8_gc4y493myh80000gn/T/FSTCapacityImageQA-09E7C6B9-2E95-4DB5-8328-4AEF097D3946/mount}
2026-10-02 16:28:17.921392+0700 xctest[63167:85506372] [client] Not Valid
2026-10-02 16:28:17.921422+0700 xctest[63167:85506372] [client] CacheDeleteCopyAvailableSpaceForVolume failed for volume /private/var/folders/89/bwjml4px7bd8_gc4y493myh80000gn/T/FSTCapacityImageQA-09E7C6B9-2E95-4DB5-8328-4AEF097D3946/mount: Error Domain=CacheDeleteErrorDomain Code=10 "(null)" UserInfo={Invalid volume=/private/var/folders/89/bwjml4px7bd8_gc4y493myh80000gn/T/FSTCapacityImageQA-09E7C6B9-2E95-4DB5-8328-4AEF097D3946/mount}
2026-10-02 16:28:17.923775+0700 xctest[63167:85506372] [client] Not Valid
2026-10-02 16:28:17.923803+0700 xctest[63167:85506372] [client] CacheDeleteCopyAvailableSpaceForVolume failed for volume /private/var/folders/89/bwjml4px7bd8_gc4y493myh80000gn/T/FSTCapacityImageQA-09E7C6B9-2E95-4DB5-8328-4AEF097D3946/mount: Error Domain=CacheDeleteErrorDomain Code=10 "(null)" UserInfo={Invalid volume=/private/var/folders/89/bwjml4px7bd8_gc4y493myh80000gn/T/FSTCapacityImageQA-09E7C6B9-2E95-4DB5-8328-4AEF097D3946/mount}
2026-10-02 16:28:17.926036+0700 xctest[63167:85506372] [client] Not Valid
2026-10-02 16:28:17.926057+0700 xctest[63167:85506372] [client] CacheDeleteCopyAvailableSpaceForVolume failed for volume /private/var/folders/89/bwjml4px7bd8_gc4y493myh80000gn/T/FSTCapacityImageQA-09E7C6B9-2E95-4DB5-8328-4AEF097D3946/mount: Error Domain=CacheDeleteErrorDomain Code=10 "(null)" UserInfo={Invalid volume=/private/var/folders/89/bwjml4px7bd8_gc4y493myh80000gn/T/FSTCapacityImageQA-09E7C6B9-2E95-4DB5-8328-4AEF097D3946/mount}
2026-10-02 16:28:17.927730+0700 xctest[63167:85506372] [client] Not Valid
2026-10-02 16:28:17.927765+0700 xctest[63167:85506372] [client] CacheDeleteCopyAvailableSpaceForVolume failed for volume /private/var/folders/89/bwjml4px7bd8_gc4y493myh80000gn/T/FSTCapacityImageQA-09E7C6B9-2E95-4DB5-8328-4AEF097D3946/mount: Error Domain=CacheDeleteErrorDomain Code=10 "(null)" UserInfo={Invalid volume=/private/var/folders/89/bwjml4px7bd8_gc4y493myh80000gn/T/FSTCapacityImageQA-09E7C6B9-2E95-4DB5-8328-4AEF097D3946/mount}
2026-10-02 16:28:17.929243+0700 xctest[63167:85506372] [client] Not Valid
2026-10-02 16:28:17.929269+0700 xctest[63167:85506372] [client] CacheDeleteCopyAvailableSpaceForVolume failed for volume /private/var/folders/89/bwjml4px7bd8_gc4y493myh80000gn/T/FSTCapacityImageQA-09E7C6B9-2E95-4DB5-8328-4AEF097D3946/mount: Error Domain=CacheDeleteErrorDomain Code=10 "(null)" UserInfo={Invalid volume=/private/var/folders/89/bwjml4px7bd8_gc4y493myh80000gn/T/FSTCapacityImageQA-09E7C6B9-2E95-4DB5-8328-4AEF097D3946/mount}
2026-10-02 16:28:17.931749+0700 xctest[63167:85506372] [client] Not Valid
2026-10-02 16:28:17.931774+0700 xctest[63167:85506372] [client] CacheDeleteCopyAvailableSpaceForVolume failed for volume /private/var/folders/89/bwjml4px7bd8_gc4y493myh80000gn/T/FSTCapacityImageQA-09E7C6B9-2E95-4DB5-8328-4AEF097D3946/mount: Error Domain=CacheDeleteErrorDomain Code=10 "(null)" UserInfo={Invalid volume=/private/var/folders/89/bwjml4px7bd8_gc4y493myh80000gn/T/FSTCapacityImageQA-09E7C6B9-2E95-4DB5-8328-4AEF097D3946/mount}
2026-10-02 16:28:17.933440+0700 xctest[63167:85506372] [client] Not Valid
2026-10-02 16:28:17.933473+0700 xctest[63167:85506372] [client] CacheDeleteCopyAvailableSpaceForVolume failed for volume /private/var/folders/89/bwjml4px7bd8_gc4y493myh80000gn/T/FSTCapacityImageQA-09E7C6B9-2E95-4DB5-8328-4AEF097D3946/mount: Error Domain=CacheDeleteErrorDomain Code=10 "(null)" UserInfo={Invalid volume=/private/var/folders/89/bwjml4px7bd8_gc4y493myh80000gn/T/FSTCapacityImageQA-09E7C6B9-2E95-4DB5-8328-4AEF097D3946/mount}
2026-10-02 16:28:17.935153+0700 xctest[63167:85506372] [client] Not Valid
2026-10-02 16:28:17.935266+0700 xctest[63167:85506372] [client] CacheDeleteCopyAvailableSpaceForVolume failed for volume /private/var/folders/89/bwjml4px7bd8_gc4y493myh80000gn/T/FSTCapacityImageQA-09E7C6B9-2E95-4DB5-8328-4AEF097D3946/mount: Error Domain=CacheDeleteErrorDomain Code=10 "(null)" UserInfo={Invalid volume=/private/var/folders/89/bwjml4px7bd8_gc4y493myh80000gn/T/FSTCapacityImageQA-09E7C6B9-2E95-4DB5-8328-4AEF097D3946/mount}
2026-10-02 16:28:17.937079+0700 xctest[63167:85506372] [client] Not Valid
2026-10-02 16:28:17.937111+0700 xctest[63167:85506372] [client] CacheDeleteCopyAvailableSpaceForVolume failed for volume /private/var/folders/89/bwjml4px7bd8_gc4y493myh80000gn/T/FSTCapacityImageQA-09E7C6B9-2E95-4DB5-8328-4AEF097D3946/mount: Error Domain=CacheDeleteErrorDomain Code=10 "(null)" UserInfo={Invalid volume=/private/var/folders/89/bwjml4px7bd8_gc4y493myh80000gn/T/FSTCapacityImageQA-09E7C6B9-2E95-4DB5-8328-4AEF097D3946/mount}
2026-10-02 16:28:17.938521+0700 xctest[63167:85506372] [client] Not Valid
2026-10-02 16:28:17.938542+0700 xctest[63167:85506372] [client] CacheDeleteCopyAvailableSpaceForVolume failed for volume /private/var/folders/89/bwjml4px7bd8_gc4y493myh80000gn/T/FSTCapacityImageQA-09E7C6B9-2E95-4DB5-8328-4AEF097D3946/mount: Error Domain=CacheDeleteErrorDomain Code=10 "(null)" UserInfo={Invalid volume=/private/var/folders/89/bwjml4px7bd8_gc4y493myh80000gn/T/FSTCapacityImageQA-09E7C6B9-2E95-4DB5-8328-4AEF097D3946/mount}
2026-10-02 16:28:17.940051+0700 xctest[63167:85506372] [client] Not Valid
2026-10-02 16:28:17.940078+0700 xctest[63167:85506372] [client] CacheDeleteCopyAvailableSpaceForVolume failed for volume /private/var/folders/89/bwjml4px7bd8_gc4y493myh80000gn/T/FSTCapacityImageQA-09E7C6B9-2E95-4DB5-8328-4AEF097D3946/mount: Error Domain=CacheDeleteErrorDomain Code=10 "(null)" UserInfo={Invalid volume=/private/var/folders/89/bwjml4px7bd8_gc4y493myh80000gn/T/FSTCapacityImageQA-09E7C6B9-2E95-4DB5-8328-4AEF097D3946/mount}
2026-10-02 16:28:17.941339+0700 xctest[63167:85506372] [client] Not Valid
2026-10-02 16:28:17.941357+0700 xctest[63167:85506372] [client] CacheDeleteCopyAvailableSpaceForVolume failed for volume /private/var/folders/89/bwjml4px7bd8_gc4y493myh80000gn/T/FSTCapacityImageQA-09E7C6B9-2E95-4DB5-8328-4AEF097D3946/mount: Error Domain=CacheDeleteErrorDomain Code=10 "(null)" UserInfo={Invalid volume=/private/var/folders/89/bwjml4px7bd8_gc4y493myh80000gn/T/FSTCapacityImageQA-09E7C6B9-2E95-4DB5-8328-4AEF097D3946/mount}
2026-10-02 16:28:17.942858+0700 xctest[63167:85506372] [client] Not Valid
2026-10-02 16:28:17.942889+0700 xctest[63167:85506372] [client] CacheDeleteCopyAvailableSpaceForVolume failed for volume /private/var/folders/89/bwjml4px7bd8_gc4y493myh80000gn/T/FSTCapacityImageQA-09E7C6B9-2E95-4DB5-8328-4AEF097D3946/mount: Error Domain=CacheDeleteErrorDomain Code=10 "(null)" UserInfo={Invalid volume=/private/var/folders/89/bwjml4px7bd8_gc4y493myh80000gn/T/FSTCapacityImageQA-09E7C6B9-2E95-4DB5-8328-4AEF097D3946/mount}
2026-10-02 16:28:17.944449+0700 xctest[63167:85506372] [client] Not Valid
2026-10-02 16:28:17.944476+0700 xctest[63167:85506372] [client] CacheDeleteCopyAvailableSpaceForVolume failed for volume /private/var/folders/89/bwjml4px7bd8_gc4y493myh80000gn/T/FSTCapacityImageQA-09E7C6B9-2E95-4DB5-8328-4AEF097D3946/mount: Error Domain=CacheDeleteErrorDomain Code=10 "(null)" UserInfo={Invalid volume=/private/var/folders/89/bwjml4px7bd8_gc4y493myh80000gn/T/FSTCapacityImageQA-09E7C6B9-2E95-4DB5-8328-4AEF097D3946/mount}
2026-10-02 16:28:17.946698+0700 xctest[63167:85506372] [client] Not Valid
2026-10-02 16:28:17.946735+0700 xctest[63167:85506372] [client] CacheDeleteCopyAvailableSpaceForVolume failed for volume /private/var/folders/89/bwjml4px7bd8_gc4y493myh80000gn/T/FSTCapacityImageQA-09E7C6B9-2E95-4DB5-8328-4AEF097D3946/mount: Error Domain=CacheDeleteErrorDomain Code=10 "(null)" UserInfo={Invalid volume=/private/var/folders/89/bwjml4px7bd8_gc4y493myh80000gn/T/FSTCapacityImageQA-09E7C6B9-2E95-4DB5-8328-4AEF097D3946/mount}
2026-10-02 16:28:17.953059+0700 xctest[63167:85506372] [client] Not Valid
2026-10-02 16:28:17.953118+0700 xctest[63167:85506372] [client] CacheDeleteCopyAvailableSpaceForVolume failed for volume /private/var/folders/89/bwjml4px7bd8_gc4y493myh80000gn/T/FSTCapacityImageQA-09E7C6B9-2E95-4DB5-8328-4AEF097D3946/mount: Error Domain=CacheDeleteErrorDomain Code=10 "(null)" UserInfo={Invalid volume=/private/var/folders/89/bwjml4px7bd8_gc4y493myh80000gn/T/FSTCapacityImageQA-09E7C6B9-2E95-4DB5-8328-4AEF097D3946/mount}
2026-10-02 16:28:17.955566+0700 xctest[63167:85506372] [client] Not Valid
2026-10-02 16:28:17.955608+0700 xctest[63167:85506372] [client] CacheDeleteCopyAvailableSpaceForVolume failed for volume /private/var/folders/89/bwjml4px7bd8_gc4y493myh80000gn/T/FSTCapacityImageQA-09E7C6B9-2E95-4DB5-8328-4AEF097D3946/mount: Error Domain=CacheDeleteErrorDomain Code=10 "(null)" UserInfo={Invalid volume=/private/var/folders/89/bwjml4px7bd8_gc4y493myh80000gn/T/FSTCapacityImageQA-09E7C6B9-2E95-4DB5-8328-4AEF097D3946/mount}
2026-10-02 16:28:17.957762+0700 xctest[63167:85506372] [client] Not Valid
2026-10-02 16:28:17.957804+0700 xctest[63167:85506372] [client] CacheDeleteCopyAvailableSpaceForVolume failed for volume /private/var/folders/89/bwjml4px7bd8_gc4y493myh80000gn/T/FSTCapacityImageQA-09E7C6B9-2E95-4DB5-8328-4AEF097D3946/mount: Error Domain=CacheDeleteErrorDomain Code=10 "(null)" UserInfo={Invalid volume=/private/var/folders/89/bwjml4px7bd8_gc4y493myh80000gn/T/FSTCapacityImageQA-09E7C6B9-2E95-4DB5-8328-4AEF097D3946/mount}
2026-10-02 16:28:17.959857+0700 xctest[63167:85506372] [client] Not Valid
2026-10-02 16:28:17.959893+0700 xctest[63167:85506372] [client] CacheDeleteCopyAvailableSpaceForVolume failed for volume /private/var/folders/89/bwjml4px7bd8_gc4y493myh80000gn/T/FSTCapacityImageQA-09E7C6B9-2E95-4DB5-8328-4AEF097D3946/mount: Error Domain=CacheDeleteErrorDomain Code=10 "(null)" UserInfo={Invalid volume=/private/var/folders/89/bwjml4px7bd8_gc4y493myh80000gn/T/FSTCapacityImageQA-09E7C6B9-2E95-4DB5-8328-4AEF097D3946/mount}
2026-10-02 16:28:17.965599+0700 xctest[63167:85506372] [client] Not Valid
2026-10-02 16:28:17.965700+0700 xctest[63167:85506372] [client] CacheDeleteCopyAvailableSpaceForVolume failed for volume /private/var/folders/89/bwjml4px7bd8_gc4y493myh80000gn/T/FSTCapacityImageQA-09E7C6B9-2E95-4DB5-8328-4AEF097D3946/mount: Error Domain=CacheDeleteErrorDomain Code=10 "(null)" UserInfo={Invalid volume=/private/var/folders/89/bwjml4px7bd8_gc4y493myh80000gn/T/FSTCapacityImageQA-09E7C6B9-2E95-4DB5-8328-4AEF097D3946/mount}
2026-10-02 16:28:17.970986+0700 xctest[63167:85506372] [client] Not Valid
2026-10-02 16:28:17.971079+0700 xctest[63167:85506372] [client] CacheDeleteCopyAvailableSpaceForVolume failed for volume /private/var/folders/89/bwjml4px7bd8_gc4y493myh80000gn/T/FSTCapacityImageQA-09E7C6B9-2E95-4DB5-8328-4AEF097D3946/mount: Error Domain=CacheDeleteErrorDomain Code=10 "(null)" UserInfo={Invalid volume=/private/var/folders/89/bwjml4px7bd8_gc4y493myh80000gn/T/FSTCapacityImageQA-09E7C6B9-2E95-4DB5-8328-4AEF097D3946/mount}
2026-10-02 16:28:17.974998+0700 xctest[63167:85506372] [client] Not Valid
2026-10-02 16:28:17.975044+0700 xctest[63167:85506372] [client] CacheDeleteCopyAvailableSpaceForVolume failed for volume /private/var/folders/89/bwjml4px7bd8_gc4y493myh80000gn/T/FSTCapacityImageQA-09E7C6B9-2E95-4DB5-8328-4AEF097D3946/mount: Error Domain=CacheDeleteErrorDomain Code=10 "(null)" UserInfo={Invalid volume=/private/var/folders/89/bwjml4px7bd8_gc4y493myh80000gn/T/FSTCapacityImageQA-09E7C6B9-2E95-4DB5-8328-4AEF097D3946/mount}
2026-10-02 16:28:17.976943+0700 xctest[63167:85506372] [client] Not Valid
2026-10-02 16:28:17.977008+0700 xctest[63167:85506372] [client] CacheDeleteCopyAvailableSpaceForVolume failed for volume /private/var/folders/89/bwjml4px7bd8_gc4y493myh80000gn/T/FSTCapacityImageQA-09E7C6B9-2E95-4DB5-8328-4AEF097D3946/mount: Error Domain=CacheDeleteErrorDomain Code=10 "(null)" UserInfo={Invalid volume=/private/var/folders/89/bwjml4px7bd8_gc4y493myh80000gn/T/FSTCapacityImageQA-09E7C6B9-2E95-4DB5-8328-4AEF097D3946/mount}
2026-10-02 16:28:17.978770+0700 xctest[63167:85506372] [client] Not Valid
2026-10-02 16:28:17.978791+0700 xctest[63167:85506372] [client] CacheDeleteCopyAvailableSpaceForVolume failed for volume /private/var/folders/89/bwjml4px7bd8_gc4y493myh80000gn/T/FSTCapacityImageQA-09E7C6B9-2E95-4DB5-8328-4AEF097D3946/mount: Error Domain=CacheDeleteErrorDomain Code=10 "(null)" UserInfo={Invalid volume=/private/var/folders/89/bwjml4px7bd8_gc4y493myh80000gn/T/FSTCapacityImageQA-09E7C6B9-2E95-4DB5-8328-4AEF097D3946/mount}
2026-10-02 16:28:17.980948+0700 xctest[63167:85506372] [client] Not Valid
2026-10-02 16:28:17.980982+0700 xctest[63167:85506372] [client] CacheDeleteCopyAvailableSpaceForVolume failed for volume /private/var/folders/89/bwjml4px7bd8_gc4y493myh80000gn/T/FSTCapacityImageQA-09E7C6B9-2E95-4DB5-8328-4AEF097D3946/mount: Error Domain=CacheDeleteErrorDomain Code=10 "(null)" UserInfo={Invalid volume=/private/var/folders/89/bwjml4px7bd8_gc4y493myh80000gn/T/FSTCapacityImageQA-09E7C6B9-2E95-4DB5-8328-4AEF097D3946/mount}
2026-10-02 16:28:17.982420+0700 xctest[63167:85506372] [client] Not Valid
2026-10-02 16:28:17.982440+0700 xctest[63167:85506372] [client] CacheDeleteCopyAvailableSpaceForVolume failed for volume /private/var/folders/89/bwjml4px7bd8_gc4y493myh80000gn/T/FSTCapacityImageQA-09E7C6B9-2E95-4DB5-8328-4AEF097D3946/mount: Error Domain=CacheDeleteErrorDomain Code=10 "(null)" UserInfo={Invalid volume=/private/var/folders/89/bwjml4px7bd8_gc4y493myh80000gn/T/FSTCapacityImageQA-09E7C6B9-2E95-4DB5-8328-4AEF097D3946/mount}
2026-10-02 16:28:17.983678+0700 xctest[63167:85506372] [client] Not Valid
2026-10-02 16:28:17.983691+0700 xctest[63167:85506372] [client] CacheDeleteCopyAvailableSpaceForVolume failed for volume /private/var/folders/89/bwjml4px7bd8_gc4y493myh80000gn/T/FSTCapacityImageQA-09E7C6B9-2E95-4DB5-8328-4AEF097D3946/mount: Error Domain=CacheDeleteErrorDomain Code=10 "(null)" UserInfo={Invalid volume=/private/var/folders/89/bwjml4px7bd8_gc4y493myh80000gn/T/FSTCapacityImageQA-09E7C6B9-2E95-4DB5-8328-4AEF097D3946/mount}
2026-10-02 16:28:17.985302+0700 xctest[63167:85506372] [client] Not Valid
2026-10-02 16:28:17.985330+0700 xctest[63167:85506372] [client] CacheDeleteCopyAvailableSpaceForVolume failed for volume /private/var/folders/89/bwjml4px7bd8_gc4y493myh80000gn/T/FSTCapacityImageQA-09E7C6B9-2E95-4DB5-8328-4AEF097D3946/mount: Error Domain=CacheDeleteErrorDomain Code=10 "(null)" UserInfo={Invalid volume=/private/var/folders/89/bwjml4px7bd8_gc4y493myh80000gn/T/FSTCapacityImageQA-09E7C6B9-2E95-4DB5-8328-4AEF097D3946/mount}
2026-10-02 16:28:17.986857+0700 xctest[63167:85506372] [client] Not Valid
2026-10-02 16:28:17.986879+0700 xctest[63167:85506372] [client] CacheDeleteCopyAvailableSpaceForVolume failed for volume /private/var/folders/89/bwjml4px7bd8_gc4y493myh80000gn/T/FSTCapacityImageQA-09E7C6B9-2E95-4DB5-8328-4AEF097D3946/mount: Error Domain=CacheDeleteErrorDomain Code=10 "(null)" UserInfo={Invalid volume=/private/var/folders/89/bwjml4px7bd8_gc4y493myh80000gn/T/FSTCapacityImageQA-09E7C6B9-2E95-4DB5-8328-4AEF097D3946/mount}
2026-10-02 16:28:17.991913+0700 xctest[63167:85506372] [client] Not Valid
2026-10-02 16:28:17.991935+0700 xctest[63167:85506372] [client] CacheDeleteCopyAvailableSpaceForVolume failed for volume /private/var/folders/89/bwjml4px7bd8_gc4y493myh80000gn/T/FSTCapacityImageQA-09E7C6B9-2E95-4DB5-8328-4AEF097D3946/mount: Error Domain=CacheDeleteErrorDomain Code=10 "(null)" UserInfo={Invalid volume=/private/var/folders/89/bwjml4px7bd8_gc4y493myh80000gn/T/FSTCapacityImageQA-09E7C6B9-2E95-4DB5-8328-4AEF097D3946/mount}
2026-10-02 16:28:17.994329+0700 xctest[63167:85506372] [client] Not Valid
2026-10-02 16:28:17.994357+0700 xctest[63167:85506372] [client] CacheDeleteCopyAvailableSpaceForVolume failed for volume /private/var/folders/89/bwjml4px7bd8_gc4y493myh80000gn/T/FSTCapacityImageQA-09E7C6B9-2E95-4DB5-8328-4AEF097D3946/mount: Error Domain=CacheDeleteErrorDomain Code=10 "(null)" UserInfo={Invalid volume=/private/var/folders/89/bwjml4px7bd8_gc4y493myh80000gn/T/FSTCapacityImageQA-09E7C6B9-2E95-4DB5-8328-4AEF097D3946/mount}
2026-10-02 16:28:17.997780+0700 xctest[63167:85506372] [client] Not Valid
2026-10-02 16:28:17.997805+0700 xctest[63167:85506372] [client] CacheDeleteCopyAvailableSpaceForVolume failed for volume /private/var/folders/89/bwjml4px7bd8_gc4y493myh80000gn/T/FSTCapacityImageQA-09E7C6B9-2E95-4DB5-8328-4AEF097D3946/mount: Error Domain=CacheDeleteErrorDomain Code=10 "(null)" UserInfo={Invalid volume=/private/var/folders/89/bwjml4px7bd8_gc4y493myh80000gn/T/FSTCapacityImageQA-09E7C6B9-2E95-4DB5-8328-4AEF097D3946/mount}
2026-10-02 16:28:18.000012+0700 xctest[63167:85506372] [client] Not Valid
2026-10-02 16:28:18.000027+0700 xctest[63167:85506372] [client] CacheDeleteCopyAvailableSpaceForVolume failed for volume /private/var/folders/89/bwjml4px7bd8_gc4y493myh80000gn/T/FSTCapacityImageQA-09E7C6B9-2E95-4DB5-8328-4AEF097D3946/mount: Error Domain=CacheDeleteErrorDomain Code=10 "(null)" UserInfo={Invalid volume=/private/var/folders/89/bwjml4px7bd8_gc4y493myh80000gn/T/FSTCapacityImageQA-09E7C6B9-2E95-4DB5-8328-4AEF097D3946/mount}
2026-10-02 16:28:18.002139+0700 xctest[63167:85506372] [client] Not Valid
2026-10-02 16:28:18.002164+0700 xctest[63167:85506372] [client] CacheDeleteCopyAvailableSpaceForVolume failed for volume /private/var/folders/89/bwjml4px7bd8_gc4y493myh80000gn/T/FSTCapacityImageQA-09E7C6B9-2E95-4DB5-8328-4AEF097D3946/mount: Error Domain=CacheDeleteErrorDomain Code=10 "(null)" UserInfo={Invalid volume=/private/var/folders/89/bwjml4px7bd8_gc4y493myh80000gn/T/FSTCapacityImageQA-09E7C6B9-2E95-4DB5-8328-4AEF097D3946/mount}
2026-10-02 16:28:18.004299+0700 xctest[63167:85506372] [client] Not Valid
2026-10-02 16:28:18.004322+0700 xctest[63167:85506372] [client] CacheDeleteCopyAvailableSpaceForVolume failed for volume /private/var/folders/89/bwjml4px7bd8_gc4y493myh80000gn/T/FSTCapacityImageQA-09E7C6B9-2E95-4DB5-8328-4AEF097D3946/mount: Error Domain=CacheDeleteErrorDomain Code=10 "(null)" UserInfo={Invalid volume=/private/var/folders/89/bwjml4px7bd8_gc4y493myh80000gn/T/FSTCapacityImageQA-09E7C6B9-2E95-4DB5-8328-4AEF097D3946/mount}
2026-10-02 16:28:18.006645+0700 xctest[63167:85506372] [client] Not Valid
2026-10-02 16:28:18.006662+0700 xctest[63167:85506372] [client] CacheDeleteCopyAvailableSpaceForVolume failed for volume /private/var/folders/89/bwjml4px7bd8_gc4y493myh80000gn/T/FSTCapacityImageQA-09E7C6B9-2E95-4DB5-8328-4AEF097D3946/mount: Error Domain=CacheDeleteErrorDomain Code=10 "(null)" UserInfo={Invalid volume=/private/var/folders/89/bwjml4px7bd8_gc4y493myh80000gn/T/FSTCapacityImageQA-09E7C6B9-2E95-4DB5-8328-4AEF097D3946/mount}
2026-10-02 16:28:18.007872+0700 xctest[63167:85506372] [client] Not Valid
2026-10-02 16:28:18.007884+0700 xctest[63167:85506372] [client] CacheDeleteCopyAvailableSpaceForVolume failed for volume /private/var/folders/89/bwjml4px7bd8_gc4y493myh80000gn/T/FSTCapacityImageQA-09E7C6B9-2E95-4DB5-8328-4AEF097D3946/mount: Error Domain=CacheDeleteErrorDomain Code=10 "(null)" UserInfo={Invalid volume=/private/var/folders/89/bwjml4px7bd8_gc4y493myh80000gn/T/FSTCapacityImageQA-09E7C6B9-2E95-4DB5-8328-4AEF097D3946/mount}
2026-10-02 16:28:18.009290+0700 xctest[63167:85506372] [client] Not Valid
2026-10-02 16:28:18.009302+0700 xctest[63167:85506372] [client] CacheDeleteCopyAvailableSpaceForVolume failed for volume /private/var/folders/89/bwjml4px7bd8_gc4y493myh80000gn/T/FSTCapacityImageQA-09E7C6B9-2E95-4DB5-8328-4AEF097D3946/mount: Error Domain=CacheDeleteErrorDomain Code=10 "(null)" UserInfo={Invalid volume=/private/var/folders/89/bwjml4px7bd8_gc4y493myh80000gn/T/FSTCapacityImageQA-09E7C6B9-2E95-4DB5-8328-4AEF097D3946/mount}
2026-10-02 16:28:18.011934+0700 xctest[63167:85506372] [client] Not Valid
2026-10-02 16:28:18.011952+0700 xctest[63167:85506372] [client] CacheDeleteCopyAvailableSpaceForVolume failed for volume /private/var/folders/89/bwjml4px7bd8_gc4y493myh80000gn/T/FSTCapacityImageQA-09E7C6B9-2E95-4DB5-8328-4AEF097D3946/mount: Error Domain=CacheDeleteErrorDomain Code=10 "(null)" UserInfo={Invalid volume=/private/var/folders/89/bwjml4px7bd8_gc4y493myh80000gn/T/FSTCapacityImageQA-09E7C6B9-2E95-4DB5-8328-4AEF097D3946/mount}
2026-10-02 16:28:18.014293+0700 xctest[63167:85506372] [client] Not Valid
2026-10-02 16:28:18.014313+0700 xctest[63167:85506372] [client] CacheDeleteCopyAvailableSpaceForVolume failed for volume /private/var/folders/89/bwjml4px7bd8_gc4y493myh80000gn/T/FSTCapacityImageQA-09E7C6B9-2E95-4DB5-8328-4AEF097D3946/mount: Error Domain=CacheDeleteErrorDomain Code=10 "(null)" UserInfo={Invalid volume=/private/var/folders/89/bwjml4px7bd8_gc4y493myh80000gn/T/FSTCapacityImageQA-09E7C6B9-2E95-4DB5-8328-4AEF097D3946/mount}
2026-10-02 16:28:18.015843+0700 xctest[63167:85506372] [client] Not Valid
2026-10-02 16:28:18.015863+0700 xctest[63167:85506372] [client] CacheDeleteCopyAvailableSpaceForVolume failed for volume /private/var/folders/89/bwjml4px7bd8_gc4y493myh80000gn/T/FSTCapacityImageQA-09E7C6B9-2E95-4DB5-8328-4AEF097D3946/mount: Error Domain=CacheDeleteErrorDomain Code=10 "(null)" UserInfo={Invalid volume=/private/var/folders/89/bwjml4px7bd8_gc4y493myh80000gn/T/FSTCapacityImageQA-09E7C6B9-2E95-4DB5-8328-4AEF097D3946/mount}
2026-10-02 16:28:18.017432+0700 xctest[63167:85506372] [client] Not Valid
2026-10-02 16:28:18.017464+0700 xctest[63167:85506372] [client] CacheDeleteCopyAvailableSpaceForVolume failed for volume /private/var/folders/89/bwjml4px7bd8_gc4y493myh80000gn/T/FSTCapacityImageQA-09E7C6B9-2E95-4DB5-8328-4AEF097D3946/mount: Error Domain=CacheDeleteErrorDomain Code=10 "(null)" UserInfo={Invalid volume=/private/var/folders/89/bwjml4px7bd8_gc4y493myh80000gn/T/FSTCapacityImageQA-09E7C6B9-2E95-4DB5-8328-4AEF097D3946/mount}
2026-10-02 16:28:18.019392+0700 xctest[63167:85506372] [client] Not Valid
2026-10-02 16:28:18.019418+0700 xctest[63167:85506372] [client] CacheDeleteCopyAvailableSpaceForVolume failed for volume /private/var/folders/89/bwjml4px7bd8_gc4y493myh80000gn/T/FSTCapacityImageQA-09E7C6B9-2E95-4DB5-8328-4AEF097D3946/mount: Error Domain=CacheDeleteErrorDomain Code=10 "(null)" UserInfo={Invalid volume=/private/var/folders/89/bwjml4px7bd8_gc4y493myh80000gn/T/FSTCapacityImageQA-09E7C6B9-2E95-4DB5-8328-4AEF097D3946/mount}
2026-10-02 16:28:18.021068+0700 xctest[63167:85506372] [client] Not Valid
2026-10-02 16:28:18.021093+0700 xctest[63167:85506372] [client] CacheDeleteCopyAvailableSpaceForVolume failed for volume /private/var/folders/89/bwjml4px7bd8_gc4y493myh80000gn/T/FSTCapacityImageQA-09E7C6B9-2E95-4DB5-8328-4AEF097D3946/mount: Error Domain=CacheDeleteErrorDomain Code=10 "(null)" UserInfo={Invalid volume=/private/var/folders/89/bwjml4px7bd8_gc4y493myh80000gn/T/FSTCapacityImageQA-09E7C6B9-2E95-4DB5-8328-4AEF097D3946/mount}
2026-10-02 16:28:18.025134+0700 xctest[63167:85506372] [client] Not Valid
2026-10-02 16:28:18.025152+0700 xctest[63167:85506372] [client] CacheDeleteCopyAvailableSpaceForVolume failed for volume /private/var/folders/89/bwjml4px7bd8_gc4y493myh80000gn/T/FSTCapacityImageQA-09E7C6B9-2E95-4DB5-8328-4AEF097D3946/mount: Error Domain=CacheDeleteErrorDomain Code=10 "(null)" UserInfo={Invalid volume=/private/var/folders/89/bwjml4px7bd8_gc4y493myh80000gn/T/FSTCapacityImageQA-09E7C6B9-2E95-4DB5-8328-4AEF097D3946/mount}
2026-10-02 16:28:18.027162+0700 xctest[63167:85506372] [client] Not Valid
2026-10-02 16:28:18.027182+0700 xctest[63167:85506372] [client] CacheDeleteCopyAvailableSpaceForVolume failed for volume /private/var/folders/89/bwjml4px7bd8_gc4y493myh80000gn/T/FSTCapacityImageQA-09E7C6B9-2E95-4DB5-8328-4AEF097D3946/mount: Error Domain=CacheDeleteErrorDomain Code=10 "(null)" UserInfo={Invalid volume=/private/var/folders/89/bwjml4px7bd8_gc4y493myh80000gn/T/FSTCapacityImageQA-09E7C6B9-2E95-4DB5-8328-4AEF097D3946/mount}
2026-10-02 16:28:18.029220+0700 xctest[63167:85506372] [client] Not Valid
2026-10-02 16:28:18.029235+0700 xctest[63167:85506372] [client] CacheDeleteCopyAvailableSpaceForVolume failed for volume /private/var/folders/89/bwjml4px7bd8_gc4y493myh80000gn/T/FSTCapacityImageQA-09E7C6B9-2E95-4DB5-8328-4AEF097D3946/mount: Error Domain=CacheDeleteErrorDomain Code=10 "(null)" UserInfo={Invalid volume=/private/var/folders/89/bwjml4px7bd8_gc4y493myh80000gn/T/FSTCapacityImageQA-09E7C6B9-2E95-4DB5-8328-4AEF097D3946/mount}
2026-10-02 16:28:18.031290+0700 xctest[63167:85506372] [client] Not Valid
2026-10-02 16:28:18.031306+0700 xctest[63167:85506372] [client] CacheDeleteCopyAvailableSpaceForVolume failed for volume /private/var/folders/89/bwjml4px7bd8_gc4y493myh80000gn/T/FSTCapacityImageQA-09E7C6B9-2E95-4DB5-8328-4AEF097D3946/mount: Error Domain=CacheDeleteErrorDomain Code=10 "(null)" UserInfo={Invalid volume=/private/var/folders/89/bwjml4px7bd8_gc4y493myh80000gn/T/FSTCapacityImageQA-09E7C6B9-2E95-4DB5-8328-4AEF097D3946/mount}
2026-10-02 16:28:18.032535+0700 xctest[63167:85506372] [client] Not Valid
2026-10-02 16:28:18.032549+0700 xctest[63167:85506372] [client] CacheDeleteCopyAvailableSpaceForVolume failed for volume /private/var/folders/89/bwjml4px7bd8_gc4y493myh80000gn/T/FSTCapacityImageQA-09E7C6B9-2E95-4DB5-8328-4AEF097D3946/mount: Error Domain=CacheDeleteErrorDomain Code=10 "(null)" UserInfo={Invalid volume=/private/var/folders/89/bwjml4px7bd8_gc4y493myh80000gn/T/FSTCapacityImageQA-09E7C6B9-2E95-4DB5-8328-4AEF097D3946/mount}
2026-10-02 16:28:18.033951+0700 xctest[63167:85506372] [client] Not Valid
2026-10-02 16:28:18.033971+0700 xctest[63167:85506372] [client] CacheDeleteCopyAvailableSpaceForVolume failed for volume /private/var/folders/89/bwjml4px7bd8_gc4y493myh80000gn/T/FSTCapacityImageQA-09E7C6B9-2E95-4DB5-8328-4AEF097D3946/mount: Error Domain=CacheDeleteErrorDomain Code=10 "(null)" UserInfo={Invalid volume=/private/var/folders/89/bwjml4px7bd8_gc4y493myh80000gn/T/FSTCapacityImageQA-09E7C6B9-2E95-4DB5-8328-4AEF097D3946/mount}
2026-10-02 16:28:18.035372+0700 xctest[63167:85506372] [client] Not Valid
2026-10-02 16:28:18.035387+0700 xctest[63167:85506372] [client] CacheDeleteCopyAvailableSpaceForVolume failed for volume /private/var/folders/89/bwjml4px7bd8_gc4y493myh80000gn/T/FSTCapacityImageQA-09E7C6B9-2E95-4DB5-8328-4AEF097D3946/mount: Error Domain=CacheDeleteErrorDomain Code=10 "(null)" UserInfo={Invalid volume=/private/var/folders/89/bwjml4px7bd8_gc4y493myh80000gn/T/FSTCapacityImageQA-09E7C6B9-2E95-4DB5-8328-4AEF097D3946/mount}
2026-10-02 16:28:18.036598+0700 xctest[63167:85506372] [client] Not Valid
2026-10-02 16:28:18.036609+0700 xctest[63167:85506372] [client] CacheDeleteCopyAvailableSpaceForVolume failed for volume /private/var/folders/89/bwjml4px7bd8_gc4y493myh80000gn/T/FSTCapacityImageQA-09E7C6B9-2E95-4DB5-8328-4AEF097D3946/mount: Error Domain=CacheDeleteErrorDomain Code=10 "(null)" UserInfo={Invalid volume=/private/var/folders/89/bwjml4px7bd8_gc4y493myh80000gn/T/FSTCapacityImageQA-09E7C6B9-2E95-4DB5-8328-4AEF097D3946/mount}
2026-10-02 16:28:18.037785+0700 xctest[63167:85506372] [client] Not Valid
2026-10-02 16:28:18.037797+0700 xctest[63167:85506372] [client] CacheDeleteCopyAvailableSpaceForVolume failed for volume /private/var/folders/89/bwjml4px7bd8_gc4y493myh80000gn/T/FSTCapacityImageQA-09E7C6B9-2E95-4DB5-8328-4AEF097D3946/mount: Error Domain=CacheDeleteErrorDomain Code=10 "(null)" UserInfo={Invalid volume=/private/var/folders/89/bwjml4px7bd8_gc4y493myh80000gn/T/FSTCapacityImageQA-09E7C6B9-2E95-4DB5-8328-4AEF097D3946/mount}
2026-10-02 16:28:18.039739+0700 xctest[63167:85506372] [client] Not Valid
2026-10-02 16:28:18.039751+0700 xctest[63167:85506372] [client] CacheDeleteCopyAvailableSpaceForVolume failed for volume /private/var/folders/89/bwjml4px7bd8_gc4y493myh80000gn/T/FSTCapacityImageQA-09E7C6B9-2E95-4DB5-8328-4AEF097D3946/mount: Error Domain=CacheDeleteErrorDomain Code=10 "(null)" UserInfo={Invalid volume=/private/var/folders/89/bwjml4px7bd8_gc4y493myh80000gn/T/FSTCapacityImageQA-09E7C6B9-2E95-4DB5-8328-4AEF097D3946/mount}
2026-10-02 16:28:18.040965+0700 xctest[63167:85506372] [client] Not Valid
2026-10-02 16:28:18.040974+0700 xctest[63167:85506372] [client] CacheDeleteCopyAvailableSpaceForVolume failed for volume /private/var/folders/89/bwjml4px7bd8_gc4y493myh80000gn/T/FSTCapacityImageQA-09E7C6B9-2E95-4DB5-8328-4AEF097D3946/mount: Error Domain=CacheDeleteErrorDomain Code=10 "(null)" UserInfo={Invalid volume=/private/var/folders/89/bwjml4px7bd8_gc4y493myh80000gn/T/FSTCapacityImageQA-09E7C6B9-2E95-4DB5-8328-4AEF097D3946/mount}
2026-10-02 16:28:18.042334+0700 xctest[63167:85506372] [client] Not Valid
2026-10-02 16:28:18.042344+0700 xctest[63167:85506372] [client] CacheDeleteCopyAvailableSpaceForVolume failed for volume /private/var/folders/89/bwjml4px7bd8_gc4y493myh80000gn/T/FSTCapacityImageQA-09E7C6B9-2E95-4DB5-8328-4AEF097D3946/mount: Error Domain=CacheDeleteErrorDomain Code=10 "(null)" UserInfo={Invalid volume=/private/var/folders/89/bwjml4px7bd8_gc4y493myh80000gn/T/FSTCapacityImageQA-09E7C6B9-2E95-4DB5-8328-4AEF097D3946/mount}
2026-10-02 16:28:18.043608+0700 xctest[63167:85506372] [client] Not Valid
2026-10-02 16:28:18.043623+0700 xctest[63167:85506372] [client] CacheDeleteCopyAvailableSpaceForVolume failed for volume /private/var/folders/89/bwjml4px7bd8_gc4y493myh80000gn/T/FSTCapacityImageQA-09E7C6B9-2E95-4DB5-8328-4AEF097D3946/mount: Error Domain=CacheDeleteErrorDomain Code=10 "(null)" UserInfo={Invalid volume=/private/var/folders/89/bwjml4px7bd8_gc4y493myh80000gn/T/FSTCapacityImageQA-09E7C6B9-2E95-4DB5-8328-4AEF097D3946/mount}
2026-10-02 16:28:18.044973+0700 xctest[63167:85506372] [client] Not Valid
2026-10-02 16:28:18.044988+0700 xctest[63167:85506372] [client] CacheDeleteCopyAvailableSpaceForVolume failed for volume /private/var/folders/89/bwjml4px7bd8_gc4y493myh80000gn/T/FSTCapacityImageQA-09E7C6B9-2E95-4DB5-8328-4AEF097D3946/mount: Error Domain=CacheDeleteErrorDomain Code=10 "(null)" UserInfo={Invalid volume=/private/var/folders/89/bwjml4px7bd8_gc4y493myh80000gn/T/FSTCapacityImageQA-09E7C6B9-2E95-4DB5-8328-4AEF097D3946/mount}
2026-10-02 16:28:18.046314+0700 xctest[63167:85506372] [client] Not Valid
2026-10-02 16:28:18.046337+0700 xctest[63167:85506372] [client] CacheDeleteCopyAvailableSpaceForVolume failed for volume /private/var/folders/89/bwjml4px7bd8_gc4y493myh80000gn/T/FSTCapacityImageQA-09E7C6B9-2E95-4DB5-8328-4AEF097D3946/mount: Error Domain=CacheDeleteErrorDomain Code=10 "(null)" UserInfo={Invalid volume=/private/var/folders/89/bwjml4px7bd8_gc4y493myh80000gn/T/FSTCapacityImageQA-09E7C6B9-2E95-4DB5-8328-4AEF097D3946/mount}
2026-10-02 16:28:18.048538+0700 xctest[63167:85506372] [client] Not Valid
2026-10-02 16:28:18.048559+0700 xctest[63167:85506372] [client] CacheDeleteCopyAvailableSpaceForVolume failed for volume /private/var/folders/89/bwjml4px7bd8_gc4y493myh80000gn/T/FSTCapacityImageQA-09E7C6B9-2E95-4DB5-8328-4AEF097D3946/mount: Error Domain=CacheDeleteErrorDomain Code=10 "(null)" UserInfo={Invalid volume=/private/var/folders/89/bwjml4px7bd8_gc4y493myh80000gn/T/FSTCapacityImageQA-09E7C6B9-2E95-4DB5-8328-4AEF097D3946/mount}
2026-10-02 16:28:18.049833+0700 xctest[63167:85506372] [client] Not Valid
2026-10-02 16:28:18.049846+0700 xctest[63167:85506372] [client] CacheDeleteCopyAvailableSpaceForVolume failed for volume /private/var/folders/89/bwjml4px7bd8_gc4y493myh80000gn/T/FSTCapacityImageQA-09E7C6B9-2E95-4DB5-8328-4AEF097D3946/mount: Error Domain=CacheDeleteErrorDomain Code=10 "(null)" UserInfo={Invalid volume=/private/var/folders/89/bwjml4px7bd8_gc4y493myh80000gn/T/FSTCapacityImageQA-09E7C6B9-2E95-4DB5-8328-4AEF097D3946/mount}
2026-10-02 16:28:18.051138+0700 xctest[63167:85506372] [client] Not Valid
2026-10-02 16:28:18.051158+0700 xctest[63167:85506372] [client] CacheDeleteCopyAvailableSpaceForVolume failed for volume /private/var/folders/89/bwjml4px7bd8_gc4y493myh80000gn/T/FSTCapacityImageQA-09E7C6B9-2E95-4DB5-8328-4AEF097D3946/mount: Error Domain=CacheDeleteErrorDomain Code=10 "(null)" UserInfo={Invalid volume=/private/var/folders/89/bwjml4px7bd8_gc4y493myh80000gn/T/FSTCapacityImageQA-09E7C6B9-2E95-4DB5-8328-4AEF097D3946/mount}
2026-10-02 16:28:18.052555+0700 xctest[63167:85506372] [client] Not Valid
2026-10-02 16:28:18.052583+0700 xctest[63167:85506372] [client] CacheDeleteCopyAvailableSpaceForVolume failed for volume /private/var/folders/89/bwjml4px7bd8_gc4y493myh80000gn/T/FSTCapacityImageQA-09E7C6B9-2E95-4DB5-8328-4AEF097D3946/mount: Error Domain=CacheDeleteErrorDomain Code=10 "(null)" UserInfo={Invalid volume=/private/var/folders/89/bwjml4px7bd8_gc4y493myh80000gn/T/FSTCapacityImageQA-09E7C6B9-2E95-4DB5-8328-4AEF097D3946/mount}
2026-10-02 16:28:18.054274+0700 xctest[63167:85506372] [client] Not Valid
2026-10-02 16:28:18.054298+0700 xctest[63167:85506372] [client] CacheDeleteCopyAvailableSpaceForVolume failed for volume /private/var/folders/89/bwjml4px7bd8_gc4y493myh80000gn/T/FSTCapacityImageQA-09E7C6B9-2E95-4DB5-8328-4AEF097D3946/mount: Error Domain=CacheDeleteErrorDomain Code=10 "(null)" UserInfo={Invalid volume=/private/var/folders/89/bwjml4px7bd8_gc4y493myh80000gn/T/FSTCapacityImageQA-09E7C6B9-2E95-4DB5-8328-4AEF097D3946/mount}
2026-10-02 16:28:18.060321+0700 xctest[63167:85506372] [client] Not Valid
2026-10-02 16:28:18.060349+0700 xctest[63167:85506372] [client] CacheDeleteCopyAvailableSpaceForVolume failed for volume /private/var/folders/89/bwjml4px7bd8_gc4y493myh80000gn/T/FSTCapacityImageQA-09E7C6B9-2E95-4DB5-8328-4AEF097D3946/mount: Error Domain=CacheDeleteErrorDomain Code=10 "(null)" UserInfo={Invalid volume=/private/var/folders/89/bwjml4px7bd8_gc4y493myh80000gn/T/FSTCapacityImageQA-09E7C6B9-2E95-4DB5-8328-4AEF097D3946/mount}
2026-10-02 16:28:18.062209+0700 xctest[63167:85506372] [client] Not Valid
2026-10-02 16:28:18.062239+0700 xctest[63167:85506372] [client] CacheDeleteCopyAvailableSpaceForVolume failed for volume /private/var/folders/89/bwjml4px7bd8_gc4y493myh80000gn/T/FSTCapacityImageQA-09E7C6B9-2E95-4DB5-8328-4AEF097D3946/mount: Error Domain=CacheDeleteErrorDomain Code=10 "(null)" UserInfo={Invalid volume=/private/var/folders/89/bwjml4px7bd8_gc4y493myh80000gn/T/FSTCapacityImageQA-09E7C6B9-2E95-4DB5-8328-4AEF097D3946/mount}
2026-10-02 16:28:18.063819+0700 xctest[63167:85506372] [client] Not Valid
2026-10-02 16:28:18.063848+0700 xctest[63167:85506372] [client] CacheDeleteCopyAvailableSpaceForVolume failed for volume /private/var/folders/89/bwjml4px7bd8_gc4y493myh80000gn/T/FSTCapacityImageQA-09E7C6B9-2E95-4DB5-8328-4AEF097D3946/mount: Error Domain=CacheDeleteErrorDomain Code=10 "(null)" UserInfo={Invalid volume=/private/var/folders/89/bwjml4px7bd8_gc4y493myh80000gn/T/FSTCapacityImageQA-09E7C6B9-2E95-4DB5-8328-4AEF097D3946/mount}
2026-10-02 16:28:18.065134+0700 xctest[63167:85506372] [client] Not Valid
2026-10-02 16:28:18.065163+0700 xctest[63167:85506372] [client] CacheDeleteCopyAvailableSpaceForVolume failed for volume /private/var/folders/89/bwjml4px7bd8_gc4y493myh80000gn/T/FSTCapacityImageQA-09E7C6B9-2E95-4DB5-8328-4AEF097D3946/mount: Error Domain=CacheDeleteErrorDomain Code=10 "(null)" UserInfo={Invalid volume=/private/var/folders/89/bwjml4px7bd8_gc4y493myh80000gn/T/FSTCapacityImageQA-09E7C6B9-2E95-4DB5-8328-4AEF097D3946/mount}
2026-10-02 16:28:18.066101+0700 xctest[63167:85506372] [client] Not Valid
2026-10-02 16:28:18.066120+0700 xctest[63167:85506372] [client] CacheDeleteCopyAvailableSpaceForVolume failed for volume /private/var/folders/89/bwjml4px7bd8_gc4y493myh80000gn/T/FSTCapacityImageQA-09E7C6B9-2E95-4DB5-8328-4AEF097D3946/mount: Error Domain=CacheDeleteErrorDomain Code=10 "(null)" UserInfo={Invalid volume=/private/var/folders/89/bwjml4px7bd8_gc4y493myh80000gn/T/FSTCapacityImageQA-09E7C6B9-2E95-4DB5-8328-4AEF097D3946/mount}
2026-10-02 16:28:18.066946+0700 xctest[63167:85506372] [client] Not Valid
2026-10-02 16:28:18.066964+0700 xctest[63167:85506372] [client] CacheDeleteCopyAvailableSpaceForVolume failed for volume /private/var/folders/89/bwjml4px7bd8_gc4y493myh80000gn/T/FSTCapacityImageQA-09E7C6B9-2E95-4DB5-8328-4AEF097D3946/mount: Error Domain=CacheDeleteErrorDomain Code=10 "(null)" UserInfo={Invalid volume=/private/var/folders/89/bwjml4px7bd8_gc4y493myh80000gn/T/FSTCapacityImageQA-09E7C6B9-2E95-4DB5-8328-4AEF097D3946/mount}
2026-10-02 16:28:18.067798+0700 xctest[63167:85506372] [client] Not Valid
2026-10-02 16:28:18.067821+0700 xctest[63167:85506372] [client] CacheDeleteCopyAvailableSpaceForVolume failed for volume /private/var/folders/89/bwjml4px7bd8_gc4y493myh80000gn/T/FSTCapacityImageQA-09E7C6B9-2E95-4DB5-8328-4AEF097D3946/mount: Error Domain=CacheDeleteErrorDomain Code=10 "(null)" UserInfo={Invalid volume=/private/var/folders/89/bwjml4px7bd8_gc4y493myh80000gn/T/FSTCapacityImageQA-09E7C6B9-2E95-4DB5-8328-4AEF097D3946/mount}
2026-10-02 16:28:18.069112+0700 xctest[63167:85506372] [client] Not Valid
2026-10-02 16:28:18.069133+0700 xctest[63167:85506372] [client] CacheDeleteCopyAvailableSpaceForVolume failed for volume /private/var/folders/89/bwjml4px7bd8_gc4y493myh80000gn/T/FSTCapacityImageQA-09E7C6B9-2E95-4DB5-8328-4AEF097D3946/mount: Error Domain=CacheDeleteErrorDomain Code=10 "(null)" UserInfo={Invalid volume=/private/var/folders/89/bwjml4px7bd8_gc4y493myh80000gn/T/FSTCapacityImageQA-09E7C6B9-2E95-4DB5-8328-4AEF097D3946/mount}
2026-10-02 16:28:18.069943+0700 xctest[63167:85506372] [client] Not Valid
2026-10-02 16:28:18.069960+0700 xctest[63167:85506372] [client] CacheDeleteCopyAvailableSpaceForVolume failed for volume /private/var/folders/89/bwjml4px7bd8_gc4y493myh80000gn/T/FSTCapacityImageQA-09E7C6B9-2E95-4DB5-8328-4AEF097D3946/mount: Error Domain=CacheDeleteErrorDomain Code=10 "(null)" UserInfo={Invalid volume=/private/var/folders/89/bwjml4px7bd8_gc4y493myh80000gn/T/FSTCapacityImageQA-09E7C6B9-2E95-4DB5-8328-4AEF097D3946/mount}
2026-10-02 16:28:18.070714+0700 xctest[63167:85506372] [client] Not Valid
2026-10-02 16:28:18.070727+0700 xctest[63167:85506372] [client] CacheDeleteCopyAvailableSpaceForVolume failed for volume /private/var/folders/89/bwjml4px7bd8_gc4y493myh80000gn/T/FSTCapacityImageQA-09E7C6B9-2E95-4DB5-8328-4AEF097D3946/mount: Error Domain=CacheDeleteErrorDomain Code=10 "(null)" UserInfo={Invalid volume=/private/var/folders/89/bwjml4px7bd8_gc4y493myh80000gn/T/FSTCapacityImageQA-09E7C6B9-2E95-4DB5-8328-4AEF097D3946/mount}
2026-10-02 16:28:18.071441+0700 xctest[63167:85506372] [client] Not Valid
2026-10-02 16:28:18.071456+0700 xctest[63167:85506372] [client] CacheDeleteCopyAvailableSpaceForVolume failed for volume /private/var/folders/89/bwjml4px7bd8_gc4y493myh80000gn/T/FSTCapacityImageQA-09E7C6B9-2E95-4DB5-8328-4AEF097D3946/mount: Error Domain=CacheDeleteErrorDomain Code=10 "(null)" UserInfo={Invalid volume=/private/var/folders/89/bwjml4px7bd8_gc4y493myh80000gn/T/FSTCapacityImageQA-09E7C6B9-2E95-4DB5-8328-4AEF097D3946/mount}
2026-10-02 16:28:18.072401+0700 xctest[63167:85506372] [client] Not Valid
2026-10-02 16:28:18.072420+0700 xctest[63167:85506372] [client] CacheDeleteCopyAvailableSpaceForVolume failed for volume /private/var/folders/89/bwjml4px7bd8_gc4y493myh80000gn/T/FSTCapacityImageQA-09E7C6B9-2E95-4DB5-8328-4AEF097D3946/mount: Error Domain=CacheDeleteErrorDomain Code=10 "(null)" UserInfo={Invalid volume=/private/var/folders/89/bwjml4px7bd8_gc4y493myh80000gn/T/FSTCapacityImageQA-09E7C6B9-2E95-4DB5-8328-4AEF097D3946/mount}
2026-10-02 16:28:18.073402+0700 xctest[63167:85506372] [client] Not Valid
2026-10-02 16:28:18.073422+0700 xctest[63167:85506372] [client] CacheDeleteCopyAvailableSpaceForVolume failed for volume /private/var/folders/89/bwjml4px7bd8_gc4y493myh80000gn/T/FSTCapacityImageQA-09E7C6B9-2E95-4DB5-8328-4AEF097D3946/mount: Error Domain=CacheDeleteErrorDomain Code=10 "(null)" UserInfo={Invalid volume=/private/var/folders/89/bwjml4px7bd8_gc4y493myh80000gn/T/FSTCapacityImageQA-09E7C6B9-2E95-4DB5-8328-4AEF097D3946/mount}
2026-10-02 16:28:18.074349+0700 xctest[63167:85506372] [client] Not Valid
2026-10-02 16:28:18.074376+0700 xctest[63167:85506372] [client] CacheDeleteCopyAvailableSpaceForVolume failed for volume /private/var/folders/89/bwjml4px7bd8_gc4y493myh80000gn/T/FSTCapacityImageQA-09E7C6B9-2E95-4DB5-8328-4AEF097D3946/mount: Error Domain=CacheDeleteErrorDomain Code=10 "(null)" UserInfo={Invalid volume=/private/var/folders/89/bwjml4px7bd8_gc4y493myh80000gn/T/FSTCapacityImageQA-09E7C6B9-2E95-4DB5-8328-4AEF097D3946/mount}
2026-10-02 16:28:18.075404+0700 xctest[63167:85506372] [client] Not Valid
2026-10-02 16:28:18.075429+0700 xctest[63167:85506372] [client] CacheDeleteCopyAvailableSpaceForVolume failed for volume /private/var/folders/89/bwjml4px7bd8_gc4y493myh80000gn/T/FSTCapacityImageQA-09E7C6B9-2E95-4DB5-8328-4AEF097D3946/mount: Error Domain=CacheDeleteErrorDomain Code=10 "(null)" UserInfo={Invalid volume=/private/var/folders/89/bwjml4px7bd8_gc4y493myh80000gn/T/FSTCapacityImageQA-09E7C6B9-2E95-4DB5-8328-4AEF097D3946/mount}
2026-10-02 16:28:18.076511+0700 xctest[63167:85506372] [client] Not Valid
2026-10-02 16:28:18.076531+0700 xctest[63167:85506372] [client] CacheDeleteCopyAvailableSpaceForVolume failed for volume /private/var/folders/89/bwjml4px7bd8_gc4y493myh80000gn/T/FSTCapacityImageQA-09E7C6B9-2E95-4DB5-8328-4AEF097D3946/mount: Error Domain=CacheDeleteErrorDomain Code=10 "(null)" UserInfo={Invalid volume=/private/var/folders/89/bwjml4px7bd8_gc4y493myh80000gn/T/FSTCapacityImageQA-09E7C6B9-2E95-4DB5-8328-4AEF097D3946/mount}
2026-10-02 16:28:18.077837+0700 xctest[63167:85506372] [client] Not Valid
2026-10-02 16:28:18.077867+0700 xctest[63167:85506372] [client] CacheDeleteCopyAvailableSpaceForVolume failed for volume /private/var/folders/89/bwjml4px7bd8_gc4y493myh80000gn/T/FSTCapacityImageQA-09E7C6B9-2E95-4DB5-8328-4AEF097D3946/mount: Error Domain=CacheDeleteErrorDomain Code=10 "(null)" UserInfo={Invalid volume=/private/var/folders/89/bwjml4px7bd8_gc4y493myh80000gn/T/FSTCapacityImageQA-09E7C6B9-2E95-4DB5-8328-4AEF097D3946/mount}
2026-10-02 16:28:18.078893+0700 xctest[63167:85506372] [client] Not Valid
2026-10-02 16:28:18.078912+0700 xctest[63167:85506372] [client] CacheDeleteCopyAvailableSpaceForVolume failed for volume /private/var/folders/89/bwjml4px7bd8_gc4y493myh80000gn/T/FSTCapacityImageQA-09E7C6B9-2E95-4DB5-8328-4AEF097D3946/mount: Error Domain=CacheDeleteErrorDomain Code=10 "(null)" UserInfo={Invalid volume=/private/var/folders/89/bwjml4px7bd8_gc4y493myh80000gn/T/FSTCapacityImageQA-09E7C6B9-2E95-4DB5-8328-4AEF097D3946/mount}
2026-10-02 16:28:18.079703+0700 xctest[63167:85506372] [client] Not Valid
2026-10-02 16:28:18.079719+0700 xctest[63167:85506372] [client] CacheDeleteCopyAvailableSpaceForVolume failed for volume /private/var/folders/89/bwjml4px7bd8_gc4y493myh80000gn/T/FSTCapacityImageQA-09E7C6B9-2E95-4DB5-8328-4AEF097D3946/mount: Error Domain=CacheDeleteErrorDomain Code=10 "(null)" UserInfo={Invalid volume=/private/var/folders/89/bwjml4px7bd8_gc4y493myh80000gn/T/FSTCapacityImageQA-09E7C6B9-2E95-4DB5-8328-4AEF097D3946/mount}
2026-10-02 16:28:18.081809+0700 xctest[63167:85506372] [client] Not Valid
2026-10-02 16:28:18.081838+0700 xctest[63167:85506372] [client] CacheDeleteCopyAvailableSpaceForVolume failed for volume /private/var/folders/89/bwjml4px7bd8_gc4y493myh80000gn/T/FSTCapacityImageQA-09E7C6B9-2E95-4DB5-8328-4AEF097D3946/mount: Error Domain=CacheDeleteErrorDomain Code=10 "(null)" UserInfo={Invalid volume=/private/var/folders/89/bwjml4px7bd8_gc4y493myh80000gn/T/FSTCapacityImageQA-09E7C6B9-2E95-4DB5-8328-4AEF097D3946/mount}
2026-10-02 16:28:18.083029+0700 xctest[63167:85506372] [client] Not Valid
2026-10-02 16:28:18.083064+0700 xctest[63167:85506372] [client] CacheDeleteCopyAvailableSpaceForVolume failed for volume /private/var/folders/89/bwjml4px7bd8_gc4y493myh80000gn/T/FSTCapacityImageQA-09E7C6B9-2E95-4DB5-8328-4AEF097D3946/mount: Error Domain=CacheDeleteErrorDomain Code=10 "(null)" UserInfo={Invalid volume=/private/var/folders/89/bwjml4px7bd8_gc4y493myh80000gn/T/FSTCapacityImageQA-09E7C6B9-2E95-4DB5-8328-4AEF097D3946/mount}
2026-10-02 16:28:18.084048+0700 xctest[63167:85506372] [client] Not Valid
2026-10-02 16:28:18.084070+0700 xctest[63167:85506372] [client] CacheDeleteCopyAvailableSpaceForVolume failed for volume /private/var/folders/89/bwjml4px7bd8_gc4y493myh80000gn/T/FSTCapacityImageQA-09E7C6B9-2E95-4DB5-8328-4AEF097D3946/mount: Error Domain=CacheDeleteErrorDomain Code=10 "(null)" UserInfo={Invalid volume=/private/var/folders/89/bwjml4px7bd8_gc4y493myh80000gn/T/FSTCapacityImageQA-09E7C6B9-2E95-4DB5-8328-4AEF097D3946/mount}
2026-10-02 16:28:18.085029+0700 xctest[63167:85506372] [client] Not Valid
2026-10-02 16:28:18.085057+0700 xctest[63167:85506372] [client] CacheDeleteCopyAvailableSpaceForVolume failed for volume /private/var/folders/89/bwjml4px7bd8_gc4y493myh80000gn/T/FSTCapacityImageQA-09E7C6B9-2E95-4DB5-8328-4AEF097D3946/mount: Error Domain=CacheDeleteErrorDomain Code=10 "(null)" UserInfo={Invalid volume=/private/var/folders/89/bwjml4px7bd8_gc4y493myh80000gn/T/FSTCapacityImageQA-09E7C6B9-2E95-4DB5-8328-4AEF097D3946/mount}
2026-10-02 16:28:18.085980+0700 xctest[63167:85506372] [client] Not Valid
2026-10-02 16:28:18.086000+0700 xctest[63167:85506372] [client] CacheDeleteCopyAvailableSpaceForVolume failed for volume /private/var/folders/89/bwjml4px7bd8_gc4y493myh80000gn/T/FSTCapacityImageQA-09E7C6B9-2E95-4DB5-8328-4AEF097D3946/mount: Error Domain=CacheDeleteErrorDomain Code=10 "(null)" UserInfo={Invalid volume=/private/var/folders/89/bwjml4px7bd8_gc4y493myh80000gn/T/FSTCapacityImageQA-09E7C6B9-2E95-4DB5-8328-4AEF097D3946/mount}
2026-10-02 16:28:18.086912+0700 xctest[63167:85506372] [client] Not Valid
2026-10-02 16:28:18.086931+0700 xctest[63167:85506372] [client] CacheDeleteCopyAvailableSpaceForVolume failed for volume /private/var/folders/89/bwjml4px7bd8_gc4y493myh80000gn/T/FSTCapacityImageQA-09E7C6B9-2E95-4DB5-8328-4AEF097D3946/mount: Error Domain=CacheDeleteErrorDomain Code=10 "(null)" UserInfo={Invalid volume=/private/var/folders/89/bwjml4px7bd8_gc4y493myh80000gn/T/FSTCapacityImageQA-09E7C6B9-2E95-4DB5-8328-4AEF097D3946/mount}
2026-10-02 16:28:18.087711+0700 xctest[63167:85506372] [client] Not Valid
2026-10-02 16:28:18.087728+0700 xctest[63167:85506372] [client] CacheDeleteCopyAvailableSpaceForVolume failed for volume /private/var/folders/89/bwjml4px7bd8_gc4y493myh80000gn/T/FSTCapacityImageQA-09E7C6B9-2E95-4DB5-8328-4AEF097D3946/mount: Error Domain=CacheDeleteErrorDomain Code=10 "(null)" UserInfo={Invalid volume=/private/var/folders/89/bwjml4px7bd8_gc4y493myh80000gn/T/FSTCapacityImageQA-09E7C6B9-2E95-4DB5-8328-4AEF097D3946/mount}
2026-10-02 16:28:18.088667+0700 xctest[63167:85506372] [client] Not Valid
2026-10-02 16:28:18.088688+0700 xctest[63167:85506372] [client] CacheDeleteCopyAvailableSpaceForVolume failed for volume /private/var/folders/89/bwjml4px7bd8_gc4y493myh80000gn/T/FSTCapacityImageQA-09E7C6B9-2E95-4DB5-8328-4AEF097D3946/mount: Error Domain=CacheDeleteErrorDomain Code=10 "(null)" UserInfo={Invalid volume=/private/var/folders/89/bwjml4px7bd8_gc4y493myh80000gn/T/FSTCapacityImageQA-09E7C6B9-2E95-4DB5-8328-4AEF097D3946/mount}
2026-10-02 16:28:18.089629+0700 xctest[63167:85506372] [client] Not Valid
2026-10-02 16:28:18.089648+0700 xctest[63167:85506372] [client] CacheDeleteCopyAvailableSpaceForVolume failed for volume /private/var/folders/89/bwjml4px7bd8_gc4y493myh80000gn/T/FSTCapacityImageQA-09E7C6B9-2E95-4DB5-8328-4AEF097D3946/mount: Error Domain=CacheDeleteErrorDomain Code=10 "(null)" UserInfo={Invalid volume=/private/var/folders/89/bwjml4px7bd8_gc4y493myh80000gn/T/FSTCapacityImageQA-09E7C6B9-2E95-4DB5-8328-4AEF097D3946/mount}
2026-10-02 16:28:18.090632+0700 xctest[63167:85506372] [client] Not Valid
2026-10-02 16:28:18.090661+0700 xctest[63167:85506372] [client] CacheDeleteCopyAvailableSpaceForVolume failed for volume /private/var/folders/89/bwjml4px7bd8_gc4y493myh80000gn/T/FSTCapacityImageQA-09E7C6B9-2E95-4DB5-8328-4AEF097D3946/mount: Error Domain=CacheDeleteErrorDomain Code=10 "(null)" UserInfo={Invalid volume=/private/var/folders/89/bwjml4px7bd8_gc4y493myh80000gn/T/FSTCapacityImageQA-09E7C6B9-2E95-4DB5-8328-4AEF097D3946/mount}
2026-10-02 16:28:18.091618+0700 xctest[63167:85506372] [client] Not Valid
2026-10-02 16:28:18.091641+0700 xctest[63167:85506372] [client] CacheDeleteCopyAvailableSpaceForVolume failed for volume /private/var/folders/89/bwjml4px7bd8_gc4y493myh80000gn/T/FSTCapacityImageQA-09E7C6B9-2E95-4DB5-8328-4AEF097D3946/mount: Error Domain=CacheDeleteErrorDomain Code=10 "(null)" UserInfo={Invalid volume=/private/var/folders/89/bwjml4px7bd8_gc4y493myh80000gn/T/FSTCapacityImageQA-09E7C6B9-2E95-4DB5-8328-4AEF097D3946/mount}
2026-10-02 16:28:18.092791+0700 xctest[63167:85506372] [client] Not Valid
2026-10-02 16:28:18.092822+0700 xctest[63167:85506372] [client] CacheDeleteCopyAvailableSpaceForVolume failed for volume /private/var/folders/89/bwjml4px7bd8_gc4y493myh80000gn/T/FSTCapacityImageQA-09E7C6B9-2E95-4DB5-8328-4AEF097D3946/mount: Error Domain=CacheDeleteErrorDomain Code=10 "(null)" UserInfo={Invalid volume=/private/var/folders/89/bwjml4px7bd8_gc4y493myh80000gn/T/FSTCapacityImageQA-09E7C6B9-2E95-4DB5-8328-4AEF097D3946/mount}
2026-10-02 16:28:18.094081+0700 xctest[63167:85506372] [client] Not Valid
2026-10-02 16:28:18.094096+0700 xctest[63167:85506372] [client] CacheDeleteCopyAvailableSpaceForVolume failed for volume /private/var/folders/89/bwjml4px7bd8_gc4y493myh80000gn/T/FSTCapacityImageQA-09E7C6B9-2E95-4DB5-8328-4AEF097D3946/mount: Error Domain=CacheDeleteErrorDomain Code=10 "(null)" UserInfo={Invalid volume=/private/var/folders/89/bwjml4px7bd8_gc4y493myh80000gn/T/FSTCapacityImageQA-09E7C6B9-2E95-4DB5-8328-4AEF097D3946/mount}
2026-10-02 16:28:18.095185+0700 xctest[63167:85506372] [client] Not Valid
2026-10-02 16:28:18.095213+0700 xctest[63167:85506372] [client] CacheDeleteCopyAvailableSpaceForVolume failed for volume /private/var/folders/89/bwjml4px7bd8_gc4y493myh80000gn/T/FSTCapacityImageQA-09E7C6B9-2E95-4DB5-8328-4AEF097D3946/mount: Error Domain=CacheDeleteErrorDomain Code=10 "(null)" UserInfo={Invalid volume=/private/var/folders/89/bwjml4px7bd8_gc4y493myh80000gn/T/FSTCapacityImageQA-09E7C6B9-2E95-4DB5-8328-4AEF097D3946/mount}
2026-10-02 16:28:18.096072+0700 xctest[63167:85506372] [client] Not Valid
2026-10-02 16:28:18.096087+0700 xctest[63167:85506372] [client] CacheDeleteCopyAvailableSpaceForVolume failed for volume /private/var/folders/89/bwjml4px7bd8_gc4y493myh80000gn/T/FSTCapacityImageQA-09E7C6B9-2E95-4DB5-8328-4AEF097D3946/mount: Error Domain=CacheDeleteErrorDomain Code=10 "(null)" UserInfo={Invalid volume=/private/var/folders/89/bwjml4px7bd8_gc4y493myh80000gn/T/FSTCapacityImageQA-09E7C6B9-2E95-4DB5-8328-4AEF097D3946/mount}
2026-10-02 16:28:18.096843+0700 xctest[63167:85506372] [client] Not Valid
2026-10-02 16:28:18.096855+0700 xctest[63167:85506372] [client] CacheDeleteCopyAvailableSpaceForVolume failed for volume /private/var/folders/89/bwjml4px7bd8_gc4y493myh80000gn/T/FSTCapacityImageQA-09E7C6B9-2E95-4DB5-8328-4AEF097D3946/mount: Error Domain=CacheDeleteErrorDomain Code=10 "(null)" UserInfo={Invalid volume=/private/var/folders/89/bwjml4px7bd8_gc4y493myh80000gn/T/FSTCapacityImageQA-09E7C6B9-2E95-4DB5-8328-4AEF097D3946/mount}
2026-10-02 16:28:18.097997+0700 xctest[63167:85506372] [client] Not Valid
2026-10-02 16:28:18.098025+0700 xctest[63167:85506372] [client] CacheDeleteCopyAvailableSpaceForVolume failed for volume /private/var/folders/89/bwjml4px7bd8_gc4y493myh80000gn/T/FSTCapacityImageQA-09E7C6B9-2E95-4DB5-8328-4AEF097D3946/mount: Error Domain=CacheDeleteErrorDomain Code=10 "(null)" UserInfo={Invalid volume=/private/var/folders/89/bwjml4px7bd8_gc4y493myh80000gn/T/FSTCapacityImageQA-09E7C6B9-2E95-4DB5-8328-4AEF097D3946/mount}
2026-10-02 16:28:18.099037+0700 xctest[63167:85506372] [client] Not Valid
2026-10-02 16:28:18.099059+0700 xctest[63167:85506372] [client] CacheDeleteCopyAvailableSpaceForVolume failed for volume /private/var/folders/89/bwjml4px7bd8_gc4y493myh80000gn/T/FSTCapacityImageQA-09E7C6B9-2E95-4DB5-8328-4AEF097D3946/mount: Error Domain=CacheDeleteErrorDomain Code=10 "(null)" UserInfo={Invalid volume=/private/var/folders/89/bwjml4px7bd8_gc4y493myh80000gn/T/FSTCapacityImageQA-09E7C6B9-2E95-4DB5-8328-4AEF097D3946/mount}
2026-10-02 16:28:18.099966+0700 xctest[63167:85506372] [client] Not Valid
2026-10-02 16:28:18.099986+0700 xctest[63167:85506372] [client] CacheDeleteCopyAvailableSpaceForVolume failed for volume /private/var/folders/89/bwjml4px7bd8_gc4y493myh80000gn/T/FSTCapacityImageQA-09E7C6B9-2E95-4DB5-8328-4AEF097D3946/mount: Error Domain=CacheDeleteErrorDomain Code=10 "(null)" UserInfo={Invalid volume=/private/var/folders/89/bwjml4px7bd8_gc4y493myh80000gn/T/FSTCapacityImageQA-09E7C6B9-2E95-4DB5-8328-4AEF097D3946/mount}
2026-10-02 16:28:18.101707+0700 xctest[63167:85506372] [client] Not Valid
2026-10-02 16:28:18.101743+0700 xctest[63167:85506372] [client] CacheDeleteCopyAvailableSpaceForVolume failed for volume /private/var/folders/89/bwjml4px7bd8_gc4y493myh80000gn/T/FSTCapacityImageQA-09E7C6B9-2E95-4DB5-8328-4AEF097D3946/mount: Error Domain=CacheDeleteErrorDomain Code=10 "(null)" UserInfo={Invalid volume=/private/var/folders/89/bwjml4px7bd8_gc4y493myh80000gn/T/FSTCapacityImageQA-09E7C6B9-2E95-4DB5-8328-4AEF097D3946/mount}
2026-10-02 16:28:18.103584+0700 xctest[63167:85506372] [client] Not Valid
2026-10-02 16:28:18.103612+0700 xctest[63167:85506372] [client] CacheDeleteCopyAvailableSpaceForVolume failed for volume /private/var/folders/89/bwjml4px7bd8_gc4y493myh80000gn/T/FSTCapacityImageQA-09E7C6B9-2E95-4DB5-8328-4AEF097D3946/mount: Error Domain=CacheDeleteErrorDomain Code=10 "(null)" UserInfo={Invalid volume=/private/var/folders/89/bwjml4px7bd8_gc4y493myh80000gn/T/FSTCapacityImageQA-09E7C6B9-2E95-4DB5-8328-4AEF097D3946/mount}
2026-10-02 16:28:18.105455+0700 xctest[63167:85506372] [client] Not Valid
2026-10-02 16:28:18.105483+0700 xctest[63167:85506372] [client] CacheDeleteCopyAvailableSpaceForVolume failed for volume /private/var/folders/89/bwjml4px7bd8_gc4y493myh80000gn/T/FSTCapacityImageQA-09E7C6B9-2E95-4DB5-8328-4AEF097D3946/mount: Error Domain=CacheDeleteErrorDomain Code=10 "(null)" UserInfo={Invalid volume=/private/var/folders/89/bwjml4px7bd8_gc4y493myh80000gn/T/FSTCapacityImageQA-09E7C6B9-2E95-4DB5-8328-4AEF097D3946/mount}
2026-10-02 16:28:18.107038+0700 xctest[63167:85506372] [client] Not Valid
2026-10-02 16:28:18.107064+0700 xctest[63167:85506372] [client] CacheDeleteCopyAvailableSpaceForVolume failed for volume /private/var/folders/89/bwjml4px7bd8_gc4y493myh80000gn/T/FSTCapacityImageQA-09E7C6B9-2E95-4DB5-8328-4AEF097D3946/mount: Error Domain=CacheDeleteErrorDomain Code=10 "(null)" UserInfo={Invalid volume=/private/var/folders/89/bwjml4px7bd8_gc4y493myh80000gn/T/FSTCapacityImageQA-09E7C6B9-2E95-4DB5-8328-4AEF097D3946/mount}
2026-10-02 16:28:18.108676+0700 xctest[63167:85506372] [client] Not Valid
2026-10-02 16:28:18.108696+0700 xctest[63167:85506372] [client] CacheDeleteCopyAvailableSpaceForVolume failed for volume /private/var/folders/89/bwjml4px7bd8_gc4y493myh80000gn/T/FSTCapacityImageQA-09E7C6B9-2E95-4DB5-8328-4AEF097D3946/mount: Error Domain=CacheDeleteErrorDomain Code=10 "(null)" UserInfo={Invalid volume=/private/var/folders/89/bwjml4px7bd8_gc4y493myh80000gn/T/FSTCapacityImageQA-09E7C6B9-2E95-4DB5-8328-4AEF097D3946/mount}
2026-10-02 16:28:18.110519+0700 xctest[63167:85506372] [client] Not Valid
2026-10-02 16:28:18.110538+0700 xctest[63167:85506372] [client] CacheDeleteCopyAvailableSpaceForVolume failed for volume /private/var/folders/89/bwjml4px7bd8_gc4y493myh80000gn/T/FSTCapacityImageQA-09E7C6B9-2E95-4DB5-8328-4AEF097D3946/mount: Error Domain=CacheDeleteErrorDomain Code=10 "(null)" UserInfo={Invalid volume=/private/var/folders/89/bwjml4px7bd8_gc4y493myh80000gn/T/FSTCapacityImageQA-09E7C6B9-2E95-4DB5-8328-4AEF097D3946/mount}
2026-10-02 16:28:18.111940+0700 xctest[63167:85506372] [client] Not Valid
2026-10-02 16:28:18.111958+0700 xctest[63167:85506372] [client] CacheDeleteCopyAvailableSpaceForVolume failed for volume /private/var/folders/89/bwjml4px7bd8_gc4y493myh80000gn/T/FSTCapacityImageQA-09E7C6B9-2E95-4DB5-8328-4AEF097D3946/mount: Error Domain=CacheDeleteErrorDomain Code=10 "(null)" UserInfo={Invalid volume=/private/var/folders/89/bwjml4px7bd8_gc4y493myh80000gn/T/FSTCapacityImageQA-09E7C6B9-2E95-4DB5-8328-4AEF097D3946/mount}
2026-10-02 16:28:18.115917+0700 xctest[63167:85506372] [client] Not Valid
2026-10-02 16:28:18.115947+0700 xctest[63167:85506372] [client] CacheDeleteCopyAvailableSpaceForVolume failed for volume /private/var/folders/89/bwjml4px7bd8_gc4y493myh80000gn/T/FSTCapacityImageQA-09E7C6B9-2E95-4DB5-8328-4AEF097D3946/mount: Error Domain=CacheDeleteErrorDomain Code=10 "(null)" UserInfo={Invalid volume=/private/var/folders/89/bwjml4px7bd8_gc4y493myh80000gn/T/FSTCapacityImageQA-09E7C6B9-2E95-4DB5-8328-4AEF097D3946/mount}
2026-10-02 16:28:18.117311+0700 xctest[63167:85506372] [client] Not Valid
2026-10-02 16:28:18.117323+0700 xctest[63167:85506372] [client] CacheDeleteCopyAvailableSpaceForVolume failed for volume /private/var/folders/89/bwjml4px7bd8_gc4y493myh80000gn/T/FSTCapacityImageQA-09E7C6B9-2E95-4DB5-8328-4AEF097D3946/mount: Error Domain=CacheDeleteErrorDomain Code=10 "(null)" UserInfo={Invalid volume=/private/var/folders/89/bwjml4px7bd8_gc4y493myh80000gn/T/FSTCapacityImageQA-09E7C6B9-2E95-4DB5-8328-4AEF097D3946/mount}
2026-10-02 16:28:18.118704+0700 xctest[63167:85506372] [client] Not Valid
2026-10-02 16:28:18.118714+0700 xctest[63167:85506372] [client] CacheDeleteCopyAvailableSpaceForVolume failed for volume /private/var/folders/89/bwjml4px7bd8_gc4y493myh80000gn/T/FSTCapacityImageQA-09E7C6B9-2E95-4DB5-8328-4AEF097D3946/mount: Error Domain=CacheDeleteErrorDomain Code=10 "(null)" UserInfo={Invalid volume=/private/var/folders/89/bwjml4px7bd8_gc4y493myh80000gn/T/FSTCapacityImageQA-09E7C6B9-2E95-4DB5-8328-4AEF097D3946/mount}
2026-10-02 16:28:18.119555+0700 xctest[63167:85506372] [client] Not Valid
2026-10-02 16:28:18.119566+0700 xctest[63167:85506372] [client] CacheDeleteCopyAvailableSpaceForVolume failed for volume /private/var/folders/89/bwjml4px7bd8_gc4y493myh80000gn/T/FSTCapacityImageQA-09E7C6B9-2E95-4DB5-8328-4AEF097D3946/mount: Error Domain=CacheDeleteErrorDomain Code=10 "(null)" UserInfo={Invalid volume=/private/var/folders/89/bwjml4px7bd8_gc4y493myh80000gn/T/FSTCapacityImageQA-09E7C6B9-2E95-4DB5-8328-4AEF097D3946/mount}
2026-10-02 16:28:18.120286+0700 xctest[63167:85506372] [client] Not Valid
2026-10-02 16:28:18.120303+0700 xctest[63167:85506372] [client] CacheDeleteCopyAvailableSpaceForVolume failed for volume /private/var/folders/89/bwjml4px7bd8_gc4y493myh80000gn/T/FSTCapacityImageQA-09E7C6B9-2E95-4DB5-8328-4AEF097D3946/mount: Error Domain=CacheDeleteErrorDomain Code=10 "(null)" UserInfo={Invalid volume=/private/var/folders/89/bwjml4px7bd8_gc4y493myh80000gn/T/FSTCapacityImageQA-09E7C6B9-2E95-4DB5-8328-4AEF097D3946/mount}
2026-10-02 16:28:18.121059+0700 xctest[63167:85506372] [client] Not Valid
2026-10-02 16:28:18.121073+0700 xctest[63167:85506372] [client] CacheDeleteCopyAvailableSpaceForVolume failed for volume /private/var/folders/89/bwjml4px7bd8_gc4y493myh80000gn/T/FSTCapacityImageQA-09E7C6B9-2E95-4DB5-8328-4AEF097D3946/mount: Error Domain=CacheDeleteErrorDomain Code=10 "(null)" UserInfo={Invalid volume=/private/var/folders/89/bwjml4px7bd8_gc4y493myh80000gn/T/FSTCapacityImageQA-09E7C6B9-2E95-4DB5-8328-4AEF097D3946/mount}
2026-10-02 16:28:18.121802+0700 xctest[63167:85506372] [client] Not Valid
2026-10-02 16:28:18.121821+0700 xctest[63167:85506372] [client] CacheDeleteCopyAvailableSpaceForVolume failed for volume /private/var/folders/89/bwjml4px7bd8_gc4y493myh80000gn/T/FSTCapacityImageQA-09E7C6B9-2E95-4DB5-8328-4AEF097D3946/mount: Error Domain=CacheDeleteErrorDomain Code=10 "(null)" UserInfo={Invalid volume=/private/var/folders/89/bwjml4px7bd8_gc4y493myh80000gn/T/FSTCapacityImageQA-09E7C6B9-2E95-4DB5-8328-4AEF097D3946/mount}
2026-10-02 16:28:18.122671+0700 xctest[63167:85506372] [client] Not Valid
2026-10-02 16:28:18.122689+0700 xctest[63167:85506372] [client] CacheDeleteCopyAvailableSpaceForVolume failed for volume /private/var/folders/89/bwjml4px7bd8_gc4y493myh80000gn/T/FSTCapacityImageQA-09E7C6B9-2E95-4DB5-8328-4AEF097D3946/mount: Error Domain=CacheDeleteErrorDomain Code=10 "(null)" UserInfo={Invalid volume=/private/var/folders/89/bwjml4px7bd8_gc4y493myh80000gn/T/FSTCapacityImageQA-09E7C6B9-2E95-4DB5-8328-4AEF097D3946/mount}
2026-10-02 16:28:18.127389+0700 xctest[63167:85506372] [client] Not Valid
2026-10-02 16:28:18.127428+0700 xctest[63167:85506372] [client] CacheDeleteCopyAvailableSpaceForVolume failed for volume /private/var/folders/89/bwjml4px7bd8_gc4y493myh80000gn/T/FSTCapacityImageQA-09E7C6B9-2E95-4DB5-8328-4AEF097D3946/mount: Error Domain=CacheDeleteErrorDomain Code=10 "(null)" UserInfo={Invalid volume=/private/var/folders/89/bwjml4px7bd8_gc4y493myh80000gn/T/FSTCapacityImageQA-09E7C6B9-2E95-4DB5-8328-4AEF097D3946/mount}
2026-10-02 16:28:18.129529+0700 xctest[63167:85506372] [client] Not Valid
2026-10-02 16:28:18.129555+0700 xctest[63167:85506372] [client] CacheDeleteCopyAvailableSpaceForVolume failed for volume /private/var/folders/89/bwjml4px7bd8_gc4y493myh80000gn/T/FSTCapacityImageQA-09E7C6B9-2E95-4DB5-8328-4AEF097D3946/mount: Error Domain=CacheDeleteErrorDomain Code=10 "(null)" UserInfo={Invalid volume=/private/var/folders/89/bwjml4px7bd8_gc4y493myh80000gn/T/FSTCapacityImageQA-09E7C6B9-2E95-4DB5-8328-4AEF097D3946/mount}
2026-10-02 16:28:18.132062+0700 xctest[63167:85506372] [client] Not Valid
2026-10-02 16:28:18.132083+0700 xctest[63167:85506372] [client] CacheDeleteCopyAvailableSpaceForVolume failed for volume /private/var/folders/89/bwjml4px7bd8_gc4y493myh80000gn/T/FSTCapacityImageQA-09E7C6B9-2E95-4DB5-8328-4AEF097D3946/mount: Error Domain=CacheDeleteErrorDomain Code=10 "(null)" UserInfo={Invalid volume=/private/var/folders/89/bwjml4px7bd8_gc4y493myh80000gn/T/FSTCapacityImageQA-09E7C6B9-2E95-4DB5-8328-4AEF097D3946/mount}
2026-10-02 16:28:18.133408+0700 xctest[63167:85506372] [client] Not Valid
2026-10-02 16:28:18.133423+0700 xctest[63167:85506372] [client] CacheDeleteCopyAvailableSpaceForVolume failed for volume /private/var/folders/89/bwjml4px7bd8_gc4y493myh80000gn/T/FSTCapacityImageQA-09E7C6B9-2E95-4DB5-8328-4AEF097D3946/mount: Error Domain=CacheDeleteErrorDomain Code=10 "(null)" UserInfo={Invalid volume=/private/var/folders/89/bwjml4px7bd8_gc4y493myh80000gn/T/FSTCapacityImageQA-09E7C6B9-2E95-4DB5-8328-4AEF097D3946/mount}
2026-10-02 16:28:18.135085+0700 xctest[63167:85506372] [client] Not Valid
2026-10-02 16:28:18.135102+0700 xctest[63167:85506372] [client] CacheDeleteCopyAvailableSpaceForVolume failed for volume /private/var/folders/89/bwjml4px7bd8_gc4y493myh80000gn/T/FSTCapacityImageQA-09E7C6B9-2E95-4DB5-8328-4AEF097D3946/mount: Error Domain=CacheDeleteErrorDomain Code=10 "(null)" UserInfo={Invalid volume=/private/var/folders/89/bwjml4px7bd8_gc4y493myh80000gn/T/FSTCapacityImageQA-09E7C6B9-2E95-4DB5-8328-4AEF097D3946/mount}
2026-10-02 16:28:18.136326+0700 xctest[63167:85506372] [client] Not Valid
2026-10-02 16:28:18.136337+0700 xctest[63167:85506372] [client] CacheDeleteCopyAvailableSpaceForVolume failed for volume /private/var/folders/89/bwjml4px7bd8_gc4y493myh80000gn/T/FSTCapacityImageQA-09E7C6B9-2E95-4DB5-8328-4AEF097D3946/mount: Error Domain=CacheDeleteErrorDomain Code=10 "(null)" UserInfo={Invalid volume=/private/var/folders/89/bwjml4px7bd8_gc4y493myh80000gn/T/FSTCapacityImageQA-09E7C6B9-2E95-4DB5-8328-4AEF097D3946/mount}
2026-10-02 16:28:18.139327+0700 xctest[63167:85506372] [client] Not Valid
2026-10-02 16:28:18.139355+0700 xctest[63167:85506372] [client] CacheDeleteCopyAvailableSpaceForVolume failed for volume /private/var/folders/89/bwjml4px7bd8_gc4y493myh80000gn/T/FSTCapacityImageQA-09E7C6B9-2E95-4DB5-8328-4AEF097D3946/mount: Error Domain=CacheDeleteErrorDomain Code=10 "(null)" UserInfo={Invalid volume=/private/var/folders/89/bwjml4px7bd8_gc4y493myh80000gn/T/FSTCapacityImageQA-09E7C6B9-2E95-4DB5-8328-4AEF097D3946/mount}
2026-10-02 16:28:18.140855+0700 xctest[63167:85506372] [client] Not Valid
2026-10-02 16:28:18.140868+0700 xctest[63167:85506372] [client] CacheDeleteCopyAvailableSpaceForVolume failed for volume /private/var/folders/89/bwjml4px7bd8_gc4y493myh80000gn/T/FSTCapacityImageQA-09E7C6B9-2E95-4DB5-8328-4AEF097D3946/mount: Error Domain=CacheDeleteErrorDomain Code=10 "(null)" UserInfo={Invalid volume=/private/var/folders/89/bwjml4px7bd8_gc4y493myh80000gn/T/FSTCapacityImageQA-09E7C6B9-2E95-4DB5-8328-4AEF097D3946/mount}
2026-10-02 16:28:18.142168+0700 xctest[63167:85506372] [client] Not Valid
2026-10-02 16:28:18.142180+0700 xctest[63167:85506372] [client] CacheDeleteCopyAvailableSpaceForVolume failed for volume /private/var/folders/89/bwjml4px7bd8_gc4y493myh80000gn/T/FSTCapacityImageQA-09E7C6B9-2E95-4DB5-8328-4AEF097D3946/mount: Error Domain=CacheDeleteErrorDomain Code=10 "(null)" UserInfo={Invalid volume=/private/var/folders/89/bwjml4px7bd8_gc4y493myh80000gn/T/FSTCapacityImageQA-09E7C6B9-2E95-4DB5-8328-4AEF097D3946/mount}
2026-10-02 16:28:18.143503+0700 xctest[63167:85506372] [client] Not Valid
2026-10-02 16:28:18.143526+0700 xctest[63167:85506372] [client] CacheDeleteCopyAvailableSpaceForVolume failed for volume /private/var/folders/89/bwjml4px7bd8_gc4y493myh80000gn/T/FSTCapacityImageQA-09E7C6B9-2E95-4DB5-8328-4AEF097D3946/mount: Error Domain=CacheDeleteErrorDomain Code=10 "(null)" UserInfo={Invalid volume=/private/var/folders/89/bwjml4px7bd8_gc4y493myh80000gn/T/FSTCapacityImageQA-09E7C6B9-2E95-4DB5-8328-4AEF097D3946/mount}
2026-10-02 16:28:18.144910+0700 xctest[63167:85506372] [client] Not Valid
2026-10-02 16:28:18.144927+0700 xctest[63167:85506372] [client] CacheDeleteCopyAvailableSpaceForVolume failed for volume /private/var/folders/89/bwjml4px7bd8_gc4y493myh80000gn/T/FSTCapacityImageQA-09E7C6B9-2E95-4DB5-8328-4AEF097D3946/mount: Error Domain=CacheDeleteErrorDomain Code=10 "(null)" UserInfo={Invalid volume=/private/var/folders/89/bwjml4px7bd8_gc4y493myh80000gn/T/FSTCapacityImageQA-09E7C6B9-2E95-4DB5-8328-4AEF097D3946/mount}
2026-10-02 16:28:18.146265+0700 xctest[63167:85506372] [client] Not Valid
2026-10-02 16:28:18.146277+0700 xctest[63167:85506372] [client] CacheDeleteCopyAvailableSpaceForVolume failed for volume /private/var/folders/89/bwjml4px7bd8_gc4y493myh80000gn/T/FSTCapacityImageQA-09E7C6B9-2E95-4DB5-8328-4AEF097D3946/mount: Error Domain=CacheDeleteErrorDomain Code=10 "(null)" UserInfo={Invalid volume=/private/var/folders/89/bwjml4px7bd8_gc4y493myh80000gn/T/FSTCapacityImageQA-09E7C6B9-2E95-4DB5-8328-4AEF097D3946/mount}
2026-10-02 16:28:18.149205+0700 xctest[63167:85506372] [client] Not Valid
2026-10-02 16:28:18.149221+0700 xctest[63167:85506372] [client] CacheDeleteCopyAvailableSpaceForVolume failed for volume /private/var/folders/89/bwjml4px7bd8_gc4y493myh80000gn/T/FSTCapacityImageQA-09E7C6B9-2E95-4DB5-8328-4AEF097D3946/mount: Error Domain=CacheDeleteErrorDomain Code=10 "(null)" UserInfo={Invalid volume=/private/var/folders/89/bwjml4px7bd8_gc4y493myh80000gn/T/FSTCapacityImageQA-09E7C6B9-2E95-4DB5-8328-4AEF097D3946/mount}
2026-10-02 16:28:18.150947+0700 xctest[63167:85506372] [client] Not Valid
2026-10-02 16:28:18.150965+0700 xctest[63167:85506372] [client] CacheDeleteCopyAvailableSpaceForVolume failed for volume /private/var/folders/89/bwjml4px7bd8_gc4y493myh80000gn/T/FSTCapacityImageQA-09E7C6B9-2E95-4DB5-8328-4AEF097D3946/mount: Error Domain=CacheDeleteErrorDomain Code=10 "(null)" UserInfo={Invalid volume=/private/var/folders/89/bwjml4px7bd8_gc4y493myh80000gn/T/FSTCapacityImageQA-09E7C6B9-2E95-4DB5-8328-4AEF097D3946/mount}
2026-10-02 16:28:18.152635+0700 xctest[63167:85506372] [client] Not Valid
2026-10-02 16:28:18.152661+0700 xctest[63167:85506372] [client] CacheDeleteCopyAvailableSpaceForVolume failed for volume /private/var/folders/89/bwjml4px7bd8_gc4y493myh80000gn/T/FSTCapacityImageQA-09E7C6B9-2E95-4DB5-8328-4AEF097D3946/mount: Error Domain=CacheDeleteErrorDomain Code=10 "(null)" UserInfo={Invalid volume=/private/var/folders/89/bwjml4px7bd8_gc4y493myh80000gn/T/FSTCapacityImageQA-09E7C6B9-2E95-4DB5-8328-4AEF097D3946/mount}
2026-10-02 16:28:18.154442+0700 xctest[63167:85506372] [client] Not Valid
2026-10-02 16:28:18.154473+0700 xctest[63167:85506372] [client] CacheDeleteCopyAvailableSpaceForVolume failed for volume /private/var/folders/89/bwjml4px7bd8_gc4y493myh80000gn/T/FSTCapacityImageQA-09E7C6B9-2E95-4DB5-8328-4AEF097D3946/mount: Error Domain=CacheDeleteErrorDomain Code=10 "(null)" UserInfo={Invalid volume=/private/var/folders/89/bwjml4px7bd8_gc4y493myh80000gn/T/FSTCapacityImageQA-09E7C6B9-2E95-4DB5-8328-4AEF097D3946/mount}
2026-10-02 16:28:18.161416+0700 xctest[63167:85506372] [client] Not Valid
2026-10-02 16:28:18.161449+0700 xctest[63167:85506372] [client] CacheDeleteCopyAvailableSpaceForVolume failed for volume /private/var/folders/89/bwjml4px7bd8_gc4y493myh80000gn/T/FSTCapacityImageQA-09E7C6B9-2E95-4DB5-8328-4AEF097D3946/mount: Error Domain=CacheDeleteErrorDomain Code=10 "(null)" UserInfo={Invalid volume=/private/var/folders/89/bwjml4px7bd8_gc4y493myh80000gn/T/FSTCapacityImageQA-09E7C6B9-2E95-4DB5-8328-4AEF097D3946/mount}
2026-10-02 16:28:18.165438+0700 xctest[63167:85506372] [client] Not Valid
2026-10-02 16:28:18.165453+0700 xctest[63167:85506372] [client] CacheDeleteCopyAvailableSpaceForVolume failed for volume /private/var/folders/89/bwjml4px7bd8_gc4y493myh80000gn/T/FSTCapacityImageQA-09E7C6B9-2E95-4DB5-8328-4AEF097D3946/mount: Error Domain=CacheDeleteErrorDomain Code=10 "(null)" UserInfo={Invalid volume=/private/var/folders/89/bwjml4px7bd8_gc4y493myh80000gn/T/FSTCapacityImageQA-09E7C6B9-2E95-4DB5-8328-4AEF097D3946/mount}
2026-10-02 16:28:18.168367+0700 xctest[63167:85506372] [client] Not Valid
2026-10-02 16:28:18.168393+0700 xctest[63167:85506372] [client] CacheDeleteCopyAvailableSpaceForVolume failed for volume /private/var/folders/89/bwjml4px7bd8_gc4y493myh80000gn/T/FSTCapacityImageQA-09E7C6B9-2E95-4DB5-8328-4AEF097D3946/mount: Error Domain=CacheDeleteErrorDomain Code=10 "(null)" UserInfo={Invalid volume=/private/var/folders/89/bwjml4px7bd8_gc4y493myh80000gn/T/FSTCapacityImageQA-09E7C6B9-2E95-4DB5-8328-4AEF097D3946/mount}
2026-10-02 16:28:18.170147+0700 xctest[63167:85506372] [client] Not Valid
2026-10-02 16:28:18.170166+0700 xctest[63167:85506372] [client] CacheDeleteCopyAvailableSpaceForVolume failed for volume /private/var/folders/89/bwjml4px7bd8_gc4y493myh80000gn/T/FSTCapacityImageQA-09E7C6B9-2E95-4DB5-8328-4AEF097D3946/mount: Error Domain=CacheDeleteErrorDomain Code=10 "(null)" UserInfo={Invalid volume=/private/var/folders/89/bwjml4px7bd8_gc4y493myh80000gn/T/FSTCapacityImageQA-09E7C6B9-2E95-4DB5-8328-4AEF097D3946/mount}
2026-10-02 16:28:18.171834+0700 xctest[63167:85506372] [client] Not Valid
2026-10-02 16:28:18.171854+0700 xctest[63167:85506372] [client] CacheDeleteCopyAvailableSpaceForVolume failed for volume /private/var/folders/89/bwjml4px7bd8_gc4y493myh80000gn/T/FSTCapacityImageQA-09E7C6B9-2E95-4DB5-8328-4AEF097D3946/mount: Error Domain=CacheDeleteErrorDomain Code=10 "(null)" UserInfo={Invalid volume=/private/var/folders/89/bwjml4px7bd8_gc4y493myh80000gn/T/FSTCapacityImageQA-09E7C6B9-2E95-4DB5-8328-4AEF097D3946/mount}
2026-10-02 16:28:18.173436+0700 xctest[63167:85506372] [client] Not Valid
2026-10-02 16:28:18.173462+0700 xctest[63167:85506372] [client] CacheDeleteCopyAvailableSpaceForVolume failed for volume /private/var/folders/89/bwjml4px7bd8_gc4y493myh80000gn/T/FSTCapacityImageQA-09E7C6B9-2E95-4DB5-8328-4AEF097D3946/mount: Error Domain=CacheDeleteErrorDomain Code=10 "(null)" UserInfo={Invalid volume=/private/var/folders/89/bwjml4px7bd8_gc4y493myh80000gn/T/FSTCapacityImageQA-09E7C6B9-2E95-4DB5-8328-4AEF097D3946/mount}
2026-10-02 16:28:18.175240+0700 xctest[63167:85506372] [client] Not Valid
2026-10-02 16:28:18.175262+0700 xctest[63167:85506372] [client] CacheDeleteCopyAvailableSpaceForVolume failed for volume /private/var/folders/89/bwjml4px7bd8_gc4y493myh80000gn/T/FSTCapacityImageQA-09E7C6B9-2E95-4DB5-8328-4AEF097D3946/mount: Error Domain=CacheDeleteErrorDomain Code=10 "(null)" UserInfo={Invalid volume=/private/var/folders/89/bwjml4px7bd8_gc4y493myh80000gn/T/FSTCapacityImageQA-09E7C6B9-2E95-4DB5-8328-4AEF097D3946/mount}
2026-10-02 16:28:18.177802+0700 xctest[63167:85506372] [client] Not Valid
2026-10-02 16:28:18.177821+0700 xctest[63167:85506372] [client] CacheDeleteCopyAvailableSpaceForVolume failed for volume /private/var/folders/89/bwjml4px7bd8_gc4y493myh80000gn/T/FSTCapacityImageQA-09E7C6B9-2E95-4DB5-8328-4AEF097D3946/mount: Error Domain=CacheDeleteErrorDomain Code=10 "(null)" UserInfo={Invalid volume=/private/var/folders/89/bwjml4px7bd8_gc4y493myh80000gn/T/FSTCapacityImageQA-09E7C6B9-2E95-4DB5-8328-4AEF097D3946/mount}
2026-10-02 16:28:18.179096+0700 xctest[63167:85506372] [client] Not Valid
2026-10-02 16:28:18.179107+0700 xctest[63167:85506372] [client] CacheDeleteCopyAvailableSpaceForVolume failed for volume /private/var/folders/89/bwjml4px7bd8_gc4y493myh80000gn/T/FSTCapacityImageQA-09E7C6B9-2E95-4DB5-8328-4AEF097D3946/mount: Error Domain=CacheDeleteErrorDomain Code=10 "(null)" UserInfo={Invalid volume=/private/var/folders/89/bwjml4px7bd8_gc4y493myh80000gn/T/FSTCapacityImageQA-09E7C6B9-2E95-4DB5-8328-4AEF097D3946/mount}
2026-10-02 16:28:18.183120+0700 xctest[63167:85506372] [client] Not Valid
2026-10-02 16:28:18.183156+0700 xctest[63167:85506372] [client] CacheDeleteCopyAvailableSpaceForVolume failed for volume /private/var/folders/89/bwjml4px7bd8_gc4y493myh80000gn/T/FSTCapacityImageQA-09E7C6B9-2E95-4DB5-8328-4AEF097D3946/mount: Error Domain=CacheDeleteErrorDomain Code=10 "(null)" UserInfo={Invalid volume=/private/var/folders/89/bwjml4px7bd8_gc4y493myh80000gn/T/FSTCapacityImageQA-09E7C6B9-2E95-4DB5-8328-4AEF097D3946/mount}
2026-10-02 16:28:18.184939+0700 xctest[63167:85506372] [client] Not Valid
2026-10-02 16:28:18.184965+0700 xctest[63167:85506372] [client] CacheDeleteCopyAvailableSpaceForVolume failed for volume /private/var/folders/89/bwjml4px7bd8_gc4y493myh80000gn/T/FSTCapacityImageQA-09E7C6B9-2E95-4DB5-8328-4AEF097D3946/mount: Error Domain=CacheDeleteErrorDomain Code=10 "(null)" UserInfo={Invalid volume=/private/var/folders/89/bwjml4px7bd8_gc4y493myh80000gn/T/FSTCapacityImageQA-09E7C6B9-2E95-4DB5-8328-4AEF097D3946/mount}
2026-10-02 16:28:18.186606+0700 xctest[63167:85506372] [client] Not Valid
2026-10-02 16:28:18.186628+0700 xctest[63167:85506372] [client] CacheDeleteCopyAvailableSpaceForVolume failed for volume /private/var/folders/89/bwjml4px7bd8_gc4y493myh80000gn/T/FSTCapacityImageQA-09E7C6B9-2E95-4DB5-8328-4AEF097D3946/mount: Error Domain=CacheDeleteErrorDomain Code=10 "(null)" UserInfo={Invalid volume=/private/var/folders/89/bwjml4px7bd8_gc4y493myh80000gn/T/FSTCapacityImageQA-09E7C6B9-2E95-4DB5-8328-4AEF097D3946/mount}
2026-10-02 16:28:18.188023+0700 xctest[63167:85506372] [client] Not Valid
2026-10-02 16:28:18.188042+0700 xctest[63167:85506372] [client] CacheDeleteCopyAvailableSpaceForVolume failed for volume /private/var/folders/89/bwjml4px7bd8_gc4y493myh80000gn/T/FSTCapacityImageQA-09E7C6B9-2E95-4DB5-8328-4AEF097D3946/mount: Error Domain=CacheDeleteErrorDomain Code=10 "(null)" UserInfo={Invalid volume=/private/var/folders/89/bwjml4px7bd8_gc4y493myh80000gn/T/FSTCapacityImageQA-09E7C6B9-2E95-4DB5-8328-4AEF097D3946/mount}
2026-10-02 16:28:18.195147+0700 xctest[63167:85506372] [client] Not Valid
2026-10-02 16:28:18.195172+0700 xctest[63167:85506372] [client] CacheDeleteCopyAvailableSpaceForVolume failed for volume /private/var/folders/89/bwjml4px7bd8_gc4y493myh80000gn/T/FSTCapacityImageQA-09E7C6B9-2E95-4DB5-8328-4AEF097D3946/mount: Error Domain=CacheDeleteErrorDomain Code=10 "(null)" UserInfo={Invalid volume=/private/var/folders/89/bwjml4px7bd8_gc4y493myh80000gn/T/FSTCapacityImageQA-09E7C6B9-2E95-4DB5-8328-4AEF097D3946/mount}
2026-10-02 16:28:18.196926+0700 xctest[63167:85506372] [client] Not Valid
2026-10-02 16:28:18.196942+0700 xctest[63167:85506372] [client] CacheDeleteCopyAvailableSpaceForVolume failed for volume /private/var/folders/89/bwjml4px7bd8_gc4y493myh80000gn/T/FSTCapacityImageQA-09E7C6B9-2E95-4DB5-8328-4AEF097D3946/mount: Error Domain=CacheDeleteErrorDomain Code=10 "(null)" UserInfo={Invalid volume=/private/var/folders/89/bwjml4px7bd8_gc4y493myh80000gn/T/FSTCapacityImageQA-09E7C6B9-2E95-4DB5-8328-4AEF097D3946/mount}
2026-10-02 16:28:18.198965+0700 xctest[63167:85506372] [client] Not Valid
2026-10-02 16:28:18.198998+0700 xctest[63167:85506372] [client] CacheDeleteCopyAvailableSpaceForVolume failed for volume /private/var/folders/89/bwjml4px7bd8_gc4y493myh80000gn/T/FSTCapacityImageQA-09E7C6B9-2E95-4DB5-8328-4AEF097D3946/mount: Error Domain=CacheDeleteErrorDomain Code=10 "(null)" UserInfo={Invalid volume=/private/var/folders/89/bwjml4px7bd8_gc4y493myh80000gn/T/FSTCapacityImageQA-09E7C6B9-2E95-4DB5-8328-4AEF097D3946/mount}
2026-10-02 16:28:18.199973+0700 xctest[63167:85506372] [client] Not Valid
2026-10-02 16:28:18.199997+0700 xctest[63167:85506372] [client] CacheDeleteCopyAvailableSpaceForVolume failed for volume /private/var/folders/89/bwjml4px7bd8_gc4y493myh80000gn/T/FSTCapacityImageQA-09E7C6B9-2E95-4DB5-8328-4AEF097D3946/mount: Error Domain=CacheDeleteErrorDomain Code=10 "(null)" UserInfo={Invalid volume=/private/var/folders/89/bwjml4px7bd8_gc4y493myh80000gn/T/FSTCapacityImageQA-09E7C6B9-2E95-4DB5-8328-4AEF097D3946/mount}
2026-10-02 16:28:18.201784+0700 xctest[63167:85506372] [client] Not Valid
2026-10-02 16:28:18.201822+0700 xctest[63167:85506372] [client] CacheDeleteCopyAvailableSpaceForVolume failed for volume /private/var/folders/89/bwjml4px7bd8_gc4y493myh80000gn/T/FSTCapacityImageQA-09E7C6B9-2E95-4DB5-8328-4AEF097D3946/mount: Error Domain=CacheDeleteErrorDomain Code=10 "(null)" UserInfo={Invalid volume=/private/var/folders/89/bwjml4px7bd8_gc4y493myh80000gn/T/FSTCapacityImageQA-09E7C6B9-2E95-4DB5-8328-4AEF097D3946/mount}
2026-10-02 16:28:18.202834+0700 xctest[63167:85506372] [client] Not Valid
2026-10-02 16:28:18.202855+0700 xctest[63167:85506372] [client] CacheDeleteCopyAvailableSpaceForVolume failed for volume /private/var/folders/89/bwjml4px7bd8_gc4y493myh80000gn/T/FSTCapacityImageQA-09E7C6B9-2E95-4DB5-8328-4AEF097D3946/mount: Error Domain=CacheDeleteErrorDomain Code=10 "(null)" UserInfo={Invalid volume=/private/var/folders/89/bwjml4px7bd8_gc4y493myh80000gn/T/FSTCapacityImageQA-09E7C6B9-2E95-4DB5-8328-4AEF097D3946/mount}
2026-10-02 16:28:18.203824+0700 xctest[63167:85506372] [client] Not Valid
2026-10-02 16:28:18.203844+0700 xctest[63167:85506372] [client] CacheDeleteCopyAvailableSpaceForVolume failed for volume /private/var/folders/89/bwjml4px7bd8_gc4y493myh80000gn/T/FSTCapacityImageQA-09E7C6B9-2E95-4DB5-8328-4AEF097D3946/mount: Error Domain=CacheDeleteErrorDomain Code=10 "(null)" UserInfo={Invalid volume=/private/var/folders/89/bwjml4px7bd8_gc4y493myh80000gn/T/FSTCapacityImageQA-09E7C6B9-2E95-4DB5-8328-4AEF097D3946/mount}
2026-10-02 16:28:18.204818+0700 xctest[63167:85506372] [client] Not Valid
2026-10-02 16:28:18.204844+0700 xctest[63167:85506372] [client] CacheDeleteCopyAvailableSpaceForVolume failed for volume /private/var/folders/89/bwjml4px7bd8_gc4y493myh80000gn/T/FSTCapacityImageQA-09E7C6B9-2E95-4DB5-8328-4AEF097D3946/mount: Error Domain=CacheDeleteErrorDomain Code=10 "(null)" UserInfo={Invalid volume=/private/var/folders/89/bwjml4px7bd8_gc4y493myh80000gn/T/FSTCapacityImageQA-09E7C6B9-2E95-4DB5-8328-4AEF097D3946/mount}
2026-10-02 16:28:18.206085+0700 xctest[63167:85506372] [client] Not Valid
2026-10-02 16:28:18.206119+0700 xctest[63167:85506372] [client] CacheDeleteCopyAvailableSpaceForVolume failed for volume /private/var/folders/89/bwjml4px7bd8_gc4y493myh80000gn/T/FSTCapacityImageQA-09E7C6B9-2E95-4DB5-8328-4AEF097D3946/mount: Error Domain=CacheDeleteErrorDomain Code=10 "(null)" UserInfo={Invalid volume=/private/var/folders/89/bwjml4px7bd8_gc4y493myh80000gn/T/FSTCapacityImageQA-09E7C6B9-2E95-4DB5-8328-4AEF097D3946/mount}
2026-10-02 16:28:18.207390+0700 xctest[63167:85506372] [client] Not Valid
2026-10-02 16:28:18.207418+0700 xctest[63167:85506372] [client] CacheDeleteCopyAvailableSpaceForVolume failed for volume /private/var/folders/89/bwjml4px7bd8_gc4y493myh80000gn/T/FSTCapacityImageQA-09E7C6B9-2E95-4DB5-8328-4AEF097D3946/mount: Error Domain=CacheDeleteErrorDomain Code=10 "(null)" UserInfo={Invalid volume=/private/var/folders/89/bwjml4px7bd8_gc4y493myh80000gn/T/FSTCapacityImageQA-09E7C6B9-2E95-4DB5-8328-4AEF097D3946/mount}
2026-10-02 16:28:18.208940+0700 xctest[63167:85506372] [client] Not Valid
2026-10-02 16:28:18.209007+0700 xctest[63167:85506372] [client] CacheDeleteCopyAvailableSpaceForVolume failed for volume /private/var/folders/89/bwjml4px7bd8_gc4y493myh80000gn/T/FSTCapacityImageQA-09E7C6B9-2E95-4DB5-8328-4AEF097D3946/mount: Error Domain=CacheDeleteErrorDomain Code=10 "(null)" UserInfo={Invalid volume=/private/var/folders/89/bwjml4px7bd8_gc4y493myh80000gn/T/FSTCapacityImageQA-09E7C6B9-2E95-4DB5-8328-4AEF097D3946/mount}
2026-10-02 16:28:18.210677+0700 xctest[63167:85506372] [client] Not Valid
2026-10-02 16:28:18.210711+0700 xctest[63167:85506372] [client] CacheDeleteCopyAvailableSpaceForVolume failed for volume /private/var/folders/89/bwjml4px7bd8_gc4y493myh80000gn/T/FSTCapacityImageQA-09E7C6B9-2E95-4DB5-8328-4AEF097D3946/mount: Error Domain=CacheDeleteErrorDomain Code=10 "(null)" UserInfo={Invalid volume=/private/var/folders/89/bwjml4px7bd8_gc4y493myh80000gn/T/FSTCapacityImageQA-09E7C6B9-2E95-4DB5-8328-4AEF097D3946/mount}
2026-10-02 16:28:18.211854+0700 xctest[63167:85506372] [client] Not Valid
2026-10-02 16:28:18.211878+0700 xctest[63167:85506372] [client] CacheDeleteCopyAvailableSpaceForVolume failed for volume /private/var/folders/89/bwjml4px7bd8_gc4y493myh80000gn/T/FSTCapacityImageQA-09E7C6B9-2E95-4DB5-8328-4AEF097D3946/mount: Error Domain=CacheDeleteErrorDomain Code=10 "(null)" UserInfo={Invalid volume=/private/var/folders/89/bwjml4px7bd8_gc4y493myh80000gn/T/FSTCapacityImageQA-09E7C6B9-2E95-4DB5-8328-4AEF097D3946/mount}
2026-10-02 16:28:18.212897+0700 xctest[63167:85506372] [client] Not Valid
2026-10-02 16:28:18.212923+0700 xctest[63167:85506372] [client] CacheDeleteCopyAvailableSpaceForVolume failed for volume /private/var/folders/89/bwjml4px7bd8_gc4y493myh80000gn/T/FSTCapacityImageQA-09E7C6B9-2E95-4DB5-8328-4AEF097D3946/mount: Error Domain=CacheDeleteErrorDomain Code=10 "(null)" UserInfo={Invalid volume=/private/var/folders/89/bwjml4px7bd8_gc4y493myh80000gn/T/FSTCapacityImageQA-09E7C6B9-2E95-4DB5-8328-4AEF097D3946/mount}
2026-10-02 16:28:18.213961+0700 xctest[63167:85506372] [client] Not Valid
2026-10-02 16:28:18.213987+0700 xctest[63167:85506372] [client] CacheDeleteCopyAvailableSpaceForVolume failed for volume /private/var/folders/89/bwjml4px7bd8_gc4y493myh80000gn/T/FSTCapacityImageQA-09E7C6B9-2E95-4DB5-8328-4AEF097D3946/mount: Error Domain=CacheDeleteErrorDomain Code=10 "(null)" UserInfo={Invalid volume=/private/var/folders/89/bwjml4px7bd8_gc4y493myh80000gn/T/FSTCapacityImageQA-09E7C6B9-2E95-4DB5-8328-4AEF097D3946/mount}
2026-10-02 16:28:18.215184+0700 xctest[63167:85506372] [client] Not Valid
2026-10-02 16:28:18.215213+0700 xctest[63167:85506372] [client] CacheDeleteCopyAvailableSpaceForVolume failed for volume /private/var/folders/89/bwjml4px7bd8_gc4y493myh80000gn/T/FSTCapacityImageQA-09E7C6B9-2E95-4DB5-8328-4AEF097D3946/mount: Error Domain=CacheDeleteErrorDomain Code=10 "(null)" UserInfo={Invalid volume=/private/var/folders/89/bwjml4px7bd8_gc4y493myh80000gn/T/FSTCapacityImageQA-09E7C6B9-2E95-4DB5-8328-4AEF097D3946/mount}
2026-10-02 16:28:18.217095+0700 xctest[63167:85506372] [client] Not Valid
2026-10-02 16:28:18.217123+0700 xctest[63167:85506372] [client] CacheDeleteCopyAvailableSpaceForVolume failed for volume /private/var/folders/89/bwjml4px7bd8_gc4y493myh80000gn/T/FSTCapacityImageQA-09E7C6B9-2E95-4DB5-8328-4AEF097D3946/mount: Error Domain=CacheDeleteErrorDomain Code=10 "(null)" UserInfo={Invalid volume=/private/var/folders/89/bwjml4px7bd8_gc4y493myh80000gn/T/FSTCapacityImageQA-09E7C6B9-2E95-4DB5-8328-4AEF097D3946/mount}
2026-10-02 16:28:18.218844+0700 xctest[63167:85506372] [client] Not Valid
2026-10-02 16:28:18.218878+0700 xctest[63167:85506372] [client] CacheDeleteCopyAvailableSpaceForVolume failed for volume /private/var/folders/89/bwjml4px7bd8_gc4y493myh80000gn/T/FSTCapacityImageQA-09E7C6B9-2E95-4DB5-8328-4AEF097D3946/mount: Error Domain=CacheDeleteErrorDomain Code=10 "(null)" UserInfo={Invalid volume=/private/var/folders/89/bwjml4px7bd8_gc4y493myh80000gn/T/FSTCapacityImageQA-09E7C6B9-2E95-4DB5-8328-4AEF097D3946/mount}
2026-10-02 16:28:18.226856+0700 xctest[63167:85506372] [client] Not Valid
2026-10-02 16:28:18.226906+0700 xctest[63167:85506372] [client] CacheDeleteCopyAvailableSpaceForVolume failed for volume /private/var/folders/89/bwjml4px7bd8_gc4y493myh80000gn/T/FSTCapacityImageQA-09E7C6B9-2E95-4DB5-8328-4AEF097D3946/mount: Error Domain=CacheDeleteErrorDomain Code=10 "(null)" UserInfo={Invalid volume=/private/var/folders/89/bwjml4px7bd8_gc4y493myh80000gn/T/FSTCapacityImageQA-09E7C6B9-2E95-4DB5-8328-4AEF097D3946/mount}
2026-10-02 16:28:18.228458+0700 xctest[63167:85506372] [client] Not Valid
2026-10-02 16:28:18.228496+0700 xctest[63167:85506372] [client] CacheDeleteCopyAvailableSpaceForVolume failed for volume /private/var/folders/89/bwjml4px7bd8_gc4y493myh80000gn/T/FSTCapacityImageQA-09E7C6B9-2E95-4DB5-8328-4AEF097D3946/mount: Error Domain=CacheDeleteErrorDomain Code=10 "(null)" UserInfo={Invalid volume=/private/var/folders/89/bwjml4px7bd8_gc4y493myh80000gn/T/FSTCapacityImageQA-09E7C6B9-2E95-4DB5-8328-4AEF097D3946/mount}
2026-10-02 16:28:18.229705+0700 xctest[63167:85506372] [client] Not Valid
2026-10-02 16:28:18.229741+0700 xctest[63167:85506372] [client] CacheDeleteCopyAvailableSpaceForVolume failed for volume /private/var/folders/89/bwjml4px7bd8_gc4y493myh80000gn/T/FSTCapacityImageQA-09E7C6B9-2E95-4DB5-8328-4AEF097D3946/mount: Error Domain=CacheDeleteErrorDomain Code=10 "(null)" UserInfo={Invalid volume=/private/var/folders/89/bwjml4px7bd8_gc4y493myh80000gn/T/FSTCapacityImageQA-09E7C6B9-2E95-4DB5-8328-4AEF097D3946/mount}
2026-10-02 16:28:18.230942+0700 xctest[63167:85506372] [client] Not Valid
2026-10-02 16:28:18.230971+0700 xctest[63167:85506372] [client] CacheDeleteCopyAvailableSpaceForVolume failed for volume /private/var/folders/89/bwjml4px7bd8_gc4y493myh80000gn/T/FSTCapacityImageQA-09E7C6B9-2E95-4DB5-8328-4AEF097D3946/mount: Error Domain=CacheDeleteErrorDomain Code=10 "(null)" UserInfo={Invalid volume=/private/var/folders/89/bwjml4px7bd8_gc4y493myh80000gn/T/FSTCapacityImageQA-09E7C6B9-2E95-4DB5-8328-4AEF097D3946/mount}
2026-10-02 16:28:18.232124+0700 xctest[63167:85506372] [client] Not Valid
2026-10-02 16:28:18.232147+0700 xctest[63167:85506372] [client] CacheDeleteCopyAvailableSpaceForVolume failed for volume /private/var/folders/89/bwjml4px7bd8_gc4y493myh80000gn/T/FSTCapacityImageQA-09E7C6B9-2E95-4DB5-8328-4AEF097D3946/mount: Error Domain=CacheDeleteErrorDomain Code=10 "(null)" UserInfo={Invalid volume=/private/var/folders/89/bwjml4px7bd8_gc4y493myh80000gn/T/FSTCapacityImageQA-09E7C6B9-2E95-4DB5-8328-4AEF097D3946/mount}
2026-10-02 16:28:18.233045+0700 xctest[63167:85506372] [client] Not Valid
2026-10-02 16:28:18.233065+0700 xctest[63167:85506372] [client] CacheDeleteCopyAvailableSpaceForVolume failed for volume /private/var/folders/89/bwjml4px7bd8_gc4y493myh80000gn/T/FSTCapacityImageQA-09E7C6B9-2E95-4DB5-8328-4AEF097D3946/mount: Error Domain=CacheDeleteErrorDomain Code=10 "(null)" UserInfo={Invalid volume=/private/var/folders/89/bwjml4px7bd8_gc4y493myh80000gn/T/FSTCapacityImageQA-09E7C6B9-2E95-4DB5-8328-4AEF097D3946/mount}
2026-10-02 16:28:18.233845+0700 xctest[63167:85506372] [client] Not Valid
2026-10-02 16:28:18.233861+0700 xctest[63167:85506372] [client] CacheDeleteCopyAvailableSpaceForVolume failed for volume /private/var/folders/89/bwjml4px7bd8_gc4y493myh80000gn/T/FSTCapacityImageQA-09E7C6B9-2E95-4DB5-8328-4AEF097D3946/mount: Error Domain=CacheDeleteErrorDomain Code=10 "(null)" UserInfo={Invalid volume=/private/var/folders/89/bwjml4px7bd8_gc4y493myh80000gn/T/FSTCapacityImageQA-09E7C6B9-2E95-4DB5-8328-4AEF097D3946/mount}
2026-10-02 16:28:18.234697+0700 xctest[63167:85506372] [client] Not Valid
2026-10-02 16:28:18.234717+0700 xctest[63167:85506372] [client] CacheDeleteCopyAvailableSpaceForVolume failed for volume /private/var/folders/89/bwjml4px7bd8_gc4y493myh80000gn/T/FSTCapacityImageQA-09E7C6B9-2E95-4DB5-8328-4AEF097D3946/mount: Error Domain=CacheDeleteErrorDomain Code=10 "(null)" UserInfo={Invalid volume=/private/var/folders/89/bwjml4px7bd8_gc4y493myh80000gn/T/FSTCapacityImageQA-09E7C6B9-2E95-4DB5-8328-4AEF097D3946/mount}
2026-10-02 16:28:18.235541+0700 xctest[63167:85506372] [client] Not Valid
2026-10-02 16:28:18.235560+0700 xctest[63167:85506372] [client] CacheDeleteCopyAvailableSpaceForVolume failed for volume /private/var/folders/89/bwjml4px7bd8_gc4y493myh80000gn/T/FSTCapacityImageQA-09E7C6B9-2E95-4DB5-8328-4AEF097D3946/mount: Error Domain=CacheDeleteErrorDomain Code=10 "(null)" UserInfo={Invalid volume=/private/var/folders/89/bwjml4px7bd8_gc4y493myh80000gn/T/FSTCapacityImageQA-09E7C6B9-2E95-4DB5-8328-4AEF097D3946/mount}
2026-10-02 16:28:18.236310+0700 xctest[63167:85506372] [client] Not Valid
2026-10-02 16:28:18.236323+0700 xctest[63167:85506372] [client] CacheDeleteCopyAvailableSpaceForVolume failed for volume /private/var/folders/89/bwjml4px7bd8_gc4y493myh80000gn/T/FSTCapacityImageQA-09E7C6B9-2E95-4DB5-8328-4AEF097D3946/mount: Error Domain=CacheDeleteErrorDomain Code=10 "(null)" UserInfo={Invalid volume=/private/var/folders/89/bwjml4px7bd8_gc4y493myh80000gn/T/FSTCapacityImageQA-09E7C6B9-2E95-4DB5-8328-4AEF097D3946/mount}
2026-10-02 16:28:18.237040+0700 xctest[63167:85506372] [client] Not Valid
2026-10-02 16:28:18.237056+0700 xctest[63167:85506372] [client] CacheDeleteCopyAvailableSpaceForVolume failed for volume /private/var/folders/89/bwjml4px7bd8_gc4y493myh80000gn/T/FSTCapacityImageQA-09E7C6B9-2E95-4DB5-8328-4AEF097D3946/mount: Error Domain=CacheDeleteErrorDomain Code=10 "(null)" UserInfo={Invalid volume=/private/var/folders/89/bwjml4px7bd8_gc4y493myh80000gn/T/FSTCapacityImageQA-09E7C6B9-2E95-4DB5-8328-4AEF097D3946/mount}
2026-10-02 16:28:18.238533+0700 xctest[63167:85506372] [client] Not Valid
2026-10-02 16:28:18.238551+0700 xctest[63167:85506372] [client] CacheDeleteCopyAvailableSpaceForVolume failed for volume /private/var/folders/89/bwjml4px7bd8_gc4y493myh80000gn/T/FSTCapacityImageQA-09E7C6B9-2E95-4DB5-8328-4AEF097D3946/mount: Error Domain=CacheDeleteErrorDomain Code=10 "(null)" UserInfo={Invalid volume=/private/var/folders/89/bwjml4px7bd8_gc4y493myh80000gn/T/FSTCapacityImageQA-09E7C6B9-2E95-4DB5-8328-4AEF097D3946/mount}
2026-10-02 16:28:18.240264+0700 xctest[63167:85506372] [client] Not Valid
2026-10-02 16:28:18.240285+0700 xctest[63167:85506372] [client] CacheDeleteCopyAvailableSpaceForVolume failed for volume /private/var/folders/89/bwjml4px7bd8_gc4y493myh80000gn/T/FSTCapacityImageQA-09E7C6B9-2E95-4DB5-8328-4AEF097D3946/mount: Error Domain=CacheDeleteErrorDomain Code=10 "(null)" UserInfo={Invalid volume=/private/var/folders/89/bwjml4px7bd8_gc4y493myh80000gn/T/FSTCapacityImageQA-09E7C6B9-2E95-4DB5-8328-4AEF097D3946/mount}
2026-10-02 16:28:18.241633+0700 xctest[63167:85506372] [client] Not Valid
2026-10-02 16:28:18.241647+0700 xctest[63167:85506372] [client] CacheDeleteCopyAvailableSpaceForVolume failed for volume /private/var/folders/89/bwjml4px7bd8_gc4y493myh80000gn/T/FSTCapacityImageQA-09E7C6B9-2E95-4DB5-8328-4AEF097D3946/mount: Error Domain=CacheDeleteErrorDomain Code=10 "(null)" UserInfo={Invalid volume=/private/var/folders/89/bwjml4px7bd8_gc4y493myh80000gn/T/FSTCapacityImageQA-09E7C6B9-2E95-4DB5-8328-4AEF097D3946/mount}
2026-10-02 16:28:18.242873+0700 xctest[63167:85506372] [client] Not Valid
2026-10-02 16:28:18.242886+0700 xctest[63167:85506372] [client] CacheDeleteCopyAvailableSpaceForVolume failed for volume /private/var/folders/89/bwjml4px7bd8_gc4y493myh80000gn/T/FSTCapacityImageQA-09E7C6B9-2E95-4DB5-8328-4AEF097D3946/mount: Error Domain=CacheDeleteErrorDomain Code=10 "(null)" UserInfo={Invalid volume=/private/var/folders/89/bwjml4px7bd8_gc4y493myh80000gn/T/FSTCapacityImageQA-09E7C6B9-2E95-4DB5-8328-4AEF097D3946/mount}
2026-10-02 16:28:18.244276+0700 xctest[63167:85506372] [client] Not Valid
2026-10-02 16:28:18.244287+0700 xctest[63167:85506372] [client] CacheDeleteCopyAvailableSpaceForVolume failed for volume /private/var/folders/89/bwjml4px7bd8_gc4y493myh80000gn/T/FSTCapacityImageQA-09E7C6B9-2E95-4DB5-8328-4AEF097D3946/mount: Error Domain=CacheDeleteErrorDomain Code=10 "(null)" UserInfo={Invalid volume=/private/var/folders/89/bwjml4px7bd8_gc4y493myh80000gn/T/FSTCapacityImageQA-09E7C6B9-2E95-4DB5-8328-4AEF097D3946/mount}
2026-10-02 16:28:18.245987+0700 xctest[63167:85506372] [client] Not Valid
2026-10-02 16:28:18.246008+0700 xctest[63167:85506372] [client] CacheDeleteCopyAvailableSpaceForVolume failed for volume /private/var/folders/89/bwjml4px7bd8_gc4y493myh80000gn/T/FSTCapacityImageQA-09E7C6B9-2E95-4DB5-8328-4AEF097D3946/mount: Error Domain=CacheDeleteErrorDomain Code=10 "(null)" UserInfo={Invalid volume=/private/var/folders/89/bwjml4px7bd8_gc4y493myh80000gn/T/FSTCapacityImageQA-09E7C6B9-2E95-4DB5-8328-4AEF097D3946/mount}
2026-10-02 16:28:18.248043+0700 xctest[63167:85506372] [client] Not Valid
2026-10-02 16:28:18.248080+0700 xctest[63167:85506372] [client] CacheDeleteCopyAvailableSpaceForVolume failed for volume /private/var/folders/89/bwjml4px7bd8_gc4y493myh80000gn/T/FSTCapacityImageQA-09E7C6B9-2E95-4DB5-8328-4AEF097D3946/mount: Error Domain=CacheDeleteErrorDomain Code=10 "(null)" UserInfo={Invalid volume=/private/var/folders/89/bwjml4px7bd8_gc4y493myh80000gn/T/FSTCapacityImageQA-09E7C6B9-2E95-4DB5-8328-4AEF097D3946/mount}
2026-10-02 16:28:18.249701+0700 xctest[63167:85506372] [client] Not Valid
2026-10-02 16:28:18.249726+0700 xctest[63167:85506372] [client] CacheDeleteCopyAvailableSpaceForVolume failed for volume /private/var/folders/89/bwjml4px7bd8_gc4y493myh80000gn/T/FSTCapacityImageQA-09E7C6B9-2E95-4DB5-8328-4AEF097D3946/mount: Error Domain=CacheDeleteErrorDomain Code=10 "(null)" UserInfo={Invalid volume=/private/var/folders/89/bwjml4px7bd8_gc4y493myh80000gn/T/FSTCapacityImageQA-09E7C6B9-2E95-4DB5-8328-4AEF097D3946/mount}
2026-10-02 16:28:18.251215+0700 xctest[63167:85506372] [client] Not Valid
2026-10-02 16:28:18.251241+0700 xctest[63167:85506372] [client] CacheDeleteCopyAvailableSpaceForVolume failed for volume /private/var/folders/89/bwjml4px7bd8_gc4y493myh80000gn/T/FSTCapacityImageQA-09E7C6B9-2E95-4DB5-8328-4AEF097D3946/mount: Error Domain=CacheDeleteErrorDomain Code=10 "(null)" UserInfo={Invalid volume=/private/var/folders/89/bwjml4px7bd8_gc4y493myh80000gn/T/FSTCapacityImageQA-09E7C6B9-2E95-4DB5-8328-4AEF097D3946/mount}
2026-10-02 16:28:18.253910+0700 xctest[63167:85506372] [client] Not Valid
2026-10-02 16:28:18.253941+0700 xctest[63167:85506372] [client] CacheDeleteCopyAvailableSpaceForVolume failed for volume /private/var/folders/89/bwjml4px7bd8_gc4y493myh80000gn/T/FSTCapacityImageQA-09E7C6B9-2E95-4DB5-8328-4AEF097D3946/mount: Error Domain=CacheDeleteErrorDomain Code=10 "(null)" UserInfo={Invalid volume=/private/var/folders/89/bwjml4px7bd8_gc4y493myh80000gn/T/FSTCapacityImageQA-09E7C6B9-2E95-4DB5-8328-4AEF097D3946/mount}
2026-10-02 16:28:18.259762+0700 xctest[63167:85506372] [client] Not Valid
2026-10-02 16:28:18.259797+0700 xctest[63167:85506372] [client] CacheDeleteCopyAvailableSpaceForVolume failed for volume /private/var/folders/89/bwjml4px7bd8_gc4y493myh80000gn/T/FSTCapacityImageQA-09E7C6B9-2E95-4DB5-8328-4AEF097D3946/mount: Error Domain=CacheDeleteErrorDomain Code=10 "(null)" UserInfo={Invalid volume=/private/var/folders/89/bwjml4px7bd8_gc4y493myh80000gn/T/FSTCapacityImageQA-09E7C6B9-2E95-4DB5-8328-4AEF097D3946/mount}
2026-10-02 16:28:18.261377+0700 xctest[63167:85506372] [client] Not Valid
2026-10-02 16:28:18.261397+0700 xctest[63167:85506372] [client] CacheDeleteCopyAvailableSpaceForVolume failed for volume /private/var/folders/89/bwjml4px7bd8_gc4y493myh80000gn/T/FSTCapacityImageQA-09E7C6B9-2E95-4DB5-8328-4AEF097D3946/mount: Error Domain=CacheDeleteErrorDomain Code=10 "(null)" UserInfo={Invalid volume=/private/var/folders/89/bwjml4px7bd8_gc4y493myh80000gn/T/FSTCapacityImageQA-09E7C6B9-2E95-4DB5-8328-4AEF097D3946/mount}
2026-10-02 16:28:18.262683+0700 xctest[63167:85506372] [client] Not Valid
2026-10-02 16:28:18.262700+0700 xctest[63167:85506372] [client] CacheDeleteCopyAvailableSpaceForVolume failed for volume /private/var/folders/89/bwjml4px7bd8_gc4y493myh80000gn/T/FSTCapacityImageQA-09E7C6B9-2E95-4DB5-8328-4AEF097D3946/mount: Error Domain=CacheDeleteErrorDomain Code=10 "(null)" UserInfo={Invalid volume=/private/var/folders/89/bwjml4px7bd8_gc4y493myh80000gn/T/FSTCapacityImageQA-09E7C6B9-2E95-4DB5-8328-4AEF097D3946/mount}
2026-10-02 16:28:18.265168+0700 xctest[63167:85506372] [client] Not Valid
2026-10-02 16:28:18.265188+0700 xctest[63167:85506372] [client] CacheDeleteCopyAvailableSpaceForVolume failed for volume /private/var/folders/89/bwjml4px7bd8_gc4y493myh80000gn/T/FSTCapacityImageQA-09E7C6B9-2E95-4DB5-8328-4AEF097D3946/mount: Error Domain=CacheDeleteErrorDomain Code=10 "(null)" UserInfo={Invalid volume=/private/var/folders/89/bwjml4px7bd8_gc4y493myh80000gn/T/FSTCapacityImageQA-09E7C6B9-2E95-4DB5-8328-4AEF097D3946/mount}
2026-10-02 16:28:18.266551+0700 xctest[63167:85506372] [client] Not Valid
2026-10-02 16:28:18.266564+0700 xctest[63167:85506372] [client] CacheDeleteCopyAvailableSpaceForVolume failed for volume /private/var/folders/89/bwjml4px7bd8_gc4y493myh80000gn/T/FSTCapacityImageQA-09E7C6B9-2E95-4DB5-8328-4AEF097D3946/mount: Error Domain=CacheDeleteErrorDomain Code=10 "(null)" UserInfo={Invalid volume=/private/var/folders/89/bwjml4px7bd8_gc4y493myh80000gn/T/FSTCapacityImageQA-09E7C6B9-2E95-4DB5-8328-4AEF097D3946/mount}
2026-10-02 16:28:18.267892+0700 xctest[63167:85506372] [client] Not Valid
2026-10-02 16:28:18.267907+0700 xctest[63167:85506372] [client] CacheDeleteCopyAvailableSpaceForVolume failed for volume /private/var/folders/89/bwjml4px7bd8_gc4y493myh80000gn/T/FSTCapacityImageQA-09E7C6B9-2E95-4DB5-8328-4AEF097D3946/mount: Error Domain=CacheDeleteErrorDomain Code=10 "(null)" UserInfo={Invalid volume=/private/var/folders/89/bwjml4px7bd8_gc4y493myh80000gn/T/FSTCapacityImageQA-09E7C6B9-2E95-4DB5-8328-4AEF097D3946/mount}
2026-10-02 16:28:18.269270+0700 xctest[63167:85506372] [client] Not Valid
2026-10-02 16:28:18.269302+0700 xctest[63167:85506372] [client] CacheDeleteCopyAvailableSpaceForVolume failed for volume /private/var/folders/89/bwjml4px7bd8_gc4y493myh80000gn/T/FSTCapacityImageQA-09E7C6B9-2E95-4DB5-8328-4AEF097D3946/mount: Error Domain=CacheDeleteErrorDomain Code=10 "(null)" UserInfo={Invalid volume=/private/var/folders/89/bwjml4px7bd8_gc4y493myh80000gn/T/FSTCapacityImageQA-09E7C6B9-2E95-4DB5-8328-4AEF097D3946/mount}
2026-10-02 16:28:18.271303+0700 xctest[63167:85506372] [client] Not Valid
2026-10-02 16:28:18.271336+0700 xctest[63167:85506372] [client] CacheDeleteCopyAvailableSpaceForVolume failed for volume /private/var/folders/89/bwjml4px7bd8_gc4y493myh80000gn/T/FSTCapacityImageQA-09E7C6B9-2E95-4DB5-8328-4AEF097D3946/mount: Error Domain=CacheDeleteErrorDomain Code=10 "(null)" UserInfo={Invalid volume=/private/var/folders/89/bwjml4px7bd8_gc4y493myh80000gn/T/FSTCapacityImageQA-09E7C6B9-2E95-4DB5-8328-4AEF097D3946/mount}
2026-10-02 16:28:18.273770+0700 xctest[63167:85506372] [client] Not Valid
2026-10-02 16:28:18.273791+0700 xctest[63167:85506372] [client] CacheDeleteCopyAvailableSpaceForVolume failed for volume /private/var/folders/89/bwjml4px7bd8_gc4y493myh80000gn/T/FSTCapacityImageQA-09E7C6B9-2E95-4DB5-8328-4AEF097D3946/mount: Error Domain=CacheDeleteErrorDomain Code=10 "(null)" UserInfo={Invalid volume=/private/var/folders/89/bwjml4px7bd8_gc4y493myh80000gn/T/FSTCapacityImageQA-09E7C6B9-2E95-4DB5-8328-4AEF097D3946/mount}
2026-10-02 16:28:18.275472+0700 xctest[63167:85506372] [client] Not Valid
2026-10-02 16:28:18.275492+0700 xctest[63167:85506372] [client] CacheDeleteCopyAvailableSpaceForVolume failed for volume /private/var/folders/89/bwjml4px7bd8_gc4y493myh80000gn/T/FSTCapacityImageQA-09E7C6B9-2E95-4DB5-8328-4AEF097D3946/mount: Error Domain=CacheDeleteErrorDomain Code=10 "(null)" UserInfo={Invalid volume=/private/var/folders/89/bwjml4px7bd8_gc4y493myh80000gn/T/FSTCapacityImageQA-09E7C6B9-2E95-4DB5-8328-4AEF097D3946/mount}
2026-10-02 16:28:18.276820+0700 xctest[63167:85506372] [client] Not Valid
2026-10-02 16:28:18.276835+0700 xctest[63167:85506372] [client] CacheDeleteCopyAvailableSpaceForVolume failed for volume /private/var/folders/89/bwjml4px7bd8_gc4y493myh80000gn/T/FSTCapacityImageQA-09E7C6B9-2E95-4DB5-8328-4AEF097D3946/mount: Error Domain=CacheDeleteErrorDomain Code=10 "(null)" UserInfo={Invalid volume=/private/var/folders/89/bwjml4px7bd8_gc4y493myh80000gn/T/FSTCapacityImageQA-09E7C6B9-2E95-4DB5-8328-4AEF097D3946/mount}
2026-10-02 16:28:18.278150+0700 xctest[63167:85506372] [client] Not Valid
2026-10-02 16:28:18.278172+0700 xctest[63167:85506372] [client] CacheDeleteCopyAvailableSpaceForVolume failed for volume /private/var/folders/89/bwjml4px7bd8_gc4y493myh80000gn/T/FSTCapacityImageQA-09E7C6B9-2E95-4DB5-8328-4AEF097D3946/mount: Error Domain=CacheDeleteErrorDomain Code=10 "(null)" UserInfo={Invalid volume=/private/var/folders/89/bwjml4px7bd8_gc4y493myh80000gn/T/FSTCapacityImageQA-09E7C6B9-2E95-4DB5-8328-4AEF097D3946/mount}
2026-10-02 16:28:18.279698+0700 xctest[63167:85506372] [client] Not Valid
2026-10-02 16:28:18.279716+0700 xctest[63167:85506372] [client] CacheDeleteCopyAvailableSpaceForVolume failed for volume /private/var/folders/89/bwjml4px7bd8_gc4y493myh80000gn/T/FSTCapacityImageQA-09E7C6B9-2E95-4DB5-8328-4AEF097D3946/mount: Error Domain=CacheDeleteErrorDomain Code=10 "(null)" UserInfo={Invalid volume=/private/var/folders/89/bwjml4px7bd8_gc4y493myh80000gn/T/FSTCapacityImageQA-09E7C6B9-2E95-4DB5-8328-4AEF097D3946/mount}
2026-10-02 16:28:18.281585+0700 xctest[63167:85506372] [client] Not Valid
2026-10-02 16:28:18.281616+0700 xctest[63167:85506372] [client] CacheDeleteCopyAvailableSpaceForVolume failed for volume /private/var/folders/89/bwjml4px7bd8_gc4y493myh80000gn/T/FSTCapacityImageQA-09E7C6B9-2E95-4DB5-8328-4AEF097D3946/mount: Error Domain=CacheDeleteErrorDomain Code=10 "(null)" UserInfo={Invalid volume=/private/var/folders/89/bwjml4px7bd8_gc4y493myh80000gn/T/FSTCapacityImageQA-09E7C6B9-2E95-4DB5-8328-4AEF097D3946/mount}
2026-10-02 16:28:18.283051+0700 xctest[63167:85506372] [client] Not Valid
2026-10-02 16:28:18.283079+0700 xctest[63167:85506372] [client] CacheDeleteCopyAvailableSpaceForVolume failed for volume /private/var/folders/89/bwjml4px7bd8_gc4y493myh80000gn/T/FSTCapacityImageQA-09E7C6B9-2E95-4DB5-8328-4AEF097D3946/mount: Error Domain=CacheDeleteErrorDomain Code=10 "(null)" UserInfo={Invalid volume=/private/var/folders/89/bwjml4px7bd8_gc4y493myh80000gn/T/FSTCapacityImageQA-09E7C6B9-2E95-4DB5-8328-4AEF097D3946/mount}
2026-10-02 16:28:18.284465+0700 xctest[63167:85506372] [client] Not Valid
2026-10-02 16:28:18.284485+0700 xctest[63167:85506372] [client] CacheDeleteCopyAvailableSpaceForVolume failed for volume /private/var/folders/89/bwjml4px7bd8_gc4y493myh80000gn/T/FSTCapacityImageQA-09E7C6B9-2E95-4DB5-8328-4AEF097D3946/mount: Error Domain=CacheDeleteErrorDomain Code=10 "(null)" UserInfo={Invalid volume=/private/var/folders/89/bwjml4px7bd8_gc4y493myh80000gn/T/FSTCapacityImageQA-09E7C6B9-2E95-4DB5-8328-4AEF097D3946/mount}
2026-10-02 16:28:18.286189+0700 xctest[63167:85506372] [client] Not Valid
2026-10-02 16:28:18.286213+0700 xctest[63167:85506372] [client] CacheDeleteCopyAvailableSpaceForVolume failed for volume /private/var/folders/89/bwjml4px7bd8_gc4y493myh80000gn/T/FSTCapacityImageQA-09E7C6B9-2E95-4DB5-8328-4AEF097D3946/mount: Error Domain=CacheDeleteErrorDomain Code=10 "(null)" UserInfo={Invalid volume=/private/var/folders/89/bwjml4px7bd8_gc4y493myh80000gn/T/FSTCapacityImageQA-09E7C6B9-2E95-4DB5-8328-4AEF097D3946/mount}
2026-10-02 16:28:18.287801+0700 xctest[63167:85506372] [client] Not Valid
2026-10-02 16:28:18.287818+0700 xctest[63167:85506372] [client] CacheDeleteCopyAvailableSpaceForVolume failed for volume /private/var/folders/89/bwjml4px7bd8_gc4y493myh80000gn/T/FSTCapacityImageQA-09E7C6B9-2E95-4DB5-8328-4AEF097D3946/mount: Error Domain=CacheDeleteErrorDomain Code=10 "(null)" UserInfo={Invalid volume=/private/var/folders/89/bwjml4px7bd8_gc4y493myh80000gn/T/FSTCapacityImageQA-09E7C6B9-2E95-4DB5-8328-4AEF097D3946/mount}
2026-10-02 16:28:18.292891+0700 xctest[63167:85506372] [client] Not Valid
2026-10-02 16:28:18.292925+0700 xctest[63167:85506372] [client] CacheDeleteCopyAvailableSpaceForVolume failed for volume /private/var/folders/89/bwjml4px7bd8_gc4y493myh80000gn/T/FSTCapacityImageQA-09E7C6B9-2E95-4DB5-8328-4AEF097D3946/mount: Error Domain=CacheDeleteErrorDomain Code=10 "(null)" UserInfo={Invalid volume=/private/var/folders/89/bwjml4px7bd8_gc4y493myh80000gn/T/FSTCapacityImageQA-09E7C6B9-2E95-4DB5-8328-4AEF097D3946/mount}
2026-10-02 16:28:18.294871+0700 xctest[63167:85506372] [client] Not Valid
2026-10-02 16:28:18.294893+0700 xctest[63167:85506372] [client] CacheDeleteCopyAvailableSpaceForVolume failed for volume /private/var/folders/89/bwjml4px7bd8_gc4y493myh80000gn/T/FSTCapacityImageQA-09E7C6B9-2E95-4DB5-8328-4AEF097D3946/mount: Error Domain=CacheDeleteErrorDomain Code=10 "(null)" UserInfo={Invalid volume=/private/var/folders/89/bwjml4px7bd8_gc4y493myh80000gn/T/FSTCapacityImageQA-09E7C6B9-2E95-4DB5-8328-4AEF097D3946/mount}
2026-10-02 16:28:18.296162+0700 xctest[63167:85506372] [client] Not Valid
2026-10-02 16:28:18.296176+0700 xctest[63167:85506372] [client] CacheDeleteCopyAvailableSpaceForVolume failed for volume /private/var/folders/89/bwjml4px7bd8_gc4y493myh80000gn/T/FSTCapacityImageQA-09E7C6B9-2E95-4DB5-8328-4AEF097D3946/mount: Error Domain=CacheDeleteErrorDomain Code=10 "(null)" UserInfo={Invalid volume=/private/var/folders/89/bwjml4px7bd8_gc4y493myh80000gn/T/FSTCapacityImageQA-09E7C6B9-2E95-4DB5-8328-4AEF097D3946/mount}
2026-10-02 16:28:18.297902+0700 xctest[63167:85506372] [client] Not Valid
2026-10-02 16:28:18.297920+0700 xctest[63167:85506372] [client] CacheDeleteCopyAvailableSpaceForVolume failed for volume /private/var/folders/89/bwjml4px7bd8_gc4y493myh80000gn/T/FSTCapacityImageQA-09E7C6B9-2E95-4DB5-8328-4AEF097D3946/mount: Error Domain=CacheDeleteErrorDomain Code=10 "(null)" UserInfo={Invalid volume=/private/var/folders/89/bwjml4px7bd8_gc4y493myh80000gn/T/FSTCapacityImageQA-09E7C6B9-2E95-4DB5-8328-4AEF097D3946/mount}
2026-10-02 16:28:18.299310+0700 xctest[63167:85506372] [client] Not Valid
2026-10-02 16:28:18.299328+0700 xctest[63167:85506372] [client] CacheDeleteCopyAvailableSpaceForVolume failed for volume /private/var/folders/89/bwjml4px7bd8_gc4y493myh80000gn/T/FSTCapacityImageQA-09E7C6B9-2E95-4DB5-8328-4AEF097D3946/mount: Error Domain=CacheDeleteErrorDomain Code=10 "(null)" UserInfo={Invalid volume=/private/var/folders/89/bwjml4px7bd8_gc4y493myh80000gn/T/FSTCapacityImageQA-09E7C6B9-2E95-4DB5-8328-4AEF097D3946/mount}
2026-10-02 16:28:18.300656+0700 xctest[63167:85506372] [client] Not Valid
2026-10-02 16:28:18.300669+0700 xctest[63167:85506372] [client] CacheDeleteCopyAvailableSpaceForVolume failed for volume /private/var/folders/89/bwjml4px7bd8_gc4y493myh80000gn/T/FSTCapacityImageQA-09E7C6B9-2E95-4DB5-8328-4AEF097D3946/mount: Error Domain=CacheDeleteErrorDomain Code=10 "(null)" UserInfo={Invalid volume=/private/var/folders/89/bwjml4px7bd8_gc4y493myh80000gn/T/FSTCapacityImageQA-09E7C6B9-2E95-4DB5-8328-4AEF097D3946/mount}
2026-10-02 16:28:18.301874+0700 xctest[63167:85506372] [client] Not Valid
2026-10-02 16:28:18.301894+0700 xctest[63167:85506372] [client] CacheDeleteCopyAvailableSpaceForVolume failed for volume /private/var/folders/89/bwjml4px7bd8_gc4y493myh80000gn/T/FSTCapacityImageQA-09E7C6B9-2E95-4DB5-8328-4AEF097D3946/mount: Error Domain=CacheDeleteErrorDomain Code=10 "(null)" UserInfo={Invalid volume=/private/var/folders/89/bwjml4px7bd8_gc4y493myh80000gn/T/FSTCapacityImageQA-09E7C6B9-2E95-4DB5-8328-4AEF097D3946/mount}
2026-10-02 16:28:18.303606+0700 xctest[63167:85506372] [client] Not Valid
2026-10-02 16:28:18.303625+0700 xctest[63167:85506372] [client] CacheDeleteCopyAvailableSpaceForVolume failed for volume /private/var/folders/89/bwjml4px7bd8_gc4y493myh80000gn/T/FSTCapacityImageQA-09E7C6B9-2E95-4DB5-8328-4AEF097D3946/mount: Error Domain=CacheDeleteErrorDomain Code=10 "(null)" UserInfo={Invalid volume=/private/var/folders/89/bwjml4px7bd8_gc4y493myh80000gn/T/FSTCapacityImageQA-09E7C6B9-2E95-4DB5-8328-4AEF097D3946/mount}
2026-10-02 16:28:18.305434+0700 xctest[63167:85506372] [client] Not Valid
2026-10-02 16:28:18.305455+0700 xctest[63167:85506372] [client] CacheDeleteCopyAvailableSpaceForVolume failed for volume /private/var/folders/89/bwjml4px7bd8_gc4y493myh80000gn/T/FSTCapacityImageQA-09E7C6B9-2E95-4DB5-8328-4AEF097D3946/mount: Error Domain=CacheDeleteErrorDomain Code=10 "(null)" UserInfo={Invalid volume=/private/var/folders/89/bwjml4px7bd8_gc4y493myh80000gn/T/FSTCapacityImageQA-09E7C6B9-2E95-4DB5-8328-4AEF097D3946/mount}
2026-10-02 16:28:18.307153+0700 xctest[63167:85506372] [client] Not Valid
2026-10-02 16:28:18.307166+0700 xctest[63167:85506372] [client] CacheDeleteCopyAvailableSpaceForVolume failed for volume /private/var/folders/89/bwjml4px7bd8_gc4y493myh80000gn/T/FSTCapacityImageQA-09E7C6B9-2E95-4DB5-8328-4AEF097D3946/mount: Error Domain=CacheDeleteErrorDomain Code=10 "(null)" UserInfo={Invalid volume=/private/var/folders/89/bwjml4px7bd8_gc4y493myh80000gn/T/FSTCapacityImageQA-09E7C6B9-2E95-4DB5-8328-4AEF097D3946/mount}
2026-10-02 16:28:18.309284+0700 xctest[63167:85506372] [client] Not Valid
2026-10-02 16:28:18.309305+0700 xctest[63167:85506372] [client] CacheDeleteCopyAvailableSpaceForVolume failed for volume /private/var/folders/89/bwjml4px7bd8_gc4y493myh80000gn/T/FSTCapacityImageQA-09E7C6B9-2E95-4DB5-8328-4AEF097D3946/mount: Error Domain=CacheDeleteErrorDomain Code=10 "(null)" UserInfo={Invalid volume=/private/var/folders/89/bwjml4px7bd8_gc4y493myh80000gn/T/FSTCapacityImageQA-09E7C6B9-2E95-4DB5-8328-4AEF097D3946/mount}
2026-10-02 16:28:18.310722+0700 xctest[63167:85506372] [client] Not Valid
2026-10-02 16:28:18.310738+0700 xctest[63167:85506372] [client] CacheDeleteCopyAvailableSpaceForVolume failed for volume /private/var/folders/89/bwjml4px7bd8_gc4y493myh80000gn/T/FSTCapacityImageQA-09E7C6B9-2E95-4DB5-8328-4AEF097D3946/mount: Error Domain=CacheDeleteErrorDomain Code=10 "(null)" UserInfo={Invalid volume=/private/var/folders/89/bwjml4px7bd8_gc4y493myh80000gn/T/FSTCapacityImageQA-09E7C6B9-2E95-4DB5-8328-4AEF097D3946/mount}
2026-10-02 16:28:18.311897+0700 xctest[63167:85506372] [client] Not Valid
2026-10-02 16:28:18.311921+0700 xctest[63167:85506372] [client] CacheDeleteCopyAvailableSpaceForVolume failed for volume /private/var/folders/89/bwjml4px7bd8_gc4y493myh80000gn/T/FSTCapacityImageQA-09E7C6B9-2E95-4DB5-8328-4AEF097D3946/mount: Error Domain=CacheDeleteErrorDomain Code=10 "(null)" UserInfo={Invalid volume=/private/var/folders/89/bwjml4px7bd8_gc4y493myh80000gn/T/FSTCapacityImageQA-09E7C6B9-2E95-4DB5-8328-4AEF097D3946/mount}
2026-10-02 16:28:18.313160+0700 xctest[63167:85506372] [client] Not Valid
2026-10-02 16:28:18.313172+0700 xctest[63167:85506372] [client] CacheDeleteCopyAvailableSpaceForVolume failed for volume /private/var/folders/89/bwjml4px7bd8_gc4y493myh80000gn/T/FSTCapacityImageQA-09E7C6B9-2E95-4DB5-8328-4AEF097D3946/mount: Error Domain=CacheDeleteErrorDomain Code=10 "(null)" UserInfo={Invalid volume=/private/var/folders/89/bwjml4px7bd8_gc4y493myh80000gn/T/FSTCapacityImageQA-09E7C6B9-2E95-4DB5-8328-4AEF097D3946/mount}
2026-10-02 16:28:18.314987+0700 xctest[63167:85506372] [client] Not Valid
2026-10-02 16:28:18.315009+0700 xctest[63167:85506372] [client] CacheDeleteCopyAvailableSpaceForVolume failed for volume /private/var/folders/89/bwjml4px7bd8_gc4y493myh80000gn/T/FSTCapacityImageQA-09E7C6B9-2E95-4DB5-8328-4AEF097D3946/mount: Error Domain=CacheDeleteErrorDomain Code=10 "(null)" UserInfo={Invalid volume=/private/var/folders/89/bwjml4px7bd8_gc4y493myh80000gn/T/FSTCapacityImageQA-09E7C6B9-2E95-4DB5-8328-4AEF097D3946/mount}
2026-10-02 16:28:18.317184+0700 xctest[63167:85506372] [client] Not Valid
2026-10-02 16:28:18.317197+0700 xctest[63167:85506372] [client] CacheDeleteCopyAvailableSpaceForVolume failed for volume /private/var/folders/89/bwjml4px7bd8_gc4y493myh80000gn/T/FSTCapacityImageQA-09E7C6B9-2E95-4DB5-8328-4AEF097D3946/mount: Error Domain=CacheDeleteErrorDomain Code=10 "(null)" UserInfo={Invalid volume=/private/var/folders/89/bwjml4px7bd8_gc4y493myh80000gn/T/FSTCapacityImageQA-09E7C6B9-2E95-4DB5-8328-4AEF097D3946/mount}
2026-10-02 16:28:18.318385+0700 xctest[63167:85506372] [client] Not Valid
2026-10-02 16:28:18.318406+0700 xctest[63167:85506372] [client] CacheDeleteCopyAvailableSpaceForVolume failed for volume /private/var/folders/89/bwjml4px7bd8_gc4y493myh80000gn/T/FSTCapacityImageQA-09E7C6B9-2E95-4DB5-8328-4AEF097D3946/mount: Error Domain=CacheDeleteErrorDomain Code=10 "(null)" UserInfo={Invalid volume=/private/var/folders/89/bwjml4px7bd8_gc4y493myh80000gn/T/FSTCapacityImageQA-09E7C6B9-2E95-4DB5-8328-4AEF097D3946/mount}
2026-10-02 16:28:18.319631+0700 xctest[63167:85506372] [client] Not Valid
2026-10-02 16:28:18.319654+0700 xctest[63167:85506372] [client] CacheDeleteCopyAvailableSpaceForVolume failed for volume /private/var/folders/89/bwjml4px7bd8_gc4y493myh80000gn/T/FSTCapacityImageQA-09E7C6B9-2E95-4DB5-8328-4AEF097D3946/mount: Error Domain=CacheDeleteErrorDomain Code=10 "(null)" UserInfo={Invalid volume=/private/var/folders/89/bwjml4px7bd8_gc4y493myh80000gn/T/FSTCapacityImageQA-09E7C6B9-2E95-4DB5-8328-4AEF097D3946/mount}
2026-10-02 16:28:18.321028+0700 xctest[63167:85506372] [client] Not Valid
2026-10-02 16:28:18.321044+0700 xctest[63167:85506372] [client] CacheDeleteCopyAvailableSpaceForVolume failed for volume /private/var/folders/89/bwjml4px7bd8_gc4y493myh80000gn/T/FSTCapacityImageQA-09E7C6B9-2E95-4DB5-8328-4AEF097D3946/mount: Error Domain=CacheDeleteErrorDomain Code=10 "(null)" UserInfo={Invalid volume=/private/var/folders/89/bwjml4px7bd8_gc4y493myh80000gn/T/FSTCapacityImageQA-09E7C6B9-2E95-4DB5-8328-4AEF097D3946/mount}
2026-10-02 16:28:18.327413+0700 xctest[63167:85506372] [client] Not Valid
2026-10-02 16:28:18.327434+0700 xctest[63167:85506372] [client] CacheDeleteCopyAvailableSpaceForVolume failed for volume /private/var/folders/89/bwjml4px7bd8_gc4y493myh80000gn/T/FSTCapacityImageQA-09E7C6B9-2E95-4DB5-8328-4AEF097D3946/mount: Error Domain=CacheDeleteErrorDomain Code=10 "(null)" UserInfo={Invalid volume=/private/var/folders/89/bwjml4px7bd8_gc4y493myh80000gn/T/FSTCapacityImageQA-09E7C6B9-2E95-4DB5-8328-4AEF097D3946/mount}
2026-10-02 16:28:18.328685+0700 xctest[63167:85506372] [client] Not Valid
2026-10-02 16:28:18.328705+0700 xctest[63167:85506372] [client] CacheDeleteCopyAvailableSpaceForVolume failed for volume /private/var/folders/89/bwjml4px7bd8_gc4y493myh80000gn/T/FSTCapacityImageQA-09E7C6B9-2E95-4DB5-8328-4AEF097D3946/mount: Error Domain=CacheDeleteErrorDomain Code=10 "(null)" UserInfo={Invalid volume=/private/var/folders/89/bwjml4px7bd8_gc4y493myh80000gn/T/FSTCapacityImageQA-09E7C6B9-2E95-4DB5-8328-4AEF097D3946/mount}
2026-10-02 16:28:18.329568+0700 xctest[63167:85506372] [client] Not Valid
2026-10-02 16:28:18.329585+0700 xctest[63167:85506372] [client] CacheDeleteCopyAvailableSpaceForVolume failed for volume /private/var/folders/89/bwjml4px7bd8_gc4y493myh80000gn/T/FSTCapacityImageQA-09E7C6B9-2E95-4DB5-8328-4AEF097D3946/mount: Error Domain=CacheDeleteErrorDomain Code=10 "(null)" UserInfo={Invalid volume=/private/var/folders/89/bwjml4px7bd8_gc4y493myh80000gn/T/FSTCapacityImageQA-09E7C6B9-2E95-4DB5-8328-4AEF097D3946/mount}
2026-10-02 16:28:18.330526+0700 xctest[63167:85506372] [client] Not Valid
2026-10-02 16:28:18.330543+0700 xctest[63167:85506372] [client] CacheDeleteCopyAvailableSpaceForVolume failed for volume /private/var/folders/89/bwjml4px7bd8_gc4y493myh80000gn/T/FSTCapacityImageQA-09E7C6B9-2E95-4DB5-8328-4AEF097D3946/mount: Error Domain=CacheDeleteErrorDomain Code=10 "(null)" UserInfo={Invalid volume=/private/var/folders/89/bwjml4px7bd8_gc4y493myh80000gn/T/FSTCapacityImageQA-09E7C6B9-2E95-4DB5-8328-4AEF097D3946/mount}
2026-10-02 16:28:18.331480+0700 xctest[63167:85506372] [client] Not Valid
2026-10-02 16:28:18.331497+0700 xctest[63167:85506372] [client] CacheDeleteCopyAvailableSpaceForVolume failed for volume /private/var/folders/89/bwjml4px7bd8_gc4y493myh80000gn/T/FSTCapacityImageQA-09E7C6B9-2E95-4DB5-8328-4AEF097D3946/mount: Error Domain=CacheDeleteErrorDomain Code=10 "(null)" UserInfo={Invalid volume=/private/var/folders/89/bwjml4px7bd8_gc4y493myh80000gn/T/FSTCapacityImageQA-09E7C6B9-2E95-4DB5-8328-4AEF097D3946/mount}
2026-10-02 16:28:18.332284+0700 xctest[63167:85506372] [client] Not Valid
2026-10-02 16:28:18.332298+0700 xctest[63167:85506372] [client] CacheDeleteCopyAvailableSpaceForVolume failed for volume /private/var/folders/89/bwjml4px7bd8_gc4y493myh80000gn/T/FSTCapacityImageQA-09E7C6B9-2E95-4DB5-8328-4AEF097D3946/mount: Error Domain=CacheDeleteErrorDomain Code=10 "(null)" UserInfo={Invalid volume=/private/var/folders/89/bwjml4px7bd8_gc4y493myh80000gn/T/FSTCapacityImageQA-09E7C6B9-2E95-4DB5-8328-4AEF097D3946/mount}
2026-10-02 16:28:18.333055+0700 xctest[63167:85506372] [client] Not Valid
2026-10-02 16:28:18.333068+0700 xctest[63167:85506372] [client] CacheDeleteCopyAvailableSpaceForVolume failed for volume /private/var/folders/89/bwjml4px7bd8_gc4y493myh80000gn/T/FSTCapacityImageQA-09E7C6B9-2E95-4DB5-8328-4AEF097D3946/mount: Error Domain=CacheDeleteErrorDomain Code=10 "(null)" UserInfo={Invalid volume=/private/var/folders/89/bwjml4px7bd8_gc4y493myh80000gn/T/FSTCapacityImageQA-09E7C6B9-2E95-4DB5-8328-4AEF097D3946/mount}
2026-10-02 16:28:18.333748+0700 xctest[63167:85506372] [client] Not Valid
2026-10-02 16:28:18.333759+0700 xctest[63167:85506372] [client] CacheDeleteCopyAvailableSpaceForVolume failed for volume /private/var/folders/89/bwjml4px7bd8_gc4y493myh80000gn/T/FSTCapacityImageQA-09E7C6B9-2E95-4DB5-8328-4AEF097D3946/mount: Error Domain=CacheDeleteErrorDomain Code=10 "(null)" UserInfo={Invalid volume=/private/var/folders/89/bwjml4px7bd8_gc4y493myh80000gn/T/FSTCapacityImageQA-09E7C6B9-2E95-4DB5-8328-4AEF097D3946/mount}
2026-10-02 16:28:18.335437+0700 xctest[63167:85506372] [client] Not Valid
2026-10-02 16:28:18.335457+0700 xctest[63167:85506372] [client] CacheDeleteCopyAvailableSpaceForVolume failed for volume /private/var/folders/89/bwjml4px7bd8_gc4y493myh80000gn/T/FSTCapacityImageQA-09E7C6B9-2E95-4DB5-8328-4AEF097D3946/mount: Error Domain=CacheDeleteErrorDomain Code=10 "(null)" UserInfo={Invalid volume=/private/var/folders/89/bwjml4px7bd8_gc4y493myh80000gn/T/FSTCapacityImageQA-09E7C6B9-2E95-4DB5-8328-4AEF097D3946/mount}
2026-10-02 16:28:18.336280+0700 xctest[63167:85506372] [client] Not Valid
2026-10-02 16:28:18.336293+0700 xctest[63167:85506372] [client] CacheDeleteCopyAvailableSpaceForVolume failed for volume /private/var/folders/89/bwjml4px7bd8_gc4y493myh80000gn/T/FSTCapacityImageQA-09E7C6B9-2E95-4DB5-8328-4AEF097D3946/mount: Error Domain=CacheDeleteErrorDomain Code=10 "(null)" UserInfo={Invalid volume=/private/var/folders/89/bwjml4px7bd8_gc4y493myh80000gn/T/FSTCapacityImageQA-09E7C6B9-2E95-4DB5-8328-4AEF097D3946/mount}
2026-10-02 16:28:18.337041+0700 xctest[63167:85506372] [client] Not Valid
2026-10-02 16:28:18.337054+0700 xctest[63167:85506372] [client] CacheDeleteCopyAvailableSpaceForVolume failed for volume /private/var/folders/89/bwjml4px7bd8_gc4y493myh80000gn/T/FSTCapacityImageQA-09E7C6B9-2E95-4DB5-8328-4AEF097D3946/mount: Error Domain=CacheDeleteErrorDomain Code=10 "(null)" UserInfo={Invalid volume=/private/var/folders/89/bwjml4px7bd8_gc4y493myh80000gn/T/FSTCapacityImageQA-09E7C6B9-2E95-4DB5-8328-4AEF097D3946/mount}
2026-10-02 16:28:18.337757+0700 xctest[63167:85506372] [client] Not Valid
2026-10-02 16:28:18.337769+0700 xctest[63167:85506372] [client] CacheDeleteCopyAvailableSpaceForVolume failed for volume /private/var/folders/89/bwjml4px7bd8_gc4y493myh80000gn/T/FSTCapacityImageQA-09E7C6B9-2E95-4DB5-8328-4AEF097D3946/mount: Error Domain=CacheDeleteErrorDomain Code=10 "(null)" UserInfo={Invalid volume=/private/var/folders/89/bwjml4px7bd8_gc4y493myh80000gn/T/FSTCapacityImageQA-09E7C6B9-2E95-4DB5-8328-4AEF097D3946/mount}
2026-10-02 16:28:18.338470+0700 xctest[63167:85506372] [client] Not Valid
2026-10-02 16:28:18.338482+0700 xctest[63167:85506372] [client] CacheDeleteCopyAvailableSpaceForVolume failed for volume /private/var/folders/89/bwjml4px7bd8_gc4y493myh80000gn/T/FSTCapacityImageQA-09E7C6B9-2E95-4DB5-8328-4AEF097D3946/mount: Error Domain=CacheDeleteErrorDomain Code=10 "(null)" UserInfo={Invalid volume=/private/var/folders/89/bwjml4px7bd8_gc4y493myh80000gn/T/FSTCapacityImageQA-09E7C6B9-2E95-4DB5-8328-4AEF097D3946/mount}
2026-10-02 16:28:18.339510+0700 xctest[63167:85506372] [client] Not Valid
2026-10-02 16:28:18.339543+0700 xctest[63167:85506372] [client] CacheDeleteCopyAvailableSpaceForVolume failed for volume /private/var/folders/89/bwjml4px7bd8_gc4y493myh80000gn/T/FSTCapacityImageQA-09E7C6B9-2E95-4DB5-8328-4AEF097D3946/mount: Error Domain=CacheDeleteErrorDomain Code=10 "(null)" UserInfo={Invalid volume=/private/var/folders/89/bwjml4px7bd8_gc4y493myh80000gn/T/FSTCapacityImageQA-09E7C6B9-2E95-4DB5-8328-4AEF097D3946/mount}
2026-10-02 16:28:18.340433+0700 xctest[63167:85506372] [client] Not Valid
2026-10-02 16:28:18.340449+0700 xctest[63167:85506372] [client] CacheDeleteCopyAvailableSpaceForVolume failed for volume /private/var/folders/89/bwjml4px7bd8_gc4y493myh80000gn/T/FSTCapacityImageQA-09E7C6B9-2E95-4DB5-8328-4AEF097D3946/mount: Error Domain=CacheDeleteErrorDomain Code=10 "(null)" UserInfo={Invalid volume=/private/var/folders/89/bwjml4px7bd8_gc4y493myh80000gn/T/FSTCapacityImageQA-09E7C6B9-2E95-4DB5-8328-4AEF097D3946/mount}
2026-10-02 16:28:18.341711+0700 xctest[63167:85506372] [client] Not Valid
2026-10-02 16:28:18.341734+0700 xctest[63167:85506372] [client] CacheDeleteCopyAvailableSpaceForVolume failed for volume /private/var/folders/89/bwjml4px7bd8_gc4y493myh80000gn/T/FSTCapacityImageQA-09E7C6B9-2E95-4DB5-8328-4AEF097D3946/mount: Error Domain=CacheDeleteErrorDomain Code=10 "(null)" UserInfo={Invalid volume=/private/var/folders/89/bwjml4px7bd8_gc4y493myh80000gn/T/FSTCapacityImageQA-09E7C6B9-2E95-4DB5-8328-4AEF097D3946/mount}
2026-10-02 16:28:18.343325+0700 xctest[63167:85506372] [client] Not Valid
2026-10-02 16:28:18.343356+0700 xctest[63167:85506372] [client] CacheDeleteCopyAvailableSpaceForVolume failed for volume /private/var/folders/89/bwjml4px7bd8_gc4y493myh80000gn/T/FSTCapacityImageQA-09E7C6B9-2E95-4DB5-8328-4AEF097D3946/mount: Error Domain=CacheDeleteErrorDomain Code=10 "(null)" UserInfo={Invalid volume=/private/var/folders/89/bwjml4px7bd8_gc4y493myh80000gn/T/FSTCapacityImageQA-09E7C6B9-2E95-4DB5-8328-4AEF097D3946/mount}
2026-10-02 16:28:18.344532+0700 xctest[63167:85506372] [client] Not Valid
2026-10-02 16:28:18.344559+0700 xctest[63167:85506372] [client] CacheDeleteCopyAvailableSpaceForVolume failed for volume /private/var/folders/89/bwjml4px7bd8_gc4y493myh80000gn/T/FSTCapacityImageQA-09E7C6B9-2E95-4DB5-8328-4AEF097D3946/mount: Error Domain=CacheDeleteErrorDomain Code=10 "(null)" UserInfo={Invalid volume=/private/var/folders/89/bwjml4px7bd8_gc4y493myh80000gn/T/FSTCapacityImageQA-09E7C6B9-2E95-4DB5-8328-4AEF097D3946/mount}
2026-10-02 16:28:18.345444+0700 xctest[63167:85506372] [client] Not Valid
2026-10-02 16:28:18.345466+0700 xctest[63167:85506372] [client] CacheDeleteCopyAvailableSpaceForVolume failed for volume /private/var/folders/89/bwjml4px7bd8_gc4y493myh80000gn/T/FSTCapacityImageQA-09E7C6B9-2E95-4DB5-8328-4AEF097D3946/mount: Error Domain=CacheDeleteErrorDomain Code=10 "(null)" UserInfo={Invalid volume=/private/var/folders/89/bwjml4px7bd8_gc4y493myh80000gn/T/FSTCapacityImageQA-09E7C6B9-2E95-4DB5-8328-4AEF097D3946/mount}
2026-10-02 16:28:18.346781+0700 xctest[63167:85506372] [client] Not Valid
2026-10-02 16:28:18.346803+0700 xctest[63167:85506372] [client] CacheDeleteCopyAvailableSpaceForVolume failed for volume /private/var/folders/89/bwjml4px7bd8_gc4y493myh80000gn/T/FSTCapacityImageQA-09E7C6B9-2E95-4DB5-8328-4AEF097D3946/mount: Error Domain=CacheDeleteErrorDomain Code=10 "(null)" UserInfo={Invalid volume=/private/var/folders/89/bwjml4px7bd8_gc4y493myh80000gn/T/FSTCapacityImageQA-09E7C6B9-2E95-4DB5-8328-4AEF097D3946/mount}
2026-10-02 16:28:18.347946+0700 xctest[63167:85506372] [client] Not Valid
2026-10-02 16:28:18.347964+0700 xctest[63167:85506372] [client] CacheDeleteCopyAvailableSpaceForVolume failed for volume /private/var/folders/89/bwjml4px7bd8_gc4y493myh80000gn/T/FSTCapacityImageQA-09E7C6B9-2E95-4DB5-8328-4AEF097D3946/mount: Error Domain=CacheDeleteErrorDomain Code=10 "(null)" UserInfo={Invalid volume=/private/var/folders/89/bwjml4px7bd8_gc4y493myh80000gn/T/FSTCapacityImageQA-09E7C6B9-2E95-4DB5-8328-4AEF097D3946/mount}
2026-10-02 16:28:18.349028+0700 xctest[63167:85506372] [client] Not Valid
2026-10-02 16:28:18.349052+0700 xctest[63167:85506372] [client] CacheDeleteCopyAvailableSpaceForVolume failed for volume /private/var/folders/89/bwjml4px7bd8_gc4y493myh80000gn/T/FSTCapacityImageQA-09E7C6B9-2E95-4DB5-8328-4AEF097D3946/mount: Error Domain=CacheDeleteErrorDomain Code=10 "(null)" UserInfo={Invalid volume=/private/var/folders/89/bwjml4px7bd8_gc4y493myh80000gn/T/FSTCapacityImageQA-09E7C6B9-2E95-4DB5-8328-4AEF097D3946/mount}
2026-10-02 16:28:18.349850+0700 xctest[63167:85506372] [client] Not Valid
2026-10-02 16:28:18.349863+0700 xctest[63167:85506372] [client] CacheDeleteCopyAvailableSpaceForVolume failed for volume /private/var/folders/89/bwjml4px7bd8_gc4y493myh80000gn/T/FSTCapacityImageQA-09E7C6B9-2E95-4DB5-8328-4AEF097D3946/mount: Error Domain=CacheDeleteErrorDomain Code=10 "(null)" UserInfo={Invalid volume=/private/var/folders/89/bwjml4px7bd8_gc4y493myh80000gn/T/FSTCapacityImageQA-09E7C6B9-2E95-4DB5-8328-4AEF097D3946/mount}
2026-10-02 16:28:18.350612+0700 xctest[63167:85506372] [client] Not Valid
2026-10-02 16:28:18.350628+0700 xctest[63167:85506372] [client] CacheDeleteCopyAvailableSpaceForVolume failed for volume /private/var/folders/89/bwjml4px7bd8_gc4y493myh80000gn/T/FSTCapacityImageQA-09E7C6B9-2E95-4DB5-8328-4AEF097D3946/mount: Error Domain=CacheDeleteErrorDomain Code=10 "(null)" UserInfo={Invalid volume=/private/var/folders/89/bwjml4px7bd8_gc4y493myh80000gn/T/FSTCapacityImageQA-09E7C6B9-2E95-4DB5-8328-4AEF097D3946/mount}
2026-10-02 16:28:18.351412+0700 xctest[63167:85506372] [client] Not Valid
2026-10-02 16:28:18.351430+0700 xctest[63167:85506372] [client] CacheDeleteCopyAvailableSpaceForVolume failed for volume /private/var/folders/89/bwjml4px7bd8_gc4y493myh80000gn/T/FSTCapacityImageQA-09E7C6B9-2E95-4DB5-8328-4AEF097D3946/mount: Error Domain=CacheDeleteErrorDomain Code=10 "(null)" UserInfo={Invalid volume=/private/var/folders/89/bwjml4px7bd8_gc4y493myh80000gn/T/FSTCapacityImageQA-09E7C6B9-2E95-4DB5-8328-4AEF097D3946/mount}
2026-10-02 16:28:18.352518+0700 xctest[63167:85506372] [client] Not Valid
2026-10-02 16:28:18.352544+0700 xctest[63167:85506372] [client] CacheDeleteCopyAvailableSpaceForVolume failed for volume /private/var/folders/89/bwjml4px7bd8_gc4y493myh80000gn/T/FSTCapacityImageQA-09E7C6B9-2E95-4DB5-8328-4AEF097D3946/mount: Error Domain=CacheDeleteErrorDomain Code=10 "(null)" UserInfo={Invalid volume=/private/var/folders/89/bwjml4px7bd8_gc4y493myh80000gn/T/FSTCapacityImageQA-09E7C6B9-2E95-4DB5-8328-4AEF097D3946/mount}
2026-10-02 16:28:18.353503+0700 xctest[63167:85506372] [client] Not Valid
2026-10-02 16:28:18.353529+0700 xctest[63167:85506372] [client] CacheDeleteCopyAvailableSpaceForVolume failed for volume /private/var/folders/89/bwjml4px7bd8_gc4y493myh80000gn/T/FSTCapacityImageQA-09E7C6B9-2E95-4DB5-8328-4AEF097D3946/mount: Error Domain=CacheDeleteErrorDomain Code=10 "(null)" UserInfo={Invalid volume=/private/var/folders/89/bwjml4px7bd8_gc4y493myh80000gn/T/FSTCapacityImageQA-09E7C6B9-2E95-4DB5-8328-4AEF097D3946/mount}
2026-10-02 16:28:18.354476+0700 xctest[63167:85506372] [client] Not Valid
2026-10-02 16:28:18.354498+0700 xctest[63167:85506372] [client] CacheDeleteCopyAvailableSpaceForVolume failed for volume /private/var/folders/89/bwjml4px7bd8_gc4y493myh80000gn/T/FSTCapacityImageQA-09E7C6B9-2E95-4DB5-8328-4AEF097D3946/mount: Error Domain=CacheDeleteErrorDomain Code=10 "(null)" UserInfo={Invalid volume=/private/var/folders/89/bwjml4px7bd8_gc4y493myh80000gn/T/FSTCapacityImageQA-09E7C6B9-2E95-4DB5-8328-4AEF097D3946/mount}
2026-10-02 16:28:18.355280+0700 xctest[63167:85506372] [client] Not Valid
2026-10-02 16:28:18.355296+0700 xctest[63167:85506372] [client] CacheDeleteCopyAvailableSpaceForVolume failed for volume /private/var/folders/89/bwjml4px7bd8_gc4y493myh80000gn/T/FSTCapacityImageQA-09E7C6B9-2E95-4DB5-8328-4AEF097D3946/mount: Error Domain=CacheDeleteErrorDomain Code=10 "(null)" UserInfo={Invalid volume=/private/var/folders/89/bwjml4px7bd8_gc4y493myh80000gn/T/FSTCapacityImageQA-09E7C6B9-2E95-4DB5-8328-4AEF097D3946/mount}
2026-10-02 16:28:18.356212+0700 xctest[63167:85506372] [client] Not Valid
2026-10-02 16:28:18.356232+0700 xctest[63167:85506372] [client] CacheDeleteCopyAvailableSpaceForVolume failed for volume /private/var/folders/89/bwjml4px7bd8_gc4y493myh80000gn/T/FSTCapacityImageQA-09E7C6B9-2E95-4DB5-8328-4AEF097D3946/mount: Error Domain=CacheDeleteErrorDomain Code=10 "(null)" UserInfo={Invalid volume=/private/var/folders/89/bwjml4px7bd8_gc4y493myh80000gn/T/FSTCapacityImageQA-09E7C6B9-2E95-4DB5-8328-4AEF097D3946/mount}
2026-10-02 16:28:18.357148+0700 xctest[63167:85506372] [client] Not Valid
2026-10-02 16:28:18.357167+0700 xctest[63167:85506372] [client] CacheDeleteCopyAvailableSpaceForVolume failed for volume /private/var/folders/89/bwjml4px7bd8_gc4y493myh80000gn/T/FSTCapacityImageQA-09E7C6B9-2E95-4DB5-8328-4AEF097D3946/mount: Error Domain=CacheDeleteErrorDomain Code=10 "(null)" UserInfo={Invalid volume=/private/var/folders/89/bwjml4px7bd8_gc4y493myh80000gn/T/FSTCapacityImageQA-09E7C6B9-2E95-4DB5-8328-4AEF097D3946/mount}
2026-10-02 16:28:18.357925+0700 xctest[63167:85506372] [client] Not Valid
2026-10-02 16:28:18.357938+0700 xctest[63167:85506372] [client] CacheDeleteCopyAvailableSpaceForVolume failed for volume /private/var/folders/89/bwjml4px7bd8_gc4y493myh80000gn/T/FSTCapacityImageQA-09E7C6B9-2E95-4DB5-8328-4AEF097D3946/mount: Error Domain=CacheDeleteErrorDomain Code=10 "(null)" UserInfo={Invalid volume=/private/var/folders/89/bwjml4px7bd8_gc4y493myh80000gn/T/FSTCapacityImageQA-09E7C6B9-2E95-4DB5-8328-4AEF097D3946/mount}
2026-10-02 16:28:18.358704+0700 xctest[63167:85506372] [client] Not Valid
2026-10-02 16:28:18.358719+0700 xctest[63167:85506372] [client] CacheDeleteCopyAvailableSpaceForVolume failed for volume /private/var/folders/89/bwjml4px7bd8_gc4y493myh80000gn/T/FSTCapacityImageQA-09E7C6B9-2E95-4DB5-8328-4AEF097D3946/mount: Error Domain=CacheDeleteErrorDomain Code=10 "(null)" UserInfo={Invalid volume=/private/var/folders/89/bwjml4px7bd8_gc4y493myh80000gn/T/FSTCapacityImageQA-09E7C6B9-2E95-4DB5-8328-4AEF097D3946/mount}
2026-10-02 16:28:18.359574+0700 xctest[63167:85506372] [client] Not Valid
2026-10-02 16:28:18.359599+0700 xctest[63167:85506372] [client] CacheDeleteCopyAvailableSpaceForVolume failed for volume /private/var/folders/89/bwjml4px7bd8_gc4y493myh80000gn/T/FSTCapacityImageQA-09E7C6B9-2E95-4DB5-8328-4AEF097D3946/mount: Error Domain=CacheDeleteErrorDomain Code=10 "(null)" UserInfo={Invalid volume=/private/var/folders/89/bwjml4px7bd8_gc4y493myh80000gn/T/FSTCapacityImageQA-09E7C6B9-2E95-4DB5-8328-4AEF097D3946/mount}
2026-10-02 16:28:18.360694+0700 xctest[63167:85506372] [client] Not Valid
2026-10-02 16:28:18.360718+0700 xctest[63167:85506372] [client] CacheDeleteCopyAvailableSpaceForVolume failed for volume /private/var/folders/89/bwjml4px7bd8_gc4y493myh80000gn/T/FSTCapacityImageQA-09E7C6B9-2E95-4DB5-8328-4AEF097D3946/mount: Error Domain=CacheDeleteErrorDomain Code=10 "(null)" UserInfo={Invalid volume=/private/var/folders/89/bwjml4px7bd8_gc4y493myh80000gn/T/FSTCapacityImageQA-09E7C6B9-2E95-4DB5-8328-4AEF097D3946/mount}
2026-10-02 16:28:18.361605+0700 xctest[63167:85506372] [client] Not Valid
2026-10-02 16:28:18.361622+0700 xctest[63167:85506372] [client] CacheDeleteCopyAvailableSpaceForVolume failed for volume /private/var/folders/89/bwjml4px7bd8_gc4y493myh80000gn/T/FSTCapacityImageQA-09E7C6B9-2E95-4DB5-8328-4AEF097D3946/mount: Error Domain=CacheDeleteErrorDomain Code=10 "(null)" UserInfo={Invalid volume=/private/var/folders/89/bwjml4px7bd8_gc4y493myh80000gn/T/FSTCapacityImageQA-09E7C6B9-2E95-4DB5-8328-4AEF097D3946/mount}
2026-10-02 16:28:18.362473+0700 xctest[63167:85506372] [client] Not Valid
2026-10-02 16:28:18.362486+0700 xctest[63167:85506372] [client] CacheDeleteCopyAvailableSpaceForVolume failed for volume /private/var/folders/89/bwjml4px7bd8_gc4y493myh80000gn/T/FSTCapacityImageQA-09E7C6B9-2E95-4DB5-8328-4AEF097D3946/mount: Error Domain=CacheDeleteErrorDomain Code=10 "(null)" UserInfo={Invalid volume=/private/var/folders/89/bwjml4px7bd8_gc4y493myh80000gn/T/FSTCapacityImageQA-09E7C6B9-2E95-4DB5-8328-4AEF097D3946/mount}
2026-10-02 16:28:18.363199+0700 xctest[63167:85506372] [client] Not Valid
2026-10-02 16:28:18.363211+0700 xctest[63167:85506372] [client] CacheDeleteCopyAvailableSpaceForVolume failed for volume /private/var/folders/89/bwjml4px7bd8_gc4y493myh80000gn/T/FSTCapacityImageQA-09E7C6B9-2E95-4DB5-8328-4AEF097D3946/mount: Error Domain=CacheDeleteErrorDomain Code=10 "(null)" UserInfo={Invalid volume=/private/var/folders/89/bwjml4px7bd8_gc4y493myh80000gn/T/FSTCapacityImageQA-09E7C6B9-2E95-4DB5-8328-4AEF097D3946/mount}
2026-10-02 16:28:18.364067+0700 xctest[63167:85506372] [client] Not Valid
2026-10-02 16:28:18.364081+0700 xctest[63167:85506372] [client] CacheDeleteCopyAvailableSpaceForVolume failed for volume /private/var/folders/89/bwjml4px7bd8_gc4y493myh80000gn/T/FSTCapacityImageQA-09E7C6B9-2E95-4DB5-8328-4AEF097D3946/mount: Error Domain=CacheDeleteErrorDomain Code=10 "(null)" UserInfo={Invalid volume=/private/var/folders/89/bwjml4px7bd8_gc4y493myh80000gn/T/FSTCapacityImageQA-09E7C6B9-2E95-4DB5-8328-4AEF097D3946/mount}
2026-10-02 16:28:18.364826+0700 xctest[63167:85506372] [client] Not Valid
2026-10-02 16:28:18.364839+0700 xctest[63167:85506372] [client] CacheDeleteCopyAvailableSpaceForVolume failed for volume /private/var/folders/89/bwjml4px7bd8_gc4y493myh80000gn/T/FSTCapacityImageQA-09E7C6B9-2E95-4DB5-8328-4AEF097D3946/mount: Error Domain=CacheDeleteErrorDomain Code=10 "(null)" UserInfo={Invalid volume=/private/var/folders/89/bwjml4px7bd8_gc4y493myh80000gn/T/FSTCapacityImageQA-09E7C6B9-2E95-4DB5-8328-4AEF097D3946/mount}
2026-10-02 16:28:18.365657+0700 xctest[63167:85506372] [client] Not Valid
2026-10-02 16:28:18.365671+0700 xctest[63167:85506372] [client] CacheDeleteCopyAvailableSpaceForVolume failed for volume /private/var/folders/89/bwjml4px7bd8_gc4y493myh80000gn/T/FSTCapacityImageQA-09E7C6B9-2E95-4DB5-8328-4AEF097D3946/mount: Error Domain=CacheDeleteErrorDomain Code=10 "(null)" UserInfo={Invalid volume=/private/var/folders/89/bwjml4px7bd8_gc4y493myh80000gn/T/FSTCapacityImageQA-09E7C6B9-2E95-4DB5-8328-4AEF097D3946/mount}
2026-10-02 16:28:18.366388+0700 xctest[63167:85506372] [client] Not Valid
2026-10-02 16:28:18.366406+0700 xctest[63167:85506372] [client] CacheDeleteCopyAvailableSpaceForVolume failed for volume /private/var/folders/89/bwjml4px7bd8_gc4y493myh80000gn/T/FSTCapacityImageQA-09E7C6B9-2E95-4DB5-8328-4AEF097D3946/mount: Error Domain=CacheDeleteErrorDomain Code=10 "(null)" UserInfo={Invalid volume=/private/var/folders/89/bwjml4px7bd8_gc4y493myh80000gn/T/FSTCapacityImageQA-09E7C6B9-2E95-4DB5-8328-4AEF097D3946/mount}
2026-10-02 16:28:18.367123+0700 xctest[63167:85506372] [client] Not Valid
2026-10-02 16:28:18.367142+0700 xctest[63167:85506372] [client] CacheDeleteCopyAvailableSpaceForVolume failed for volume /private/var/folders/89/bwjml4px7bd8_gc4y493myh80000gn/T/FSTCapacityImageQA-09E7C6B9-2E95-4DB5-8328-4AEF097D3946/mount: Error Domain=CacheDeleteErrorDomain Code=10 "(null)" UserInfo={Invalid volume=/private/var/folders/89/bwjml4px7bd8_gc4y493myh80000gn/T/FSTCapacityImageQA-09E7C6B9-2E95-4DB5-8328-4AEF097D3946/mount}
2026-10-02 16:28:18.369485+0700 xctest[63167:85506372] [client] Not Valid
2026-10-02 16:28:18.369522+0700 xctest[63167:85506372] [client] CacheDeleteCopyAvailableSpaceForVolume failed for volume /private/var/folders/89/bwjml4px7bd8_gc4y493myh80000gn/T/FSTCapacityImageQA-09E7C6B9-2E95-4DB5-8328-4AEF097D3946/mount: Error Domain=CacheDeleteErrorDomain Code=10 "(null)" UserInfo={Invalid volume=/private/var/folders/89/bwjml4px7bd8_gc4y493myh80000gn/T/FSTCapacityImageQA-09E7C6B9-2E95-4DB5-8328-4AEF097D3946/mount}
2026-10-02 16:28:18.372207+0700 xctest[63167:85506372] [client] Not Valid
2026-10-02 16:28:18.372240+0700 xctest[63167:85506372] [client] CacheDeleteCopyAvailableSpaceForVolume failed for volume /private/var/folders/89/bwjml4px7bd8_gc4y493myh80000gn/T/FSTCapacityImageQA-09E7C6B9-2E95-4DB5-8328-4AEF097D3946/mount: Error Domain=CacheDeleteErrorDomain Code=10 "(null)" UserInfo={Invalid volume=/private/var/folders/89/bwjml4px7bd8_gc4y493myh80000gn/T/FSTCapacityImageQA-09E7C6B9-2E95-4DB5-8328-4AEF097D3946/mount}
2026-10-02 16:28:18.374227+0700 xctest[63167:85506372] [client] Not Valid
2026-10-02 16:28:18.374245+0700 xctest[63167:85506372] [client] CacheDeleteCopyAvailableSpaceForVolume failed for volume /private/var/folders/89/bwjml4px7bd8_gc4y493myh80000gn/T/FSTCapacityImageQA-09E7C6B9-2E95-4DB5-8328-4AEF097D3946/mount: Error Domain=CacheDeleteErrorDomain Code=10 "(null)" UserInfo={Invalid volume=/private/var/folders/89/bwjml4px7bd8_gc4y493myh80000gn/T/FSTCapacityImageQA-09E7C6B9-2E95-4DB5-8328-4AEF097D3946/mount}
2026-10-02 16:28:18.375666+0700 xctest[63167:85506372] [client] Not Valid
2026-10-02 16:28:18.375679+0700 xctest[63167:85506372] [client] CacheDeleteCopyAvailableSpaceForVolume failed for volume /private/var/folders/89/bwjml4px7bd8_gc4y493myh80000gn/T/FSTCapacityImageQA-09E7C6B9-2E95-4DB5-8328-4AEF097D3946/mount: Error Domain=CacheDeleteErrorDomain Code=10 "(null)" UserInfo={Invalid volume=/private/var/folders/89/bwjml4px7bd8_gc4y493myh80000gn/T/FSTCapacityImageQA-09E7C6B9-2E95-4DB5-8328-4AEF097D3946/mount}
2026-10-02 16:28:18.377238+0700 xctest[63167:85506372] [client] Not Valid
2026-10-02 16:28:18.377260+0700 xctest[63167:85506372] [client] CacheDeleteCopyAvailableSpaceForVolume failed for volume /private/var/folders/89/bwjml4px7bd8_gc4y493myh80000gn/T/FSTCapacityImageQA-09E7C6B9-2E95-4DB5-8328-4AEF097D3946/mount: Error Domain=CacheDeleteErrorDomain Code=10 "(null)" UserInfo={Invalid volume=/private/var/folders/89/bwjml4px7bd8_gc4y493myh80000gn/T/FSTCapacityImageQA-09E7C6B9-2E95-4DB5-8328-4AEF097D3946/mount}
2026-10-02 16:28:18.378747+0700 xctest[63167:85506372] [client] Not Valid
2026-10-02 16:28:18.378773+0700 xctest[63167:85506372] [client] CacheDeleteCopyAvailableSpaceForVolume failed for volume /private/var/folders/89/bwjml4px7bd8_gc4y493myh80000gn/T/FSTCapacityImageQA-09E7C6B9-2E95-4DB5-8328-4AEF097D3946/mount: Error Domain=CacheDeleteErrorDomain Code=10 "(null)" UserInfo={Invalid volume=/private/var/folders/89/bwjml4px7bd8_gc4y493myh80000gn/T/FSTCapacityImageQA-09E7C6B9-2E95-4DB5-8328-4AEF097D3946/mount}
2026-10-02 16:28:18.384271+0700 xctest[63167:85506372] [client] Not Valid
2026-10-02 16:28:18.384306+0700 xctest[63167:85506372] [client] CacheDeleteCopyAvailableSpaceForVolume failed for volume /private/var/folders/89/bwjml4px7bd8_gc4y493myh80000gn/T/FSTCapacityImageQA-09E7C6B9-2E95-4DB5-8328-4AEF097D3946/mount: Error Domain=CacheDeleteErrorDomain Code=10 "(null)" UserInfo={Invalid volume=/private/var/folders/89/bwjml4px7bd8_gc4y493myh80000gn/T/FSTCapacityImageQA-09E7C6B9-2E95-4DB5-8328-4AEF097D3946/mount}
2026-10-02 16:28:18.385315+0700 xctest[63167:85506372] [client] Not Valid
2026-10-02 16:28:18.385335+0700 xctest[63167:85506372] [client] CacheDeleteCopyAvailableSpaceForVolume failed for volume /private/var/folders/89/bwjml4px7bd8_gc4y493myh80000gn/T/FSTCapacityImageQA-09E7C6B9-2E95-4DB5-8328-4AEF097D3946/mount: Error Domain=CacheDeleteErrorDomain Code=10 "(null)" UserInfo={Invalid volume=/private/var/folders/89/bwjml4px7bd8_gc4y493myh80000gn/T/FSTCapacityImageQA-09E7C6B9-2E95-4DB5-8328-4AEF097D3946/mount}
2026-10-02 16:28:18.386286+0700 xctest[63167:85506372] [client] Not Valid
2026-10-02 16:28:18.386313+0700 xctest[63167:85506372] [client] CacheDeleteCopyAvailableSpaceForVolume failed for volume /private/var/folders/89/bwjml4px7bd8_gc4y493myh80000gn/T/FSTCapacityImageQA-09E7C6B9-2E95-4DB5-8328-4AEF097D3946/mount: Error Domain=CacheDeleteErrorDomain Code=10 "(null)" UserInfo={Invalid volume=/private/var/folders/89/bwjml4px7bd8_gc4y493myh80000gn/T/FSTCapacityImageQA-09E7C6B9-2E95-4DB5-8328-4AEF097D3946/mount}
2026-10-02 16:28:18.387312+0700 xctest[63167:85506372] [client] Not Valid
2026-10-02 16:28:18.387331+0700 xctest[63167:85506372] [client] CacheDeleteCopyAvailableSpaceForVolume failed for volume /private/var/folders/89/bwjml4px7bd8_gc4y493myh80000gn/T/FSTCapacityImageQA-09E7C6B9-2E95-4DB5-8328-4AEF097D3946/mount: Error Domain=CacheDeleteErrorDomain Code=10 "(null)" UserInfo={Invalid volume=/private/var/folders/89/bwjml4px7bd8_gc4y493myh80000gn/T/FSTCapacityImageQA-09E7C6B9-2E95-4DB5-8328-4AEF097D3946/mount}
2026-10-02 16:28:18.388167+0700 xctest[63167:85506372] [client] Not Valid
2026-10-02 16:28:18.388190+0700 xctest[63167:85506372] [client] CacheDeleteCopyAvailableSpaceForVolume failed for volume /private/var/folders/89/bwjml4px7bd8_gc4y493myh80000gn/T/FSTCapacityImageQA-09E7C6B9-2E95-4DB5-8328-4AEF097D3946/mount: Error Domain=CacheDeleteErrorDomain Code=10 "(null)" UserInfo={Invalid volume=/private/var/folders/89/bwjml4px7bd8_gc4y493myh80000gn/T/FSTCapacityImageQA-09E7C6B9-2E95-4DB5-8328-4AEF097D3946/mount}
2026-10-02 16:28:18.389121+0700 xctest[63167:85506372] [client] Not Valid
2026-10-02 16:28:18.389140+0700 xctest[63167:85506372] [client] CacheDeleteCopyAvailableSpaceForVolume failed for volume /private/var/folders/89/bwjml4px7bd8_gc4y493myh80000gn/T/FSTCapacityImageQA-09E7C6B9-2E95-4DB5-8328-4AEF097D3946/mount: Error Domain=CacheDeleteErrorDomain Code=10 "(null)" UserInfo={Invalid volume=/private/var/folders/89/bwjml4px7bd8_gc4y493myh80000gn/T/FSTCapacityImageQA-09E7C6B9-2E95-4DB5-8328-4AEF097D3946/mount}
2026-10-02 16:28:18.390034+0700 xctest[63167:85506372] [client] Not Valid
2026-10-02 16:28:18.390051+0700 xctest[63167:85506372] [client] CacheDeleteCopyAvailableSpaceForVolume failed for volume /private/var/folders/89/bwjml4px7bd8_gc4y493myh80000gn/T/FSTCapacityImageQA-09E7C6B9-2E95-4DB5-8328-4AEF097D3946/mount: Error Domain=CacheDeleteErrorDomain Code=10 "(null)" UserInfo={Invalid volume=/private/var/folders/89/bwjml4px7bd8_gc4y493myh80000gn/T/FSTCapacityImageQA-09E7C6B9-2E95-4DB5-8328-4AEF097D3946/mount}
2026-10-02 16:28:18.390914+0700 xctest[63167:85506372] [client] Not Valid
2026-10-02 16:28:18.390938+0700 xctest[63167:85506372] [client] CacheDeleteCopyAvailableSpaceForVolume failed for volume /private/var/folders/89/bwjml4px7bd8_gc4y493myh80000gn/T/FSTCapacityImageQA-09E7C6B9-2E95-4DB5-8328-4AEF097D3946/mount: Error Domain=CacheDeleteErrorDomain Code=10 "(null)" UserInfo={Invalid volume=/private/var/folders/89/bwjml4px7bd8_gc4y493myh80000gn/T/FSTCapacityImageQA-09E7C6B9-2E95-4DB5-8328-4AEF097D3946/mount}
2026-10-02 16:28:18.391791+0700 xctest[63167:85506372] [client] Not Valid
2026-10-02 16:28:18.391809+0700 xctest[63167:85506372] [client] CacheDeleteCopyAvailableSpaceForVolume failed for volume /private/var/folders/89/bwjml4px7bd8_gc4y493myh80000gn/T/FSTCapacityImageQA-09E7C6B9-2E95-4DB5-8328-4AEF097D3946/mount: Error Domain=CacheDeleteErrorDomain Code=10 "(null)" UserInfo={Invalid volume=/private/var/folders/89/bwjml4px7bd8_gc4y493myh80000gn/T/FSTCapacityImageQA-09E7C6B9-2E95-4DB5-8328-4AEF097D3946/mount}
2026-10-02 16:28:18.392731+0700 xctest[63167:85506372] [client] Not Valid
2026-10-02 16:28:18.392754+0700 xctest[63167:85506372] [client] CacheDeleteCopyAvailableSpaceForVolume failed for volume /private/var/folders/89/bwjml4px7bd8_gc4y493myh80000gn/T/FSTCapacityImageQA-09E7C6B9-2E95-4DB5-8328-4AEF097D3946/mount: Error Domain=CacheDeleteErrorDomain Code=10 "(null)" UserInfo={Invalid volume=/private/var/folders/89/bwjml4px7bd8_gc4y493myh80000gn/T/FSTCapacityImageQA-09E7C6B9-2E95-4DB5-8328-4AEF097D3946/mount}
2026-10-02 16:28:18.393812+0700 xctest[63167:85506372] [client] Not Valid
2026-10-02 16:28:18.393837+0700 xctest[63167:85506372] [client] CacheDeleteCopyAvailableSpaceForVolume failed for volume /private/var/folders/89/bwjml4px7bd8_gc4y493myh80000gn/T/FSTCapacityImageQA-09E7C6B9-2E95-4DB5-8328-4AEF097D3946/mount: Error Domain=CacheDeleteErrorDomain Code=10 "(null)" UserInfo={Invalid volume=/private/var/folders/89/bwjml4px7bd8_gc4y493myh80000gn/T/FSTCapacityImageQA-09E7C6B9-2E95-4DB5-8328-4AEF097D3946/mount}
2026-10-02 16:28:18.395055+0700 xctest[63167:85506372] [client] Not Valid
2026-10-02 16:28:18.395086+0700 xctest[63167:85506372] [client] CacheDeleteCopyAvailableSpaceForVolume failed for volume /private/var/folders/89/bwjml4px7bd8_gc4y493myh80000gn/T/FSTCapacityImageQA-09E7C6B9-2E95-4DB5-8328-4AEF097D3946/mount: Error Domain=CacheDeleteErrorDomain Code=10 "(null)" UserInfo={Invalid volume=/private/var/folders/89/bwjml4px7bd8_gc4y493myh80000gn/T/FSTCapacityImageQA-09E7C6B9-2E95-4DB5-8328-4AEF097D3946/mount}
2026-10-02 16:28:18.396120+0700 xctest[63167:85506372] [client] Not Valid
2026-10-02 16:28:18.396137+0700 xctest[63167:85506372] [client] CacheDeleteCopyAvailableSpaceForVolume failed for volume /private/var/folders/89/bwjml4px7bd8_gc4y493myh80000gn/T/FSTCapacityImageQA-09E7C6B9-2E95-4DB5-8328-4AEF097D3946/mount: Error Domain=CacheDeleteErrorDomain Code=10 "(null)" UserInfo={Invalid volume=/private/var/folders/89/bwjml4px7bd8_gc4y493myh80000gn/T/FSTCapacityImageQA-09E7C6B9-2E95-4DB5-8328-4AEF097D3946/mount}
2026-10-02 16:28:18.397019+0700 xctest[63167:85506372] [client] Not Valid
2026-10-02 16:28:18.397041+0700 xctest[63167:85506372] [client] CacheDeleteCopyAvailableSpaceForVolume failed for volume /private/var/folders/89/bwjml4px7bd8_gc4y493myh80000gn/T/FSTCapacityImageQA-09E7C6B9-2E95-4DB5-8328-4AEF097D3946/mount: Error Domain=CacheDeleteErrorDomain Code=10 "(null)" UserInfo={Invalid volume=/private/var/folders/89/bwjml4px7bd8_gc4y493myh80000gn/T/FSTCapacityImageQA-09E7C6B9-2E95-4DB5-8328-4AEF097D3946/mount}
2026-10-02 16:28:18.398012+0700 xctest[63167:85506372] [client] Not Valid
2026-10-02 16:28:18.398031+0700 xctest[63167:85506372] [client] CacheDeleteCopyAvailableSpaceForVolume failed for volume /private/var/folders/89/bwjml4px7bd8_gc4y493myh80000gn/T/FSTCapacityImageQA-09E7C6B9-2E95-4DB5-8328-4AEF097D3946/mount: Error Domain=CacheDeleteErrorDomain Code=10 "(null)" UserInfo={Invalid volume=/private/var/folders/89/bwjml4px7bd8_gc4y493myh80000gn/T/FSTCapacityImageQA-09E7C6B9-2E95-4DB5-8328-4AEF097D3946/mount}
2026-10-02 16:28:18.398786+0700 xctest[63167:85506372] [client] Not Valid
2026-10-02 16:28:18.398799+0700 xctest[63167:85506372] [client] CacheDeleteCopyAvailableSpaceForVolume failed for volume /private/var/folders/89/bwjml4px7bd8_gc4y493myh80000gn/T/FSTCapacityImageQA-09E7C6B9-2E95-4DB5-8328-4AEF097D3946/mount: Error Domain=CacheDeleteErrorDomain Code=10 "(null)" UserInfo={Invalid volume=/private/var/folders/89/bwjml4px7bd8_gc4y493myh80000gn/T/FSTCapacityImageQA-09E7C6B9-2E95-4DB5-8328-4AEF097D3946/mount}
2026-10-02 16:28:18.399515+0700 xctest[63167:85506372] [client] Not Valid
2026-10-02 16:28:18.399530+0700 xctest[63167:85506372] [client] CacheDeleteCopyAvailableSpaceForVolume failed for volume /private/var/folders/89/bwjml4px7bd8_gc4y493myh80000gn/T/FSTCapacityImageQA-09E7C6B9-2E95-4DB5-8328-4AEF097D3946/mount: Error Domain=CacheDeleteErrorDomain Code=10 "(null)" UserInfo={Invalid volume=/private/var/folders/89/bwjml4px7bd8_gc4y493myh80000gn/T/FSTCapacityImageQA-09E7C6B9-2E95-4DB5-8328-4AEF097D3946/mount}
2026-10-02 16:28:18.400282+0700 xctest[63167:85506372] [client] Not Valid
2026-10-02 16:28:18.400295+0700 xctest[63167:85506372] [client] CacheDeleteCopyAvailableSpaceForVolume failed for volume /private/var/folders/89/bwjml4px7bd8_gc4y493myh80000gn/T/FSTCapacityImageQA-09E7C6B9-2E95-4DB5-8328-4AEF097D3946/mount: Error Domain=CacheDeleteErrorDomain Code=10 "(null)" UserInfo={Invalid volume=/private/var/folders/89/bwjml4px7bd8_gc4y493myh80000gn/T/FSTCapacityImageQA-09E7C6B9-2E95-4DB5-8328-4AEF097D3946/mount}
2026-10-02 16:28:18.401019+0700 xctest[63167:85506372] [client] Not Valid
2026-10-02 16:28:18.401032+0700 xctest[63167:85506372] [client] CacheDeleteCopyAvailableSpaceForVolume failed for volume /private/var/folders/89/bwjml4px7bd8_gc4y493myh80000gn/T/FSTCapacityImageQA-09E7C6B9-2E95-4DB5-8328-4AEF097D3946/mount: Error Domain=CacheDeleteErrorDomain Code=10 "(null)" UserInfo={Invalid volume=/private/var/folders/89/bwjml4px7bd8_gc4y493myh80000gn/T/FSTCapacityImageQA-09E7C6B9-2E95-4DB5-8328-4AEF097D3946/mount}
2026-10-02 16:28:18.401877+0700 xctest[63167:85506372] [client] Not Valid
2026-10-02 16:28:18.401893+0700 xctest[63167:85506372] [client] CacheDeleteCopyAvailableSpaceForVolume failed for volume /private/var/folders/89/bwjml4px7bd8_gc4y493myh80000gn/T/FSTCapacityImageQA-09E7C6B9-2E95-4DB5-8328-4AEF097D3946/mount: Error Domain=CacheDeleteErrorDomain Code=10 "(null)" UserInfo={Invalid volume=/private/var/folders/89/bwjml4px7bd8_gc4y493myh80000gn/T/FSTCapacityImageQA-09E7C6B9-2E95-4DB5-8328-4AEF097D3946/mount}
2026-10-02 16:28:18.402669+0700 xctest[63167:85506372] [client] Not Valid
2026-10-02 16:28:18.402690+0700 xctest[63167:85506372] [client] CacheDeleteCopyAvailableSpaceForVolume failed for volume /private/var/folders/89/bwjml4px7bd8_gc4y493myh80000gn/T/FSTCapacityImageQA-09E7C6B9-2E95-4DB5-8328-4AEF097D3946/mount: Error Domain=CacheDeleteErrorDomain Code=10 "(null)" UserInfo={Invalid volume=/private/var/folders/89/bwjml4px7bd8_gc4y493myh80000gn/T/FSTCapacityImageQA-09E7C6B9-2E95-4DB5-8328-4AEF097D3946/mount}
2026-10-02 16:28:18.403450+0700 xctest[63167:85506372] [client] Not Valid
2026-10-02 16:28:18.403464+0700 xctest[63167:85506372] [client] CacheDeleteCopyAvailableSpaceForVolume failed for volume /private/var/folders/89/bwjml4px7bd8_gc4y493myh80000gn/T/FSTCapacityImageQA-09E7C6B9-2E95-4DB5-8328-4AEF097D3946/mount: Error Domain=CacheDeleteErrorDomain Code=10 "(null)" UserInfo={Invalid volume=/private/var/folders/89/bwjml4px7bd8_gc4y493myh80000gn/T/FSTCapacityImageQA-09E7C6B9-2E95-4DB5-8328-4AEF097D3946/mount}
2026-10-02 16:28:18.404180+0700 xctest[63167:85506372] [client] Not Valid
2026-10-02 16:28:18.404194+0700 xctest[63167:85506372] [client] CacheDeleteCopyAvailableSpaceForVolume failed for volume /private/var/folders/89/bwjml4px7bd8_gc4y493myh80000gn/T/FSTCapacityImageQA-09E7C6B9-2E95-4DB5-8328-4AEF097D3946/mount: Error Domain=CacheDeleteErrorDomain Code=10 "(null)" UserInfo={Invalid volume=/private/var/folders/89/bwjml4px7bd8_gc4y493myh80000gn/T/FSTCapacityImageQA-09E7C6B9-2E95-4DB5-8328-4AEF097D3946/mount}
2026-10-02 16:28:18.404951+0700 xctest[63167:85506372] [client] Not Valid
2026-10-02 16:28:18.404964+0700 xctest[63167:85506372] [client] CacheDeleteCopyAvailableSpaceForVolume failed for volume /private/var/folders/89/bwjml4px7bd8_gc4y493myh80000gn/T/FSTCapacityImageQA-09E7C6B9-2E95-4DB5-8328-4AEF097D3946/mount: Error Domain=CacheDeleteErrorDomain Code=10 "(null)" UserInfo={Invalid volume=/private/var/folders/89/bwjml4px7bd8_gc4y493myh80000gn/T/FSTCapacityImageQA-09E7C6B9-2E95-4DB5-8328-4AEF097D3946/mount}
2026-10-02 16:28:18.405690+0700 xctest[63167:85506372] [client] Not Valid
2026-10-02 16:28:18.405705+0700 xctest[63167:85506372] [client] CacheDeleteCopyAvailableSpaceForVolume failed for volume /private/var/folders/89/bwjml4px7bd8_gc4y493myh80000gn/T/FSTCapacityImageQA-09E7C6B9-2E95-4DB5-8328-4AEF097D3946/mount: Error Domain=CacheDeleteErrorDomain Code=10 "(null)" UserInfo={Invalid volume=/private/var/folders/89/bwjml4px7bd8_gc4y493myh80000gn/T/FSTCapacityImageQA-09E7C6B9-2E95-4DB5-8328-4AEF097D3946/mount}
2026-10-02 16:28:18.406466+0700 xctest[63167:85506372] [client] Not Valid
2026-10-02 16:28:18.406481+0700 xctest[63167:85506372] [client] CacheDeleteCopyAvailableSpaceForVolume failed for volume /private/var/folders/89/bwjml4px7bd8_gc4y493myh80000gn/T/FSTCapacityImageQA-09E7C6B9-2E95-4DB5-8328-4AEF097D3946/mount: Error Domain=CacheDeleteErrorDomain Code=10 "(null)" UserInfo={Invalid volume=/private/var/folders/89/bwjml4px7bd8_gc4y493myh80000gn/T/FSTCapacityImageQA-09E7C6B9-2E95-4DB5-8328-4AEF097D3946/mount}
2026-10-02 16:28:18.407182+0700 xctest[63167:85506372] [client] Not Valid
2026-10-02 16:28:18.407195+0700 xctest[63167:85506372] [client] CacheDeleteCopyAvailableSpaceForVolume failed for volume /private/var/folders/89/bwjml4px7bd8_gc4y493myh80000gn/T/FSTCapacityImageQA-09E7C6B9-2E95-4DB5-8328-4AEF097D3946/mount: Error Domain=CacheDeleteErrorDomain Code=10 "(null)" UserInfo={Invalid volume=/private/var/folders/89/bwjml4px7bd8_gc4y493myh80000gn/T/FSTCapacityImageQA-09E7C6B9-2E95-4DB5-8328-4AEF097D3946/mount}
2026-10-02 16:28:18.407880+0700 xctest[63167:85506372] [client] Not Valid
2026-10-02 16:28:18.407893+0700 xctest[63167:85506372] [client] CacheDeleteCopyAvailableSpaceForVolume failed for volume /private/var/folders/89/bwjml4px7bd8_gc4y493myh80000gn/T/FSTCapacityImageQA-09E7C6B9-2E95-4DB5-8328-4AEF097D3946/mount: Error Domain=CacheDeleteErrorDomain Code=10 "(null)" UserInfo={Invalid volume=/private/var/folders/89/bwjml4px7bd8_gc4y493myh80000gn/T/FSTCapacityImageQA-09E7C6B9-2E95-4DB5-8328-4AEF097D3946/mount}
2026-10-02 16:28:18.408581+0700 xctest[63167:85506372] [client] Not Valid
2026-10-02 16:28:18.408596+0700 xctest[63167:85506372] [client] CacheDeleteCopyAvailableSpaceForVolume failed for volume /private/var/folders/89/bwjml4px7bd8_gc4y493myh80000gn/T/FSTCapacityImageQA-09E7C6B9-2E95-4DB5-8328-4AEF097D3946/mount: Error Domain=CacheDeleteErrorDomain Code=10 "(null)" UserInfo={Invalid volume=/private/var/folders/89/bwjml4px7bd8_gc4y493myh80000gn/T/FSTCapacityImageQA-09E7C6B9-2E95-4DB5-8328-4AEF097D3946/mount}
2026-10-02 16:28:18.409302+0700 xctest[63167:85506372] [client] Not Valid
2026-10-02 16:28:18.409315+0700 xctest[63167:85506372] [client] CacheDeleteCopyAvailableSpaceForVolume failed for volume /private/var/folders/89/bwjml4px7bd8_gc4y493myh80000gn/T/FSTCapacityImageQA-09E7C6B9-2E95-4DB5-8328-4AEF097D3946/mount: Error Domain=CacheDeleteErrorDomain Code=10 "(null)" UserInfo={Invalid volume=/private/var/folders/89/bwjml4px7bd8_gc4y493myh80000gn/T/FSTCapacityImageQA-09E7C6B9-2E95-4DB5-8328-4AEF097D3946/mount}
2026-10-02 16:28:18.410059+0700 xctest[63167:85506372] [client] Not Valid
2026-10-02 16:28:18.410078+0700 xctest[63167:85506372] [client] CacheDeleteCopyAvailableSpaceForVolume failed for volume /private/var/folders/89/bwjml4px7bd8_gc4y493myh80000gn/T/FSTCapacityImageQA-09E7C6B9-2E95-4DB5-8328-4AEF097D3946/mount: Error Domain=CacheDeleteErrorDomain Code=10 "(null)" UserInfo={Invalid volume=/private/var/folders/89/bwjml4px7bd8_gc4y493myh80000gn/T/FSTCapacityImageQA-09E7C6B9-2E95-4DB5-8328-4AEF097D3946/mount}
2026-10-02 16:28:18.410957+0700 xctest[63167:85506372] [client] Not Valid
2026-10-02 16:28:18.410982+0700 xctest[63167:85506372] [client] CacheDeleteCopyAvailableSpaceForVolume failed for volume /private/var/folders/89/bwjml4px7bd8_gc4y493myh80000gn/T/FSTCapacityImageQA-09E7C6B9-2E95-4DB5-8328-4AEF097D3946/mount: Error Domain=CacheDeleteErrorDomain Code=10 "(null)" UserInfo={Invalid volume=/private/var/folders/89/bwjml4px7bd8_gc4y493myh80000gn/T/FSTCapacityImageQA-09E7C6B9-2E95-4DB5-8328-4AEF097D3946/mount}
2026-10-02 16:28:18.411915+0700 xctest[63167:85506372] [client] Not Valid
2026-10-02 16:28:18.411936+0700 xctest[63167:85506372] [client] CacheDeleteCopyAvailableSpaceForVolume failed for volume /private/var/folders/89/bwjml4px7bd8_gc4y493myh80000gn/T/FSTCapacityImageQA-09E7C6B9-2E95-4DB5-8328-4AEF097D3946/mount: Error Domain=CacheDeleteErrorDomain Code=10 "(null)" UserInfo={Invalid volume=/private/var/folders/89/bwjml4px7bd8_gc4y493myh80000gn/T/FSTCapacityImageQA-09E7C6B9-2E95-4DB5-8328-4AEF097D3946/mount}
2026-10-02 16:28:18.412840+0700 xctest[63167:85506372] [client] Not Valid
2026-10-02 16:28:18.412866+0700 xctest[63167:85506372] [client] CacheDeleteCopyAvailableSpaceForVolume failed for volume /private/var/folders/89/bwjml4px7bd8_gc4y493myh80000gn/T/FSTCapacityImageQA-09E7C6B9-2E95-4DB5-8328-4AEF097D3946/mount: Error Domain=CacheDeleteErrorDomain Code=10 "(null)" UserInfo={Invalid volume=/private/var/folders/89/bwjml4px7bd8_gc4y493myh80000gn/T/FSTCapacityImageQA-09E7C6B9-2E95-4DB5-8328-4AEF097D3946/mount}
2026-10-02 16:28:18.413920+0700 xctest[63167:85506372] [client] Not Valid
2026-10-02 16:28:18.413943+0700 xctest[63167:85506372] [client] CacheDeleteCopyAvailableSpaceForVolume failed for volume /private/var/folders/89/bwjml4px7bd8_gc4y493myh80000gn/T/FSTCapacityImageQA-09E7C6B9-2E95-4DB5-8328-4AEF097D3946/mount: Error Domain=CacheDeleteErrorDomain Code=10 "(null)" UserInfo={Invalid volume=/private/var/folders/89/bwjml4px7bd8_gc4y493myh80000gn/T/FSTCapacityImageQA-09E7C6B9-2E95-4DB5-8328-4AEF097D3946/mount}
2026-10-02 16:28:18.415128+0700 xctest[63167:85506372] [client] Not Valid
2026-10-02 16:28:18.415154+0700 xctest[63167:85506372] [client] CacheDeleteCopyAvailableSpaceForVolume failed for volume /private/var/folders/89/bwjml4px7bd8_gc4y493myh80000gn/T/FSTCapacityImageQA-09E7C6B9-2E95-4DB5-8328-4AEF097D3946/mount: Error Domain=CacheDeleteErrorDomain Code=10 "(null)" UserInfo={Invalid volume=/private/var/folders/89/bwjml4px7bd8_gc4y493myh80000gn/T/FSTCapacityImageQA-09E7C6B9-2E95-4DB5-8328-4AEF097D3946/mount}
2026-10-02 16:28:18.416038+0700 xctest[63167:85506372] [client] Not Valid
2026-10-02 16:28:18.416057+0700 xctest[63167:85506372] [client] CacheDeleteCopyAvailableSpaceForVolume failed for volume /private/var/folders/89/bwjml4px7bd8_gc4y493myh80000gn/T/FSTCapacityImageQA-09E7C6B9-2E95-4DB5-8328-4AEF097D3946/mount: Error Domain=CacheDeleteErrorDomain Code=10 "(null)" UserInfo={Invalid volume=/private/var/folders/89/bwjml4px7bd8_gc4y493myh80000gn/T/FSTCapacityImageQA-09E7C6B9-2E95-4DB5-8328-4AEF097D3946/mount}
2026-10-02 16:28:18.416871+0700 xctest[63167:85506372] [client] Not Valid
2026-10-02 16:28:18.416893+0700 xctest[63167:85506372] [client] CacheDeleteCopyAvailableSpaceForVolume failed for volume /private/var/folders/89/bwjml4px7bd8_gc4y493myh80000gn/T/FSTCapacityImageQA-09E7C6B9-2E95-4DB5-8328-4AEF097D3946/mount: Error Domain=CacheDeleteErrorDomain Code=10 "(null)" UserInfo={Invalid volume=/private/var/folders/89/bwjml4px7bd8_gc4y493myh80000gn/T/FSTCapacityImageQA-09E7C6B9-2E95-4DB5-8328-4AEF097D3946/mount}
2026-10-02 16:28:18.417690+0700 xctest[63167:85506372] [client] Not Valid
2026-10-02 16:28:18.417705+0700 xctest[63167:85506372] [client] CacheDeleteCopyAvailableSpaceForVolume failed for volume /private/var/folders/89/bwjml4px7bd8_gc4y493myh80000gn/T/FSTCapacityImageQA-09E7C6B9-2E95-4DB5-8328-4AEF097D3946/mount: Error Domain=CacheDeleteErrorDomain Code=10 "(null)" UserInfo={Invalid volume=/private/var/folders/89/bwjml4px7bd8_gc4y493myh80000gn/T/FSTCapacityImageQA-09E7C6B9-2E95-4DB5-8328-4AEF097D3946/mount}
2026-10-02 16:28:18.418439+0700 xctest[63167:85506372] [client] Not Valid
2026-10-02 16:28:18.418453+0700 xctest[63167:85506372] [client] CacheDeleteCopyAvailableSpaceForVolume failed for volume /private/var/folders/89/bwjml4px7bd8_gc4y493myh80000gn/T/FSTCapacityImageQA-09E7C6B9-2E95-4DB5-8328-4AEF097D3946/mount: Error Domain=CacheDeleteErrorDomain Code=10 "(null)" UserInfo={Invalid volume=/private/var/folders/89/bwjml4px7bd8_gc4y493myh80000gn/T/FSTCapacityImageQA-09E7C6B9-2E95-4DB5-8328-4AEF097D3946/mount}
2026-10-02 16:28:18.419156+0700 xctest[63167:85506372] [client] Not Valid
2026-10-02 16:28:18.419170+0700 xctest[63167:85506372] [client] CacheDeleteCopyAvailableSpaceForVolume failed for volume /private/var/folders/89/bwjml4px7bd8_gc4y493myh80000gn/T/FSTCapacityImageQA-09E7C6B9-2E95-4DB5-8328-4AEF097D3946/mount: Error Domain=CacheDeleteErrorDomain Code=10 "(null)" UserInfo={Invalid volume=/private/var/folders/89/bwjml4px7bd8_gc4y493myh80000gn/T/FSTCapacityImageQA-09E7C6B9-2E95-4DB5-8328-4AEF097D3946/mount}
2026-10-02 16:28:18.419930+0700 xctest[63167:85506372] [client] Not Valid
2026-10-02 16:28:18.419945+0700 xctest[63167:85506372] [client] CacheDeleteCopyAvailableSpaceForVolume failed for volume /private/var/folders/89/bwjml4px7bd8_gc4y493myh80000gn/T/FSTCapacityImageQA-09E7C6B9-2E95-4DB5-8328-4AEF097D3946/mount: Error Domain=CacheDeleteErrorDomain Code=10 "(null)" UserInfo={Invalid volume=/private/var/folders/89/bwjml4px7bd8_gc4y493myh80000gn/T/FSTCapacityImageQA-09E7C6B9-2E95-4DB5-8328-4AEF097D3946/mount}
2026-10-02 16:28:18.420741+0700 xctest[63167:85506372] [client] Not Valid
2026-10-02 16:28:18.420758+0700 xctest[63167:85506372] [client] CacheDeleteCopyAvailableSpaceForVolume failed for volume /private/var/folders/89/bwjml4px7bd8_gc4y493myh80000gn/T/FSTCapacityImageQA-09E7C6B9-2E95-4DB5-8328-4AEF097D3946/mount: Error Domain=CacheDeleteErrorDomain Code=10 "(null)" UserInfo={Invalid volume=/private/var/folders/89/bwjml4px7bd8_gc4y493myh80000gn/T/FSTCapacityImageQA-09E7C6B9-2E95-4DB5-8328-4AEF097D3946/mount}
2026-10-02 16:28:18.421514+0700 xctest[63167:85506372] [client] Not Valid
2026-10-02 16:28:18.421529+0700 xctest[63167:85506372] [client] CacheDeleteCopyAvailableSpaceForVolume failed for volume /private/var/folders/89/bwjml4px7bd8_gc4y493myh80000gn/T/FSTCapacityImageQA-09E7C6B9-2E95-4DB5-8328-4AEF097D3946/mount: Error Domain=CacheDeleteErrorDomain Code=10 "(null)" UserInfo={Invalid volume=/private/var/folders/89/bwjml4px7bd8_gc4y493myh80000gn/T/FSTCapacityImageQA-09E7C6B9-2E95-4DB5-8328-4AEF097D3946/mount}
2026-10-02 16:28:18.422453+0700 xctest[63167:85506372] [client] Not Valid
2026-10-02 16:28:18.422469+0700 xctest[63167:85506372] [client] CacheDeleteCopyAvailableSpaceForVolume failed for volume /private/var/folders/89/bwjml4px7bd8_gc4y493myh80000gn/T/FSTCapacityImageQA-09E7C6B9-2E95-4DB5-8328-4AEF097D3946/mount: Error Domain=CacheDeleteErrorDomain Code=10 "(null)" UserInfo={Invalid volume=/private/var/folders/89/bwjml4px7bd8_gc4y493myh80000gn/T/FSTCapacityImageQA-09E7C6B9-2E95-4DB5-8328-4AEF097D3946/mount}
2026-10-02 16:28:18.424842+0700 xctest[63167:85506372] [client] Not Valid
2026-10-02 16:28:18.424863+0700 xctest[63167:85506372] [client] CacheDeleteCopyAvailableSpaceForVolume failed for volume /private/var/folders/89/bwjml4px7bd8_gc4y493myh80000gn/T/FSTCapacityImageQA-09E7C6B9-2E95-4DB5-8328-4AEF097D3946/mount: Error Domain=CacheDeleteErrorDomain Code=10 "(null)" UserInfo={Invalid volume=/private/var/folders/89/bwjml4px7bd8_gc4y493myh80000gn/T/FSTCapacityImageQA-09E7C6B9-2E95-4DB5-8328-4AEF097D3946/mount}
2026-10-02 16:28:18.426347+0700 xctest[63167:85506372] [client] Not Valid
2026-10-02 16:28:18.426363+0700 xctest[63167:85506372] [client] CacheDeleteCopyAvailableSpaceForVolume failed for volume /private/var/folders/89/bwjml4px7bd8_gc4y493myh80000gn/T/FSTCapacityImageQA-09E7C6B9-2E95-4DB5-8328-4AEF097D3946/mount: Error Domain=CacheDeleteErrorDomain Code=10 "(null)" UserInfo={Invalid volume=/private/var/folders/89/bwjml4px7bd8_gc4y493myh80000gn/T/FSTCapacityImageQA-09E7C6B9-2E95-4DB5-8328-4AEF097D3946/mount}
2026-10-02 16:28:18.427905+0700 xctest[63167:85506372] [client] Not Valid
2026-10-02 16:28:18.427921+0700 xctest[63167:85506372] [client] CacheDeleteCopyAvailableSpaceForVolume failed for volume /private/var/folders/89/bwjml4px7bd8_gc4y493myh80000gn/T/FSTCapacityImageQA-09E7C6B9-2E95-4DB5-8328-4AEF097D3946/mount: Error Domain=CacheDeleteErrorDomain Code=10 "(null)" UserInfo={Invalid volume=/private/var/folders/89/bwjml4px7bd8_gc4y493myh80000gn/T/FSTCapacityImageQA-09E7C6B9-2E95-4DB5-8328-4AEF097D3946/mount}
2026-10-02 16:28:18.429489+0700 xctest[63167:85506372] [client] Not Valid
2026-10-02 16:28:18.429511+0700 xctest[63167:85506372] [client] CacheDeleteCopyAvailableSpaceForVolume failed for volume /private/var/folders/89/bwjml4px7bd8_gc4y493myh80000gn/T/FSTCapacityImageQA-09E7C6B9-2E95-4DB5-8328-4AEF097D3946/mount: Error Domain=CacheDeleteErrorDomain Code=10 "(null)" UserInfo={Invalid volume=/private/var/folders/89/bwjml4px7bd8_gc4y493myh80000gn/T/FSTCapacityImageQA-09E7C6B9-2E95-4DB5-8328-4AEF097D3946/mount}
2026-10-02 16:28:18.431869+0700 xctest[63167:85506372] [client] Not Valid
2026-10-02 16:28:18.431889+0700 xctest[63167:85506372] [client] CacheDeleteCopyAvailableSpaceForVolume failed for volume /private/var/folders/89/bwjml4px7bd8_gc4y493myh80000gn/T/FSTCapacityImageQA-09E7C6B9-2E95-4DB5-8328-4AEF097D3946/mount: Error Domain=CacheDeleteErrorDomain Code=10 "(null)" UserInfo={Invalid volume=/private/var/folders/89/bwjml4px7bd8_gc4y493myh80000gn/T/FSTCapacityImageQA-09E7C6B9-2E95-4DB5-8328-4AEF097D3946/mount}
2026-10-02 16:28:18.436143+0700 xctest[63167:85506372] [client] Not Valid
2026-10-02 16:28:18.436179+0700 xctest[63167:85506372] [client] CacheDeleteCopyAvailableSpaceForVolume failed for volume /private/var/folders/89/bwjml4px7bd8_gc4y493myh80000gn/T/FSTCapacityImageQA-09E7C6B9-2E95-4DB5-8328-4AEF097D3946/mount: Error Domain=CacheDeleteErrorDomain Code=10 "(null)" UserInfo={Invalid volume=/private/var/folders/89/bwjml4px7bd8_gc4y493myh80000gn/T/FSTCapacityImageQA-09E7C6B9-2E95-4DB5-8328-4AEF097D3946/mount}
2026-10-02 16:28:18.437969+0700 xctest[63167:85506372] [client] Not Valid
2026-10-02 16:28:18.437988+0700 xctest[63167:85506372] [client] CacheDeleteCopyAvailableSpaceForVolume failed for volume /private/var/folders/89/bwjml4px7bd8_gc4y493myh80000gn/T/FSTCapacityImageQA-09E7C6B9-2E95-4DB5-8328-4AEF097D3946/mount: Error Domain=CacheDeleteErrorDomain Code=10 "(null)" UserInfo={Invalid volume=/private/var/folders/89/bwjml4px7bd8_gc4y493myh80000gn/T/FSTCapacityImageQA-09E7C6B9-2E95-4DB5-8328-4AEF097D3946/mount}
2026-10-02 16:28:18.440115+0700 xctest[63167:85506372] [client] Not Valid
2026-10-02 16:28:18.440133+0700 xctest[63167:85506372] [client] CacheDeleteCopyAvailableSpaceForVolume failed for volume /private/var/folders/89/bwjml4px7bd8_gc4y493myh80000gn/T/FSTCapacityImageQA-09E7C6B9-2E95-4DB5-8328-4AEF097D3946/mount: Error Domain=CacheDeleteErrorDomain Code=10 "(null)" UserInfo={Invalid volume=/private/var/folders/89/bwjml4px7bd8_gc4y493myh80000gn/T/FSTCapacityImageQA-09E7C6B9-2E95-4DB5-8328-4AEF097D3946/mount}
2026-10-02 16:28:18.441396+0700 xctest[63167:85506372] [client] Not Valid
2026-10-02 16:28:18.441412+0700 xctest[63167:85506372] [client] CacheDeleteCopyAvailableSpaceForVolume failed for volume /private/var/folders/89/bwjml4px7bd8_gc4y493myh80000gn/T/FSTCapacityImageQA-09E7C6B9-2E95-4DB5-8328-4AEF097D3946/mount: Error Domain=CacheDeleteErrorDomain Code=10 "(null)" UserInfo={Invalid volume=/private/var/folders/89/bwjml4px7bd8_gc4y493myh80000gn/T/FSTCapacityImageQA-09E7C6B9-2E95-4DB5-8328-4AEF097D3946/mount}
2026-10-02 16:28:18.442949+0700 xctest[63167:85506372] [client] Not Valid
2026-10-02 16:28:18.442965+0700 xctest[63167:85506372] [client] CacheDeleteCopyAvailableSpaceForVolume failed for volume /private/var/folders/89/bwjml4px7bd8_gc4y493myh80000gn/T/FSTCapacityImageQA-09E7C6B9-2E95-4DB5-8328-4AEF097D3946/mount: Error Domain=CacheDeleteErrorDomain Code=10 "(null)" UserInfo={Invalid volume=/private/var/folders/89/bwjml4px7bd8_gc4y493myh80000gn/T/FSTCapacityImageQA-09E7C6B9-2E95-4DB5-8328-4AEF097D3946/mount}
2026-10-02 16:28:18.444461+0700 xctest[63167:85506372] [client] Not Valid
2026-10-02 16:28:18.444475+0700 xctest[63167:85506372] [client] CacheDeleteCopyAvailableSpaceForVolume failed for volume /private/var/folders/89/bwjml4px7bd8_gc4y493myh80000gn/T/FSTCapacityImageQA-09E7C6B9-2E95-4DB5-8328-4AEF097D3946/mount: Error Domain=CacheDeleteErrorDomain Code=10 "(null)" UserInfo={Invalid volume=/private/var/folders/89/bwjml4px7bd8_gc4y493myh80000gn/T/FSTCapacityImageQA-09E7C6B9-2E95-4DB5-8328-4AEF097D3946/mount}
2026-10-02 16:28:18.447060+0700 xctest[63167:85506372] [client] Not Valid
2026-10-02 16:28:18.447091+0700 xctest[63167:85506372] [client] CacheDeleteCopyAvailableSpaceForVolume failed for volume /private/var/folders/89/bwjml4px7bd8_gc4y493myh80000gn/T/FSTCapacityImageQA-09E7C6B9-2E95-4DB5-8328-4AEF097D3946/mount: Error Domain=CacheDeleteErrorDomain Code=10 "(null)" UserInfo={Invalid volume=/private/var/folders/89/bwjml4px7bd8_gc4y493myh80000gn/T/FSTCapacityImageQA-09E7C6B9-2E95-4DB5-8328-4AEF097D3946/mount}
2026-10-02 16:28:18.450590+0700 xctest[63167:85506372] [client] Not Valid
2026-10-02 16:28:18.450618+0700 xctest[63167:85506372] [client] CacheDeleteCopyAvailableSpaceForVolume failed for volume /private/var/folders/89/bwjml4px7bd8_gc4y493myh80000gn/T/FSTCapacityImageQA-09E7C6B9-2E95-4DB5-8328-4AEF097D3946/mount: Error Domain=CacheDeleteErrorDomain Code=10 "(null)" UserInfo={Invalid volume=/private/var/folders/89/bwjml4px7bd8_gc4y493myh80000gn/T/FSTCapacityImageQA-09E7C6B9-2E95-4DB5-8328-4AEF097D3946/mount}
2026-10-02 16:28:18.452323+0700 xctest[63167:85506372] [client] Not Valid
2026-10-02 16:28:18.452338+0700 xctest[63167:85506372] [client] CacheDeleteCopyAvailableSpaceForVolume failed for volume /private/var/folders/89/bwjml4px7bd8_gc4y493myh80000gn/T/FSTCapacityImageQA-09E7C6B9-2E95-4DB5-8328-4AEF097D3946/mount: Error Domain=CacheDeleteErrorDomain Code=10 "(null)" UserInfo={Invalid volume=/private/var/folders/89/bwjml4px7bd8_gc4y493myh80000gn/T/FSTCapacityImageQA-09E7C6B9-2E95-4DB5-8328-4AEF097D3946/mount}
2026-10-02 16:28:18.454441+0700 xctest[63167:85506372] [client] Not Valid
2026-10-02 16:28:18.454470+0700 xctest[63167:85506372] [client] CacheDeleteCopyAvailableSpaceForVolume failed for volume /private/var/folders/89/bwjml4px7bd8_gc4y493myh80000gn/T/FSTCapacityImageQA-09E7C6B9-2E95-4DB5-8328-4AEF097D3946/mount: Error Domain=CacheDeleteErrorDomain Code=10 "(null)" UserInfo={Invalid volume=/private/var/folders/89/bwjml4px7bd8_gc4y493myh80000gn/T/FSTCapacityImageQA-09E7C6B9-2E95-4DB5-8328-4AEF097D3946/mount}
2026-10-02 16:28:18.457287+0700 xctest[63167:85506372] [client] Not Valid
2026-10-02 16:28:18.457326+0700 xctest[63167:85506372] [client] CacheDeleteCopyAvailableSpaceForVolume failed for volume /private/var/folders/89/bwjml4px7bd8_gc4y493myh80000gn/T/FSTCapacityImageQA-09E7C6B9-2E95-4DB5-8328-4AEF097D3946/mount: Error Domain=CacheDeleteErrorDomain Code=10 "(null)" UserInfo={Invalid volume=/private/var/folders/89/bwjml4px7bd8_gc4y493myh80000gn/T/FSTCapacityImageQA-09E7C6B9-2E95-4DB5-8328-4AEF097D3946/mount}
2026-10-02 16:28:18.458759+0700 xctest[63167:85506372] [client] Not Valid
2026-10-02 16:28:18.458777+0700 xctest[63167:85506372] [client] CacheDeleteCopyAvailableSpaceForVolume failed for volume /private/var/folders/89/bwjml4px7bd8_gc4y493myh80000gn/T/FSTCapacityImageQA-09E7C6B9-2E95-4DB5-8328-4AEF097D3946/mount: Error Domain=CacheDeleteErrorDomain Code=10 "(null)" UserInfo={Invalid volume=/private/var/folders/89/bwjml4px7bd8_gc4y493myh80000gn/T/FSTCapacityImageQA-09E7C6B9-2E95-4DB5-8328-4AEF097D3946/mount}
2026-10-02 16:28:18.460262+0700 xctest[63167:85506372] [client] Not Valid
2026-10-02 16:28:18.460281+0700 xctest[63167:85506372] [client] CacheDeleteCopyAvailableSpaceForVolume failed for volume /private/var/folders/89/bwjml4px7bd8_gc4y493myh80000gn/T/FSTCapacityImageQA-09E7C6B9-2E95-4DB5-8328-4AEF097D3946/mount: Error Domain=CacheDeleteErrorDomain Code=10 "(null)" UserInfo={Invalid volume=/private/var/folders/89/bwjml4px7bd8_gc4y493myh80000gn/T/FSTCapacityImageQA-09E7C6B9-2E95-4DB5-8328-4AEF097D3946/mount}
2026-10-02 16:28:18.467183+0700 xctest[63167:85506372] [client] Not Valid
2026-10-02 16:28:18.467229+0700 xctest[63167:85506372] [client] CacheDeleteCopyAvailableSpaceForVolume failed for volume /private/var/folders/89/bwjml4px7bd8_gc4y493myh80000gn/T/FSTCapacityImageQA-09E7C6B9-2E95-4DB5-8328-4AEF097D3946/mount: Error Domain=CacheDeleteErrorDomain Code=10 "(null)" UserInfo={Invalid volume=/private/var/folders/89/bwjml4px7bd8_gc4y493myh80000gn/T/FSTCapacityImageQA-09E7C6B9-2E95-4DB5-8328-4AEF097D3946/mount}
2026-10-02 16:28:18.469816+0700 xctest[63167:85506372] [client] Not Valid
2026-10-02 16:28:18.469853+0700 xctest[63167:85506372] [client] CacheDeleteCopyAvailableSpaceForVolume failed for volume /private/var/folders/89/bwjml4px7bd8_gc4y493myh80000gn/T/FSTCapacityImageQA-09E7C6B9-2E95-4DB5-8328-4AEF097D3946/mount: Error Domain=CacheDeleteErrorDomain Code=10 "(null)" UserInfo={Invalid volume=/private/var/folders/89/bwjml4px7bd8_gc4y493myh80000gn/T/FSTCapacityImageQA-09E7C6B9-2E95-4DB5-8328-4AEF097D3946/mount}
2026-10-02 16:28:18.471212+0700 xctest[63167:85506372] [client] Not Valid
2026-10-02 16:28:18.471241+0700 xctest[63167:85506372] [client] CacheDeleteCopyAvailableSpaceForVolume failed for volume /private/var/folders/89/bwjml4px7bd8_gc4y493myh80000gn/T/FSTCapacityImageQA-09E7C6B9-2E95-4DB5-8328-4AEF097D3946/mount: Error Domain=CacheDeleteErrorDomain Code=10 "(null)" UserInfo={Invalid volume=/private/var/folders/89/bwjml4px7bd8_gc4y493myh80000gn/T/FSTCapacityImageQA-09E7C6B9-2E95-4DB5-8328-4AEF097D3946/mount}
2026-10-02 16:28:18.472397+0700 xctest[63167:85506372] [client] Not Valid
2026-10-02 16:28:18.472425+0700 xctest[63167:85506372] [client] CacheDeleteCopyAvailableSpaceForVolume failed for volume /private/var/folders/89/bwjml4px7bd8_gc4y493myh80000gn/T/FSTCapacityImageQA-09E7C6B9-2E95-4DB5-8328-4AEF097D3946/mount: Error Domain=CacheDeleteErrorDomain Code=10 "(null)" UserInfo={Invalid volume=/private/var/folders/89/bwjml4px7bd8_gc4y493myh80000gn/T/FSTCapacityImageQA-09E7C6B9-2E95-4DB5-8328-4AEF097D3946/mount}
2026-10-02 16:28:18.473615+0700 xctest[63167:85506372] [client] Not Valid
2026-10-02 16:28:18.473657+0700 xctest[63167:85506372] [client] CacheDeleteCopyAvailableSpaceForVolume failed for volume /private/var/folders/89/bwjml4px7bd8_gc4y493myh80000gn/T/FSTCapacityImageQA-09E7C6B9-2E95-4DB5-8328-4AEF097D3946/mount: Error Domain=CacheDeleteErrorDomain Code=10 "(null)" UserInfo={Invalid volume=/private/var/folders/89/bwjml4px7bd8_gc4y493myh80000gn/T/FSTCapacityImageQA-09E7C6B9-2E95-4DB5-8328-4AEF097D3946/mount}
2026-10-02 16:28:18.474684+0700 xctest[63167:85506372] [client] Not Valid
2026-10-02 16:28:18.474706+0700 xctest[63167:85506372] [client] CacheDeleteCopyAvailableSpaceForVolume failed for volume /private/var/folders/89/bwjml4px7bd8_gc4y493myh80000gn/T/FSTCapacityImageQA-09E7C6B9-2E95-4DB5-8328-4AEF097D3946/mount: Error Domain=CacheDeleteErrorDomain Code=10 "(null)" UserInfo={Invalid volume=/private/var/folders/89/bwjml4px7bd8_gc4y493myh80000gn/T/FSTCapacityImageQA-09E7C6B9-2E95-4DB5-8328-4AEF097D3946/mount}
2026-10-02 16:28:18.475736+0700 xctest[63167:85506372] [client] Not Valid
2026-10-02 16:28:18.475764+0700 xctest[63167:85506372] [client] CacheDeleteCopyAvailableSpaceForVolume failed for volume /private/var/folders/89/bwjml4px7bd8_gc4y493myh80000gn/T/FSTCapacityImageQA-09E7C6B9-2E95-4DB5-8328-4AEF097D3946/mount: Error Domain=CacheDeleteErrorDomain Code=10 "(null)" UserInfo={Invalid volume=/private/var/folders/89/bwjml4px7bd8_gc4y493myh80000gn/T/FSTCapacityImageQA-09E7C6B9-2E95-4DB5-8328-4AEF097D3946/mount}
2026-10-02 16:28:18.476750+0700 xctest[63167:85506372] [client] Not Valid
2026-10-02 16:28:18.476775+0700 xctest[63167:85506372] [client] CacheDeleteCopyAvailableSpaceForVolume failed for volume /private/var/folders/89/bwjml4px7bd8_gc4y493myh80000gn/T/FSTCapacityImageQA-09E7C6B9-2E95-4DB5-8328-4AEF097D3946/mount: Error Domain=CacheDeleteErrorDomain Code=10 "(null)" UserInfo={Invalid volume=/private/var/folders/89/bwjml4px7bd8_gc4y493myh80000gn/T/FSTCapacityImageQA-09E7C6B9-2E95-4DB5-8328-4AEF097D3946/mount}
2026-10-02 16:28:18.478090+0700 xctest[63167:85506372] [client] Not Valid
2026-10-02 16:28:18.478118+0700 xctest[63167:85506372] [client] CacheDeleteCopyAvailableSpaceForVolume failed for volume /private/var/folders/89/bwjml4px7bd8_gc4y493myh80000gn/T/FSTCapacityImageQA-09E7C6B9-2E95-4DB5-8328-4AEF097D3946/mount: Error Domain=CacheDeleteErrorDomain Code=10 "(null)" UserInfo={Invalid volume=/private/var/folders/89/bwjml4px7bd8_gc4y493myh80000gn/T/FSTCapacityImageQA-09E7C6B9-2E95-4DB5-8328-4AEF097D3946/mount}
2026-10-02 16:28:18.479975+0700 xctest[63167:85506372] [client] Not Valid
2026-10-02 16:28:18.480001+0700 xctest[63167:85506372] [client] CacheDeleteCopyAvailableSpaceForVolume failed for volume /private/var/folders/89/bwjml4px7bd8_gc4y493myh80000gn/T/FSTCapacityImageQA-09E7C6B9-2E95-4DB5-8328-4AEF097D3946/mount: Error Domain=CacheDeleteErrorDomain Code=10 "(null)" UserInfo={Invalid volume=/private/var/folders/89/bwjml4px7bd8_gc4y493myh80000gn/T/FSTCapacityImageQA-09E7C6B9-2E95-4DB5-8328-4AEF097D3946/mount}
2026-10-02 16:28:18.480957+0700 xctest[63167:85506372] [client] Not Valid
2026-10-02 16:28:18.480983+0700 xctest[63167:85506372] [client] CacheDeleteCopyAvailableSpaceForVolume failed for volume /private/var/folders/89/bwjml4px7bd8_gc4y493myh80000gn/T/FSTCapacityImageQA-09E7C6B9-2E95-4DB5-8328-4AEF097D3946/mount: Error Domain=CacheDeleteErrorDomain Code=10 "(null)" UserInfo={Invalid volume=/private/var/folders/89/bwjml4px7bd8_gc4y493myh80000gn/T/FSTCapacityImageQA-09E7C6B9-2E95-4DB5-8328-4AEF097D3946/mount}
2026-10-02 16:28:18.482162+0700 xctest[63167:85506372] [client] Not Valid
2026-10-02 16:28:18.482188+0700 xctest[63167:85506372] [client] CacheDeleteCopyAvailableSpaceForVolume failed for volume /private/var/folders/89/bwjml4px7bd8_gc4y493myh80000gn/T/FSTCapacityImageQA-09E7C6B9-2E95-4DB5-8328-4AEF097D3946/mount: Error Domain=CacheDeleteErrorDomain Code=10 "(null)" UserInfo={Invalid volume=/private/var/folders/89/bwjml4px7bd8_gc4y493myh80000gn/T/FSTCapacityImageQA-09E7C6B9-2E95-4DB5-8328-4AEF097D3946/mount}
2026-10-02 16:28:18.483255+0700 xctest[63167:85506372] [client] Not Valid
2026-10-02 16:28:18.483285+0700 xctest[63167:85506372] [client] CacheDeleteCopyAvailableSpaceForVolume failed for volume /private/var/folders/89/bwjml4px7bd8_gc4y493myh80000gn/T/FSTCapacityImageQA-09E7C6B9-2E95-4DB5-8328-4AEF097D3946/mount: Error Domain=CacheDeleteErrorDomain Code=10 "(null)" UserInfo={Invalid volume=/private/var/folders/89/bwjml4px7bd8_gc4y493myh80000gn/T/FSTCapacityImageQA-09E7C6B9-2E95-4DB5-8328-4AEF097D3946/mount}
2026-10-02 16:28:18.484319+0700 xctest[63167:85506372] [client] Not Valid
2026-10-02 16:28:18.484342+0700 xctest[63167:85506372] [client] CacheDeleteCopyAvailableSpaceForVolume failed for volume /private/var/folders/89/bwjml4px7bd8_gc4y493myh80000gn/T/FSTCapacityImageQA-09E7C6B9-2E95-4DB5-8328-4AEF097D3946/mount: Error Domain=CacheDeleteErrorDomain Code=10 "(null)" UserInfo={Invalid volume=/private/var/folders/89/bwjml4px7bd8_gc4y493myh80000gn/T/FSTCapacityImageQA-09E7C6B9-2E95-4DB5-8328-4AEF097D3946/mount}
2026-10-02 16:28:18.485720+0700 xctest[63167:85506372] [client] Not Valid
2026-10-02 16:28:18.485746+0700 xctest[63167:85506372] [client] CacheDeleteCopyAvailableSpaceForVolume failed for volume /private/var/folders/89/bwjml4px7bd8_gc4y493myh80000gn/T/FSTCapacityImageQA-09E7C6B9-2E95-4DB5-8328-4AEF097D3946/mount: Error Domain=CacheDeleteErrorDomain Code=10 "(null)" UserInfo={Invalid volume=/private/var/folders/89/bwjml4px7bd8_gc4y493myh80000gn/T/FSTCapacityImageQA-09E7C6B9-2E95-4DB5-8328-4AEF097D3946/mount}
2026-10-02 16:28:18.486691+0700 xctest[63167:85506372] [client] Not Valid
2026-10-02 16:28:18.486717+0700 xctest[63167:85506372] [client] CacheDeleteCopyAvailableSpaceForVolume failed for volume /private/var/folders/89/bwjml4px7bd8_gc4y493myh80000gn/T/FSTCapacityImageQA-09E7C6B9-2E95-4DB5-8328-4AEF097D3946/mount: Error Domain=CacheDeleteErrorDomain Code=10 "(null)" UserInfo={Invalid volume=/private/var/folders/89/bwjml4px7bd8_gc4y493myh80000gn/T/FSTCapacityImageQA-09E7C6B9-2E95-4DB5-8328-4AEF097D3946/mount}
2026-10-02 16:28:18.487643+0700 xctest[63167:85506372] [client] Not Valid
2026-10-02 16:28:18.487663+0700 xctest[63167:85506372] [client] CacheDeleteCopyAvailableSpaceForVolume failed for volume /private/var/folders/89/bwjml4px7bd8_gc4y493myh80000gn/T/FSTCapacityImageQA-09E7C6B9-2E95-4DB5-8328-4AEF097D3946/mount: Error Domain=CacheDeleteErrorDomain Code=10 "(null)" UserInfo={Invalid volume=/private/var/folders/89/bwjml4px7bd8_gc4y493myh80000gn/T/FSTCapacityImageQA-09E7C6B9-2E95-4DB5-8328-4AEF097D3946/mount}
2026-10-02 16:28:18.488927+0700 xctest[63167:85506372] [client] Not Valid
2026-10-02 16:28:18.488961+0700 xctest[63167:85506372] [client] CacheDeleteCopyAvailableSpaceForVolume failed for volume /private/var/folders/89/bwjml4px7bd8_gc4y493myh80000gn/T/FSTCapacityImageQA-09E7C6B9-2E95-4DB5-8328-4AEF097D3946/mount: Error Domain=CacheDeleteErrorDomain Code=10 "(null)" UserInfo={Invalid volume=/private/var/folders/89/bwjml4px7bd8_gc4y493myh80000gn/T/FSTCapacityImageQA-09E7C6B9-2E95-4DB5-8328-4AEF097D3946/mount}
2026-10-02 16:28:18.490112+0700 xctest[63167:85506372] [client] Not Valid
2026-10-02 16:28:18.490139+0700 xctest[63167:85506372] [client] CacheDeleteCopyAvailableSpaceForVolume failed for volume /private/var/folders/89/bwjml4px7bd8_gc4y493myh80000gn/T/FSTCapacityImageQA-09E7C6B9-2E95-4DB5-8328-4AEF097D3946/mount: Error Domain=CacheDeleteErrorDomain Code=10 "(null)" UserInfo={Invalid volume=/private/var/folders/89/bwjml4px7bd8_gc4y493myh80000gn/T/FSTCapacityImageQA-09E7C6B9-2E95-4DB5-8328-4AEF097D3946/mount}
2026-10-02 16:28:18.492559+0700 xctest[63167:85506372] [client] Not Valid
2026-10-02 16:28:18.492586+0700 xctest[63167:85506372] [client] CacheDeleteCopyAvailableSpaceForVolume failed for volume /private/var/folders/89/bwjml4px7bd8_gc4y493myh80000gn/T/FSTCapacityImageQA-09E7C6B9-2E95-4DB5-8328-4AEF097D3946/mount: Error Domain=CacheDeleteErrorDomain Code=10 "(null)" UserInfo={Invalid volume=/private/var/folders/89/bwjml4px7bd8_gc4y493myh80000gn/T/FSTCapacityImageQA-09E7C6B9-2E95-4DB5-8328-4AEF097D3946/mount}
2026-10-02 16:28:18.495061+0700 xctest[63167:85506372] [client] Not Valid
2026-10-02 16:28:18.495081+0700 xctest[63167:85506372] [client] CacheDeleteCopyAvailableSpaceForVolume failed for volume /private/var/folders/89/bwjml4px7bd8_gc4y493myh80000gn/T/FSTCapacityImageQA-09E7C6B9-2E95-4DB5-8328-4AEF097D3946/mount: Error Domain=CacheDeleteErrorDomain Code=10 "(null)" UserInfo={Invalid volume=/private/var/folders/89/bwjml4px7bd8_gc4y493myh80000gn/T/FSTCapacityImageQA-09E7C6B9-2E95-4DB5-8328-4AEF097D3946/mount}
2026-10-02 16:28:18.496946+0700 xctest[63167:85506372] [client] Not Valid
2026-10-02 16:28:18.496971+0700 xctest[63167:85506372] [client] CacheDeleteCopyAvailableSpaceForVolume failed for volume /private/var/folders/89/bwjml4px7bd8_gc4y493myh80000gn/T/FSTCapacityImageQA-09E7C6B9-2E95-4DB5-8328-4AEF097D3946/mount: Error Domain=CacheDeleteErrorDomain Code=10 "(null)" UserInfo={Invalid volume=/private/var/folders/89/bwjml4px7bd8_gc4y493myh80000gn/T/FSTCapacityImageQA-09E7C6B9-2E95-4DB5-8328-4AEF097D3946/mount}
2026-10-02 16:28:18.504069+0700 xctest[63167:85506372] [client] Not Valid
2026-10-02 16:28:18.504107+0700 xctest[63167:85506372] [client] CacheDeleteCopyAvailableSpaceForVolume failed for volume /private/var/folders/89/bwjml4px7bd8_gc4y493myh80000gn/T/FSTCapacityImageQA-09E7C6B9-2E95-4DB5-8328-4AEF097D3946/mount: Error Domain=CacheDeleteErrorDomain Code=10 "(null)" UserInfo={Invalid volume=/private/var/folders/89/bwjml4px7bd8_gc4y493myh80000gn/T/FSTCapacityImageQA-09E7C6B9-2E95-4DB5-8328-4AEF097D3946/mount}
2026-10-02 16:28:18.506005+0700 xctest[63167:85506372] [client] Not Valid
2026-10-02 16:28:18.506032+0700 xctest[63167:85506372] [client] CacheDeleteCopyAvailableSpaceForVolume failed for volume /private/var/folders/89/bwjml4px7bd8_gc4y493myh80000gn/T/FSTCapacityImageQA-09E7C6B9-2E95-4DB5-8328-4AEF097D3946/mount: Error Domain=CacheDeleteErrorDomain Code=10 "(null)" UserInfo={Invalid volume=/private/var/folders/89/bwjml4px7bd8_gc4y493myh80000gn/T/FSTCapacityImageQA-09E7C6B9-2E95-4DB5-8328-4AEF097D3946/mount}
2026-10-02 16:28:18.507348+0700 xctest[63167:85506372] [client] Not Valid
2026-10-02 16:28:18.507380+0700 xctest[63167:85506372] [client] CacheDeleteCopyAvailableSpaceForVolume failed for volume /private/var/folders/89/bwjml4px7bd8_gc4y493myh80000gn/T/FSTCapacityImageQA-09E7C6B9-2E95-4DB5-8328-4AEF097D3946/mount: Error Domain=CacheDeleteErrorDomain Code=10 "(null)" UserInfo={Invalid volume=/private/var/folders/89/bwjml4px7bd8_gc4y493myh80000gn/T/FSTCapacityImageQA-09E7C6B9-2E95-4DB5-8328-4AEF097D3946/mount}
2026-10-02 16:28:18.508352+0700 xctest[63167:85506372] [client] Not Valid
2026-10-02 16:28:18.508373+0700 xctest[63167:85506372] [client] CacheDeleteCopyAvailableSpaceForVolume failed for volume /private/var/folders/89/bwjml4px7bd8_gc4y493myh80000gn/T/FSTCapacityImageQA-09E7C6B9-2E95-4DB5-8328-4AEF097D3946/mount: Error Domain=CacheDeleteErrorDomain Code=10 "(null)" UserInfo={Invalid volume=/private/var/folders/89/bwjml4px7bd8_gc4y493myh80000gn/T/FSTCapacityImageQA-09E7C6B9-2E95-4DB5-8328-4AEF097D3946/mount}
2026-10-02 16:28:18.509276+0700 xctest[63167:85506372] [client] Not Valid
2026-10-02 16:28:18.509296+0700 xctest[63167:85506372] [client] CacheDeleteCopyAvailableSpaceForVolume failed for volume /private/var/folders/89/bwjml4px7bd8_gc4y493myh80000gn/T/FSTCapacityImageQA-09E7C6B9-2E95-4DB5-8328-4AEF097D3946/mount: Error Domain=CacheDeleteErrorDomain Code=10 "(null)" UserInfo={Invalid volume=/private/var/folders/89/bwjml4px7bd8_gc4y493myh80000gn/T/FSTCapacityImageQA-09E7C6B9-2E95-4DB5-8328-4AEF097D3946/mount}
2026-10-02 16:28:18.510205+0700 xctest[63167:85506372] [client] Not Valid
2026-10-02 16:28:18.510231+0700 xctest[63167:85506372] [client] CacheDeleteCopyAvailableSpaceForVolume failed for volume /private/var/folders/89/bwjml4px7bd8_gc4y493myh80000gn/T/FSTCapacityImageQA-09E7C6B9-2E95-4DB5-8328-4AEF097D3946/mount: Error Domain=CacheDeleteErrorDomain Code=10 "(null)" UserInfo={Invalid volume=/private/var/folders/89/bwjml4px7bd8_gc4y493myh80000gn/T/FSTCapacityImageQA-09E7C6B9-2E95-4DB5-8328-4AEF097D3946/mount}
2026-10-02 16:28:18.511105+0700 xctest[63167:85506372] [client] Not Valid
2026-10-02 16:28:18.511126+0700 xctest[63167:85506372] [client] CacheDeleteCopyAvailableSpaceForVolume failed for volume /private/var/folders/89/bwjml4px7bd8_gc4y493myh80000gn/T/FSTCapacityImageQA-09E7C6B9-2E95-4DB5-8328-4AEF097D3946/mount: Error Domain=CacheDeleteErrorDomain Code=10 "(null)" UserInfo={Invalid volume=/private/var/folders/89/bwjml4px7bd8_gc4y493myh80000gn/T/FSTCapacityImageQA-09E7C6B9-2E95-4DB5-8328-4AEF097D3946/mount}
2026-10-02 16:28:18.512116+0700 xctest[63167:85506372] [client] Not Valid
2026-10-02 16:28:18.512138+0700 xctest[63167:85506372] [client] CacheDeleteCopyAvailableSpaceForVolume failed for volume /private/var/folders/89/bwjml4px7bd8_gc4y493myh80000gn/T/FSTCapacityImageQA-09E7C6B9-2E95-4DB5-8328-4AEF097D3946/mount: Error Domain=CacheDeleteErrorDomain Code=10 "(null)" UserInfo={Invalid volume=/private/var/folders/89/bwjml4px7bd8_gc4y493myh80000gn/T/FSTCapacityImageQA-09E7C6B9-2E95-4DB5-8328-4AEF097D3946/mount}
2026-10-02 16:28:18.513034+0700 xctest[63167:85506372] [client] Not Valid
2026-10-02 16:28:18.513057+0700 xctest[63167:85506372] [client] CacheDeleteCopyAvailableSpaceForVolume failed for volume /private/var/folders/89/bwjml4px7bd8_gc4y493myh80000gn/T/FSTCapacityImageQA-09E7C6B9-2E95-4DB5-8328-4AEF097D3946/mount: Error Domain=CacheDeleteErrorDomain Code=10 "(null)" UserInfo={Invalid volume=/private/var/folders/89/bwjml4px7bd8_gc4y493myh80000gn/T/FSTCapacityImageQA-09E7C6B9-2E95-4DB5-8328-4AEF097D3946/mount}
2026-10-02 16:28:18.514089+0700 xctest[63167:85506372] [client] Not Valid
2026-10-02 16:28:18.514114+0700 xctest[63167:85506372] [client] CacheDeleteCopyAvailableSpaceForVolume failed for volume /private/var/folders/89/bwjml4px7bd8_gc4y493myh80000gn/T/FSTCapacityImageQA-09E7C6B9-2E95-4DB5-8328-4AEF097D3946/mount: Error Domain=CacheDeleteErrorDomain Code=10 "(null)" UserInfo={Invalid volume=/private/var/folders/89/bwjml4px7bd8_gc4y493myh80000gn/T/FSTCapacityImageQA-09E7C6B9-2E95-4DB5-8328-4AEF097D3946/mount}
2026-10-02 16:28:18.515662+0700 xctest[63167:85506372] [client] Not Valid
2026-10-02 16:28:18.515681+0700 xctest[63167:85506372] [client] CacheDeleteCopyAvailableSpaceForVolume failed for volume /private/var/folders/89/bwjml4px7bd8_gc4y493myh80000gn/T/FSTCapacityImageQA-09E7C6B9-2E95-4DB5-8328-4AEF097D3946/mount: Error Domain=CacheDeleteErrorDomain Code=10 "(null)" UserInfo={Invalid volume=/private/var/folders/89/bwjml4px7bd8_gc4y493myh80000gn/T/FSTCapacityImageQA-09E7C6B9-2E95-4DB5-8328-4AEF097D3946/mount}
2026-10-02 16:28:18.516439+0700 xctest[63167:85506372] [client] Not Valid
2026-10-02 16:28:18.516456+0700 xctest[63167:85506372] [client] CacheDeleteCopyAvailableSpaceForVolume failed for volume /private/var/folders/89/bwjml4px7bd8_gc4y493myh80000gn/T/FSTCapacityImageQA-09E7C6B9-2E95-4DB5-8328-4AEF097D3946/mount: Error Domain=CacheDeleteErrorDomain Code=10 "(null)" UserInfo={Invalid volume=/private/var/folders/89/bwjml4px7bd8_gc4y493myh80000gn/T/FSTCapacityImageQA-09E7C6B9-2E95-4DB5-8328-4AEF097D3946/mount}
2026-10-02 16:28:18.517204+0700 xctest[63167:85506372] [client] Not Valid
2026-10-02 16:28:18.517217+0700 xctest[63167:85506372] [client] CacheDeleteCopyAvailableSpaceForVolume failed for volume /private/var/folders/89/bwjml4px7bd8_gc4y493myh80000gn/T/FSTCapacityImageQA-09E7C6B9-2E95-4DB5-8328-4AEF097D3946/mount: Error Domain=CacheDeleteErrorDomain Code=10 "(null)" UserInfo={Invalid volume=/private/var/folders/89/bwjml4px7bd8_gc4y493myh80000gn/T/FSTCapacityImageQA-09E7C6B9-2E95-4DB5-8328-4AEF097D3946/mount}
2026-10-02 16:28:18.517949+0700 xctest[63167:85506372] [client] Not Valid
2026-10-02 16:28:18.517961+0700 xctest[63167:85506372] [client] CacheDeleteCopyAvailableSpaceForVolume failed for volume /private/var/folders/89/bwjml4px7bd8_gc4y493myh80000gn/T/FSTCapacityImageQA-09E7C6B9-2E95-4DB5-8328-4AEF097D3946/mount: Error Domain=CacheDeleteErrorDomain Code=10 "(null)" UserInfo={Invalid volume=/private/var/folders/89/bwjml4px7bd8_gc4y493myh80000gn/T/FSTCapacityImageQA-09E7C6B9-2E95-4DB5-8328-4AEF097D3946/mount}
2026-10-02 16:28:18.518659+0700 xctest[63167:85506372] [client] Not Valid
2026-10-02 16:28:18.518673+0700 xctest[63167:85506372] [client] CacheDeleteCopyAvailableSpaceForVolume failed for volume /private/var/folders/89/bwjml4px7bd8_gc4y493myh80000gn/T/FSTCapacityImageQA-09E7C6B9-2E95-4DB5-8328-4AEF097D3946/mount: Error Domain=CacheDeleteErrorDomain Code=10 "(null)" UserInfo={Invalid volume=/private/var/folders/89/bwjml4px7bd8_gc4y493myh80000gn/T/FSTCapacityImageQA-09E7C6B9-2E95-4DB5-8328-4AEF097D3946/mount}
2026-10-02 16:28:18.519386+0700 xctest[63167:85506372] [client] Not Valid
2026-10-02 16:28:18.519399+0700 xctest[63167:85506372] [client] CacheDeleteCopyAvailableSpaceForVolume failed for volume /private/var/folders/89/bwjml4px7bd8_gc4y493myh80000gn/T/FSTCapacityImageQA-09E7C6B9-2E95-4DB5-8328-4AEF097D3946/mount: Error Domain=CacheDeleteErrorDomain Code=10 "(null)" UserInfo={Invalid volume=/private/var/folders/89/bwjml4px7bd8_gc4y493myh80000gn/T/FSTCapacityImageQA-09E7C6B9-2E95-4DB5-8328-4AEF097D3946/mount}
2026-10-02 16:28:18.520118+0700 xctest[63167:85506372] [client] Not Valid
2026-10-02 16:28:18.520137+0700 xctest[63167:85506372] [client] CacheDeleteCopyAvailableSpaceForVolume failed for volume /private/var/folders/89/bwjml4px7bd8_gc4y493myh80000gn/T/FSTCapacityImageQA-09E7C6B9-2E95-4DB5-8328-4AEF097D3946/mount: Error Domain=CacheDeleteErrorDomain Code=10 "(null)" UserInfo={Invalid volume=/private/var/folders/89/bwjml4px7bd8_gc4y493myh80000gn/T/FSTCapacityImageQA-09E7C6B9-2E95-4DB5-8328-4AEF097D3946/mount}
2026-10-02 16:28:18.520935+0700 xctest[63167:85506372] [client] Not Valid
2026-10-02 16:28:18.520954+0700 xctest[63167:85506372] [client] CacheDeleteCopyAvailableSpaceForVolume failed for volume /private/var/folders/89/bwjml4px7bd8_gc4y493myh80000gn/T/FSTCapacityImageQA-09E7C6B9-2E95-4DB5-8328-4AEF097D3946/mount: Error Domain=CacheDeleteErrorDomain Code=10 "(null)" UserInfo={Invalid volume=/private/var/folders/89/bwjml4px7bd8_gc4y493myh80000gn/T/FSTCapacityImageQA-09E7C6B9-2E95-4DB5-8328-4AEF097D3946/mount}
2026-10-02 16:28:18.522040+0700 xctest[63167:85506372] [client] Not Valid
2026-10-02 16:28:18.522063+0700 xctest[63167:85506372] [client] CacheDeleteCopyAvailableSpaceForVolume failed for volume /private/var/folders/89/bwjml4px7bd8_gc4y493myh80000gn/T/FSTCapacityImageQA-09E7C6B9-2E95-4DB5-8328-4AEF097D3946/mount: Error Domain=CacheDeleteErrorDomain Code=10 "(null)" UserInfo={Invalid volume=/private/var/folders/89/bwjml4px7bd8_gc4y493myh80000gn/T/FSTCapacityImageQA-09E7C6B9-2E95-4DB5-8328-4AEF097D3946/mount}
2026-10-02 16:28:18.522882+0700 xctest[63167:85506372] [client] Not Valid
2026-10-02 16:28:18.522894+0700 xctest[63167:85506372] [client] CacheDeleteCopyAvailableSpaceForVolume failed for volume /private/var/folders/89/bwjml4px7bd8_gc4y493myh80000gn/T/FSTCapacityImageQA-09E7C6B9-2E95-4DB5-8328-4AEF097D3946/mount: Error Domain=CacheDeleteErrorDomain Code=10 "(null)" UserInfo={Invalid volume=/private/var/folders/89/bwjml4px7bd8_gc4y493myh80000gn/T/FSTCapacityImageQA-09E7C6B9-2E95-4DB5-8328-4AEF097D3946/mount}
2026-10-02 16:28:18.523596+0700 xctest[63167:85506372] [client] Not Valid
2026-10-02 16:28:18.523610+0700 xctest[63167:85506372] [client] CacheDeleteCopyAvailableSpaceForVolume failed for volume /private/var/folders/89/bwjml4px7bd8_gc4y493myh80000gn/T/FSTCapacityImageQA-09E7C6B9-2E95-4DB5-8328-4AEF097D3946/mount: Error Domain=CacheDeleteErrorDomain Code=10 "(null)" UserInfo={Invalid volume=/private/var/folders/89/bwjml4px7bd8_gc4y493myh80000gn/T/FSTCapacityImageQA-09E7C6B9-2E95-4DB5-8328-4AEF097D3946/mount}
2026-10-02 16:28:18.524315+0700 xctest[63167:85506372] [client] Not Valid
2026-10-02 16:28:18.524328+0700 xctest[63167:85506372] [client] CacheDeleteCopyAvailableSpaceForVolume failed for volume /private/var/folders/89/bwjml4px7bd8_gc4y493myh80000gn/T/FSTCapacityImageQA-09E7C6B9-2E95-4DB5-8328-4AEF097D3946/mount: Error Domain=CacheDeleteErrorDomain Code=10 "(null)" UserInfo={Invalid volume=/private/var/folders/89/bwjml4px7bd8_gc4y493myh80000gn/T/FSTCapacityImageQA-09E7C6B9-2E95-4DB5-8328-4AEF097D3946/mount}
2026-10-02 16:28:18.525011+0700 xctest[63167:85506372] [client] Not Valid
2026-10-02 16:28:18.525023+0700 xctest[63167:85506372] [client] CacheDeleteCopyAvailableSpaceForVolume failed for volume /private/var/folders/89/bwjml4px7bd8_gc4y493myh80000gn/T/FSTCapacityImageQA-09E7C6B9-2E95-4DB5-8328-4AEF097D3946/mount: Error Domain=CacheDeleteErrorDomain Code=10 "(null)" UserInfo={Invalid volume=/private/var/folders/89/bwjml4px7bd8_gc4y493myh80000gn/T/FSTCapacityImageQA-09E7C6B9-2E95-4DB5-8328-4AEF097D3946/mount}
2026-10-02 16:28:18.525754+0700 xctest[63167:85506372] [client] Not Valid
2026-10-02 16:28:18.525775+0700 xctest[63167:85506372] [client] CacheDeleteCopyAvailableSpaceForVolume failed for volume /private/var/folders/89/bwjml4px7bd8_gc4y493myh80000gn/T/FSTCapacityImageQA-09E7C6B9-2E95-4DB5-8328-4AEF097D3946/mount: Error Domain=CacheDeleteErrorDomain Code=10 "(null)" UserInfo={Invalid volume=/private/var/folders/89/bwjml4px7bd8_gc4y493myh80000gn/T/FSTCapacityImageQA-09E7C6B9-2E95-4DB5-8328-4AEF097D3946/mount}
2026-10-02 16:28:18.526723+0700 xctest[63167:85506372] [client] Not Valid
2026-10-02 16:28:18.526748+0700 xctest[63167:85506372] [client] CacheDeleteCopyAvailableSpaceForVolume failed for volume /private/var/folders/89/bwjml4px7bd8_gc4y493myh80000gn/T/FSTCapacityImageQA-09E7C6B9-2E95-4DB5-8328-4AEF097D3946/mount: Error Domain=CacheDeleteErrorDomain Code=10 "(null)" UserInfo={Invalid volume=/private/var/folders/89/bwjml4px7bd8_gc4y493myh80000gn/T/FSTCapacityImageQA-09E7C6B9-2E95-4DB5-8328-4AEF097D3946/mount}
2026-10-02 16:28:18.527750+0700 xctest[63167:85506372] [client] Not Valid
2026-10-02 16:28:18.527769+0700 xctest[63167:85506372] [client] CacheDeleteCopyAvailableSpaceForVolume failed for volume /private/var/folders/89/bwjml4px7bd8_gc4y493myh80000gn/T/FSTCapacityImageQA-09E7C6B9-2E95-4DB5-8328-4AEF097D3946/mount: Error Domain=CacheDeleteErrorDomain Code=10 "(null)" UserInfo={Invalid volume=/private/var/folders/89/bwjml4px7bd8_gc4y493myh80000gn/T/FSTCapacityImageQA-09E7C6B9-2E95-4DB5-8328-4AEF097D3946/mount}
2026-10-02 16:28:18.528796+0700 xctest[63167:85506372] [client] Not Valid
2026-10-02 16:28:18.528813+0700 xctest[63167:85506372] [client] CacheDeleteCopyAvailableSpaceForVolume failed for volume /private/var/folders/89/bwjml4px7bd8_gc4y493myh80000gn/T/FSTCapacityImageQA-09E7C6B9-2E95-4DB5-8328-4AEF097D3946/mount: Error Domain=CacheDeleteErrorDomain Code=10 "(null)" UserInfo={Invalid volume=/private/var/folders/89/bwjml4px7bd8_gc4y493myh80000gn/T/FSTCapacityImageQA-09E7C6B9-2E95-4DB5-8328-4AEF097D3946/mount}
2026-10-02 16:28:18.529923+0700 xctest[63167:85506372] [client] Not Valid
2026-10-02 16:28:18.529945+0700 xctest[63167:85506372] [client] CacheDeleteCopyAvailableSpaceForVolume failed for volume /private/var/folders/89/bwjml4px7bd8_gc4y493myh80000gn/T/FSTCapacityImageQA-09E7C6B9-2E95-4DB5-8328-4AEF097D3946/mount: Error Domain=CacheDeleteErrorDomain Code=10 "(null)" UserInfo={Invalid volume=/private/var/folders/89/bwjml4px7bd8_gc4y493myh80000gn/T/FSTCapacityImageQA-09E7C6B9-2E95-4DB5-8328-4AEF097D3946/mount}
2026-10-02 16:28:18.531210+0700 xctest[63167:85506372] [client] Not Valid
2026-10-02 16:28:18.531243+0700 xctest[63167:85506372] [client] CacheDeleteCopyAvailableSpaceForVolume failed for volume /private/var/folders/89/bwjml4px7bd8_gc4y493myh80000gn/T/FSTCapacityImageQA-09E7C6B9-2E95-4DB5-8328-4AEF097D3946/mount: Error Domain=CacheDeleteErrorDomain Code=10 "(null)" UserInfo={Invalid volume=/private/var/folders/89/bwjml4px7bd8_gc4y493myh80000gn/T/FSTCapacityImageQA-09E7C6B9-2E95-4DB5-8328-4AEF097D3946/mount}
2026-10-02 16:28:18.532348+0700 xctest[63167:85506372] [client] Not Valid
2026-10-02 16:28:18.532372+0700 xctest[63167:85506372] [client] CacheDeleteCopyAvailableSpaceForVolume failed for volume /private/var/folders/89/bwjml4px7bd8_gc4y493myh80000gn/T/FSTCapacityImageQA-09E7C6B9-2E95-4DB5-8328-4AEF097D3946/mount: Error Domain=CacheDeleteErrorDomain Code=10 "(null)" UserInfo={Invalid volume=/private/var/folders/89/bwjml4px7bd8_gc4y493myh80000gn/T/FSTCapacityImageQA-09E7C6B9-2E95-4DB5-8328-4AEF097D3946/mount}
2026-10-02 16:28:18.533217+0700 xctest[63167:85506372] [client] Not Valid
2026-10-02 16:28:18.533242+0700 xctest[63167:85506372] [client] CacheDeleteCopyAvailableSpaceForVolume failed for volume /private/var/folders/89/bwjml4px7bd8_gc4y493myh80000gn/T/FSTCapacityImageQA-09E7C6B9-2E95-4DB5-8328-4AEF097D3946/mount: Error Domain=CacheDeleteErrorDomain Code=10 "(null)" UserInfo={Invalid volume=/private/var/folders/89/bwjml4px7bd8_gc4y493myh80000gn/T/FSTCapacityImageQA-09E7C6B9-2E95-4DB5-8328-4AEF097D3946/mount}
2026-10-02 16:28:18.534193+0700 xctest[63167:85506372] [client] Not Valid
2026-10-02 16:28:18.534215+0700 xctest[63167:85506372] [client] CacheDeleteCopyAvailableSpaceForVolume failed for volume /private/var/folders/89/bwjml4px7bd8_gc4y493myh80000gn/T/FSTCapacityImageQA-09E7C6B9-2E95-4DB5-8328-4AEF097D3946/mount: Error Domain=CacheDeleteErrorDomain Code=10 "(null)" UserInfo={Invalid volume=/private/var/folders/89/bwjml4px7bd8_gc4y493myh80000gn/T/FSTCapacityImageQA-09E7C6B9-2E95-4DB5-8328-4AEF097D3946/mount}
2026-10-02 16:28:18.535591+0700 xctest[63167:85506372] [client] Not Valid
2026-10-02 16:28:18.535624+0700 xctest[63167:85506372] [client] CacheDeleteCopyAvailableSpaceForVolume failed for volume /private/var/folders/89/bwjml4px7bd8_gc4y493myh80000gn/T/FSTCapacityImageQA-09E7C6B9-2E95-4DB5-8328-4AEF097D3946/mount: Error Domain=CacheDeleteErrorDomain Code=10 "(null)" UserInfo={Invalid volume=/private/var/folders/89/bwjml4px7bd8_gc4y493myh80000gn/T/FSTCapacityImageQA-09E7C6B9-2E95-4DB5-8328-4AEF097D3946/mount}
2026-10-02 16:28:18.538605+0700 xctest[63167:85506372] [client] Not Valid
2026-10-02 16:28:18.538641+0700 xctest[63167:85506372] [client] CacheDeleteCopyAvailableSpaceForVolume failed for volume /private/var/folders/89/bwjml4px7bd8_gc4y493myh80000gn/T/FSTCapacityImageQA-09E7C6B9-2E95-4DB5-8328-4AEF097D3946/mount: Error Domain=CacheDeleteErrorDomain Code=10 "(null)" UserInfo={Invalid volume=/private/var/folders/89/bwjml4px7bd8_gc4y493myh80000gn/T/FSTCapacityImageQA-09E7C6B9-2E95-4DB5-8328-4AEF097D3946/mount}
2026-10-02 16:28:18.540100+0700 xctest[63167:85506372] [client] Not Valid
2026-10-02 16:28:18.540133+0700 xctest[63167:85506372] [client] CacheDeleteCopyAvailableSpaceForVolume failed for volume /private/var/folders/89/bwjml4px7bd8_gc4y493myh80000gn/T/FSTCapacityImageQA-09E7C6B9-2E95-4DB5-8328-4AEF097D3946/mount: Error Domain=CacheDeleteErrorDomain Code=10 "(null)" UserInfo={Invalid volume=/private/var/folders/89/bwjml4px7bd8_gc4y493myh80000gn/T/FSTCapacityImageQA-09E7C6B9-2E95-4DB5-8328-4AEF097D3946/mount}
2026-10-02 16:28:18.540988+0700 xctest[63167:85506372] [client] Not Valid
2026-10-02 16:28:18.541007+0700 xctest[63167:85506372] [client] CacheDeleteCopyAvailableSpaceForVolume failed for volume /private/var/folders/89/bwjml4px7bd8_gc4y493myh80000gn/T/FSTCapacityImageQA-09E7C6B9-2E95-4DB5-8328-4AEF097D3946/mount: Error Domain=CacheDeleteErrorDomain Code=10 "(null)" UserInfo={Invalid volume=/private/var/folders/89/bwjml4px7bd8_gc4y493myh80000gn/T/FSTCapacityImageQA-09E7C6B9-2E95-4DB5-8328-4AEF097D3946/mount}
2026-10-02 16:28:18.541792+0700 xctest[63167:85506372] [client] Not Valid
2026-10-02 16:28:18.541805+0700 xctest[63167:85506372] [client] CacheDeleteCopyAvailableSpaceForVolume failed for volume /private/var/folders/89/bwjml4px7bd8_gc4y493myh80000gn/T/FSTCapacityImageQA-09E7C6B9-2E95-4DB5-8328-4AEF097D3946/mount: Error Domain=CacheDeleteErrorDomain Code=10 "(null)" UserInfo={Invalid volume=/private/var/folders/89/bwjml4px7bd8_gc4y493myh80000gn/T/FSTCapacityImageQA-09E7C6B9-2E95-4DB5-8328-4AEF097D3946/mount}
2026-10-02 16:28:18.542538+0700 xctest[63167:85506372] [client] Not Valid
2026-10-02 16:28:18.542551+0700 xctest[63167:85506372] [client] CacheDeleteCopyAvailableSpaceForVolume failed for volume /private/var/folders/89/bwjml4px7bd8_gc4y493myh80000gn/T/FSTCapacityImageQA-09E7C6B9-2E95-4DB5-8328-4AEF097D3946/mount: Error Domain=CacheDeleteErrorDomain Code=10 "(null)" UserInfo={Invalid volume=/private/var/folders/89/bwjml4px7bd8_gc4y493myh80000gn/T/FSTCapacityImageQA-09E7C6B9-2E95-4DB5-8328-4AEF097D3946/mount}
2026-10-02 16:28:18.543397+0700 xctest[63167:85506372] [client] Not Valid
2026-10-02 16:28:18.543421+0700 xctest[63167:85506372] [client] CacheDeleteCopyAvailableSpaceForVolume failed for volume /private/var/folders/89/bwjml4px7bd8_gc4y493myh80000gn/T/FSTCapacityImageQA-09E7C6B9-2E95-4DB5-8328-4AEF097D3946/mount: Error Domain=CacheDeleteErrorDomain Code=10 "(null)" UserInfo={Invalid volume=/private/var/folders/89/bwjml4px7bd8_gc4y493myh80000gn/T/FSTCapacityImageQA-09E7C6B9-2E95-4DB5-8328-4AEF097D3946/mount}
2026-10-02 16:28:18.544326+0700 xctest[63167:85506372] [client] Not Valid
2026-10-02 16:28:18.544346+0700 xctest[63167:85506372] [client] CacheDeleteCopyAvailableSpaceForVolume failed for volume /private/var/folders/89/bwjml4px7bd8_gc4y493myh80000gn/T/FSTCapacityImageQA-09E7C6B9-2E95-4DB5-8328-4AEF097D3946/mount: Error Domain=CacheDeleteErrorDomain Code=10 "(null)" UserInfo={Invalid volume=/private/var/folders/89/bwjml4px7bd8_gc4y493myh80000gn/T/FSTCapacityImageQA-09E7C6B9-2E95-4DB5-8328-4AEF097D3946/mount}
2026-10-02 16:28:18.545426+0700 xctest[63167:85506372] [client] Not Valid
2026-10-02 16:28:18.545454+0700 xctest[63167:85506372] [client] CacheDeleteCopyAvailableSpaceForVolume failed for volume /private/var/folders/89/bwjml4px7bd8_gc4y493myh80000gn/T/FSTCapacityImageQA-09E7C6B9-2E95-4DB5-8328-4AEF097D3946/mount: Error Domain=CacheDeleteErrorDomain Code=10 "(null)" UserInfo={Invalid volume=/private/var/folders/89/bwjml4px7bd8_gc4y493myh80000gn/T/FSTCapacityImageQA-09E7C6B9-2E95-4DB5-8328-4AEF097D3946/mount}
2026-10-02 16:28:18.547096+0700 xctest[63167:85506372] [client] Not Valid
2026-10-02 16:28:18.547130+0700 xctest[63167:85506372] [client] CacheDeleteCopyAvailableSpaceForVolume failed for volume /private/var/folders/89/bwjml4px7bd8_gc4y493myh80000gn/T/FSTCapacityImageQA-09E7C6B9-2E95-4DB5-8328-4AEF097D3946/mount: Error Domain=CacheDeleteErrorDomain Code=10 "(null)" UserInfo={Invalid volume=/private/var/folders/89/bwjml4px7bd8_gc4y493myh80000gn/T/FSTCapacityImageQA-09E7C6B9-2E95-4DB5-8328-4AEF097D3946/mount}
2026-10-02 16:28:18.548934+0700 xctest[63167:85506372] [client] Not Valid
2026-10-02 16:28:18.548962+0700 xctest[63167:85506372] [client] CacheDeleteCopyAvailableSpaceForVolume failed for volume /private/var/folders/89/bwjml4px7bd8_gc4y493myh80000gn/T/FSTCapacityImageQA-09E7C6B9-2E95-4DB5-8328-4AEF097D3946/mount: Error Domain=CacheDeleteErrorDomain Code=10 "(null)" UserInfo={Invalid volume=/private/var/folders/89/bwjml4px7bd8_gc4y493myh80000gn/T/FSTCapacityImageQA-09E7C6B9-2E95-4DB5-8328-4AEF097D3946/mount}
2026-10-02 16:28:18.550295+0700 xctest[63167:85506372] [client] Not Valid
2026-10-02 16:28:18.550310+0700 xctest[63167:85506372] [client] CacheDeleteCopyAvailableSpaceForVolume failed for volume /private/var/folders/89/bwjml4px7bd8_gc4y493myh80000gn/T/FSTCapacityImageQA-09E7C6B9-2E95-4DB5-8328-4AEF097D3946/mount: Error Domain=CacheDeleteErrorDomain Code=10 "(null)" UserInfo={Invalid volume=/private/var/folders/89/bwjml4px7bd8_gc4y493myh80000gn/T/FSTCapacityImageQA-09E7C6B9-2E95-4DB5-8328-4AEF097D3946/mount}
2026-10-02 16:28:18.551988+0700 xctest[63167:85506372] [client] Not Valid
2026-10-02 16:28:18.552001+0700 xctest[63167:85506372] [client] CacheDeleteCopyAvailableSpaceForVolume failed for volume /private/var/folders/89/bwjml4px7bd8_gc4y493myh80000gn/T/FSTCapacityImageQA-09E7C6B9-2E95-4DB5-8328-4AEF097D3946/mount: Error Domain=CacheDeleteErrorDomain Code=10 "(null)" UserInfo={Invalid volume=/private/var/folders/89/bwjml4px7bd8_gc4y493myh80000gn/T/FSTCapacityImageQA-09E7C6B9-2E95-4DB5-8328-4AEF097D3946/mount}
2026-10-02 16:28:18.553493+0700 xctest[63167:85506372] [client] Not Valid
2026-10-02 16:28:18.553504+0700 xctest[63167:85506372] [client] CacheDeleteCopyAvailableSpaceForVolume failed for volume /private/var/folders/89/bwjml4px7bd8_gc4y493myh80000gn/T/FSTCapacityImageQA-09E7C6B9-2E95-4DB5-8328-4AEF097D3946/mount: Error Domain=CacheDeleteErrorDomain Code=10 "(null)" UserInfo={Invalid volume=/private/var/folders/89/bwjml4px7bd8_gc4y493myh80000gn/T/FSTCapacityImageQA-09E7C6B9-2E95-4DB5-8328-4AEF097D3946/mount}
2026-10-02 16:28:18.554791+0700 xctest[63167:85506372] [client] Not Valid
2026-10-02 16:28:18.554818+0700 xctest[63167:85506372] [client] CacheDeleteCopyAvailableSpaceForVolume failed for volume /private/var/folders/89/bwjml4px7bd8_gc4y493myh80000gn/T/FSTCapacityImageQA-09E7C6B9-2E95-4DB5-8328-4AEF097D3946/mount: Error Domain=CacheDeleteErrorDomain Code=10 "(null)" UserInfo={Invalid volume=/private/var/folders/89/bwjml4px7bd8_gc4y493myh80000gn/T/FSTCapacityImageQA-09E7C6B9-2E95-4DB5-8328-4AEF097D3946/mount}
2026-10-02 16:28:18.556994+0700 xctest[63167:85506372] [client] Not Valid
2026-10-02 16:28:18.557014+0700 xctest[63167:85506372] [client] CacheDeleteCopyAvailableSpaceForVolume failed for volume /private/var/folders/89/bwjml4px7bd8_gc4y493myh80000gn/T/FSTCapacityImageQA-09E7C6B9-2E95-4DB5-8328-4AEF097D3946/mount: Error Domain=CacheDeleteErrorDomain Code=10 "(null)" UserInfo={Invalid volume=/private/var/folders/89/bwjml4px7bd8_gc4y493myh80000gn/T/FSTCapacityImageQA-09E7C6B9-2E95-4DB5-8328-4AEF097D3946/mount}
2026-10-02 16:28:18.558289+0700 xctest[63167:85506372] [client] Not Valid
2026-10-02 16:28:18.558301+0700 xctest[63167:85506372] [client] CacheDeleteCopyAvailableSpaceForVolume failed for volume /private/var/folders/89/bwjml4px7bd8_gc4y493myh80000gn/T/FSTCapacityImageQA-09E7C6B9-2E95-4DB5-8328-4AEF097D3946/mount: Error Domain=CacheDeleteErrorDomain Code=10 "(null)" UserInfo={Invalid volume=/private/var/folders/89/bwjml4px7bd8_gc4y493myh80000gn/T/FSTCapacityImageQA-09E7C6B9-2E95-4DB5-8328-4AEF097D3946/mount}
2026-10-02 16:28:18.559565+0700 xctest[63167:85506372] [client] Not Valid
2026-10-02 16:28:18.559576+0700 xctest[63167:85506372] [client] CacheDeleteCopyAvailableSpaceForVolume failed for volume /private/var/folders/89/bwjml4px7bd8_gc4y493myh80000gn/T/FSTCapacityImageQA-09E7C6B9-2E95-4DB5-8328-4AEF097D3946/mount: Error Domain=CacheDeleteErrorDomain Code=10 "(null)" UserInfo={Invalid volume=/private/var/folders/89/bwjml4px7bd8_gc4y493myh80000gn/T/FSTCapacityImageQA-09E7C6B9-2E95-4DB5-8328-4AEF097D3946/mount}
2026-10-02 16:28:18.560909+0700 xctest[63167:85506372] [client] Not Valid
2026-10-02 16:28:18.560919+0700 xctest[63167:85506372] [client] CacheDeleteCopyAvailableSpaceForVolume failed for volume /private/var/folders/89/bwjml4px7bd8_gc4y493myh80000gn/T/FSTCapacityImageQA-09E7C6B9-2E95-4DB5-8328-4AEF097D3946/mount: Error Domain=CacheDeleteErrorDomain Code=10 "(null)" UserInfo={Invalid volume=/private/var/folders/89/bwjml4px7bd8_gc4y493myh80000gn/T/FSTCapacityImageQA-09E7C6B9-2E95-4DB5-8328-4AEF097D3946/mount}
2026-10-02 16:28:18.562305+0700 xctest[63167:85506372] [client] Not Valid
2026-10-02 16:28:18.562315+0700 xctest[63167:85506372] [client] CacheDeleteCopyAvailableSpaceForVolume failed for volume /private/var/folders/89/bwjml4px7bd8_gc4y493myh80000gn/T/FSTCapacityImageQA-09E7C6B9-2E95-4DB5-8328-4AEF097D3946/mount: Error Domain=CacheDeleteErrorDomain Code=10 "(null)" UserInfo={Invalid volume=/private/var/folders/89/bwjml4px7bd8_gc4y493myh80000gn/T/FSTCapacityImageQA-09E7C6B9-2E95-4DB5-8328-4AEF097D3946/mount}
2026-10-02 16:28:18.564205+0700 xctest[63167:85506372] [client] Not Valid
2026-10-02 16:28:18.564232+0700 xctest[63167:85506372] [client] CacheDeleteCopyAvailableSpaceForVolume failed for volume /private/var/folders/89/bwjml4px7bd8_gc4y493myh80000gn/T/FSTCapacityImageQA-09E7C6B9-2E95-4DB5-8328-4AEF097D3946/mount: Error Domain=CacheDeleteErrorDomain Code=10 "(null)" UserInfo={Invalid volume=/private/var/folders/89/bwjml4px7bd8_gc4y493myh80000gn/T/FSTCapacityImageQA-09E7C6B9-2E95-4DB5-8328-4AEF097D3946/mount}
2026-10-02 16:28:18.569813+0700 xctest[63167:85506372] [client] Not Valid
2026-10-02 16:28:18.569833+0700 xctest[63167:85506372] [client] CacheDeleteCopyAvailableSpaceForVolume failed for volume /private/var/folders/89/bwjml4px7bd8_gc4y493myh80000gn/T/FSTCapacityImageQA-09E7C6B9-2E95-4DB5-8328-4AEF097D3946/mount: Error Domain=CacheDeleteErrorDomain Code=10 "(null)" UserInfo={Invalid volume=/private/var/folders/89/bwjml4px7bd8_gc4y493myh80000gn/T/FSTCapacityImageQA-09E7C6B9-2E95-4DB5-8328-4AEF097D3946/mount}
2026-10-02 16:28:18.570649+0700 xctest[63167:85506372] [client] Not Valid
2026-10-02 16:28:18.570661+0700 xctest[63167:85506372] [client] CacheDeleteCopyAvailableSpaceForVolume failed for volume /private/var/folders/89/bwjml4px7bd8_gc4y493myh80000gn/T/FSTCapacityImageQA-09E7C6B9-2E95-4DB5-8328-4AEF097D3946/mount: Error Domain=CacheDeleteErrorDomain Code=10 "(null)" UserInfo={Invalid volume=/private/var/folders/89/bwjml4px7bd8_gc4y493myh80000gn/T/FSTCapacityImageQA-09E7C6B9-2E95-4DB5-8328-4AEF097D3946/mount}
2026-10-02 16:28:18.571508+0700 xctest[63167:85506372] [client] Not Valid
2026-10-02 16:28:18.571528+0700 xctest[63167:85506372] [client] CacheDeleteCopyAvailableSpaceForVolume failed for volume /private/var/folders/89/bwjml4px7bd8_gc4y493myh80000gn/T/FSTCapacityImageQA-09E7C6B9-2E95-4DB5-8328-4AEF097D3946/mount: Error Domain=CacheDeleteErrorDomain Code=10 "(null)" UserInfo={Invalid volume=/private/var/folders/89/bwjml4px7bd8_gc4y493myh80000gn/T/FSTCapacityImageQA-09E7C6B9-2E95-4DB5-8328-4AEF097D3946/mount}
2026-10-02 16:28:18.572683+0700 xctest[63167:85506372] [client] Not Valid
2026-10-02 16:28:18.572714+0700 xctest[63167:85506372] [client] CacheDeleteCopyAvailableSpaceForVolume failed for volume /private/var/folders/89/bwjml4px7bd8_gc4y493myh80000gn/T/FSTCapacityImageQA-09E7C6B9-2E95-4DB5-8328-4AEF097D3946/mount: Error Domain=CacheDeleteErrorDomain Code=10 "(null)" UserInfo={Invalid volume=/private/var/folders/89/bwjml4px7bd8_gc4y493myh80000gn/T/FSTCapacityImageQA-09E7C6B9-2E95-4DB5-8328-4AEF097D3946/mount}
2026-10-02 16:28:18.573768+0700 xctest[63167:85506372] [client] Not Valid
2026-10-02 16:28:18.573792+0700 xctest[63167:85506372] [client] CacheDeleteCopyAvailableSpaceForVolume failed for volume /private/var/folders/89/bwjml4px7bd8_gc4y493myh80000gn/T/FSTCapacityImageQA-09E7C6B9-2E95-4DB5-8328-4AEF097D3946/mount: Error Domain=CacheDeleteErrorDomain Code=10 "(null)" UserInfo={Invalid volume=/private/var/folders/89/bwjml4px7bd8_gc4y493myh80000gn/T/FSTCapacityImageQA-09E7C6B9-2E95-4DB5-8328-4AEF097D3946/mount}
2026-10-02 16:28:18.574698+0700 xctest[63167:85506372] [client] Not Valid
2026-10-02 16:28:18.574723+0700 xctest[63167:85506372] [client] CacheDeleteCopyAvailableSpaceForVolume failed for volume /private/var/folders/89/bwjml4px7bd8_gc4y493myh80000gn/T/FSTCapacityImageQA-09E7C6B9-2E95-4DB5-8328-4AEF097D3946/mount: Error Domain=CacheDeleteErrorDomain Code=10 "(null)" UserInfo={Invalid volume=/private/var/folders/89/bwjml4px7bd8_gc4y493myh80000gn/T/FSTCapacityImageQA-09E7C6B9-2E95-4DB5-8328-4AEF097D3946/mount}
2026-10-02 16:28:18.575871+0700 xctest[63167:85506372] [client] Not Valid
2026-10-02 16:28:18.575893+0700 xctest[63167:85506372] [client] CacheDeleteCopyAvailableSpaceForVolume failed for volume /private/var/folders/89/bwjml4px7bd8_gc4y493myh80000gn/T/FSTCapacityImageQA-09E7C6B9-2E95-4DB5-8328-4AEF097D3946/mount: Error Domain=CacheDeleteErrorDomain Code=10 "(null)" UserInfo={Invalid volume=/private/var/folders/89/bwjml4px7bd8_gc4y493myh80000gn/T/FSTCapacityImageQA-09E7C6B9-2E95-4DB5-8328-4AEF097D3946/mount}
2026-10-02 16:28:18.576828+0700 xctest[63167:85506372] [client] Not Valid
2026-10-02 16:28:18.576850+0700 xctest[63167:85506372] [client] CacheDeleteCopyAvailableSpaceForVolume failed for volume /private/var/folders/89/bwjml4px7bd8_gc4y493myh80000gn/T/FSTCapacityImageQA-09E7C6B9-2E95-4DB5-8328-4AEF097D3946/mount: Error Domain=CacheDeleteErrorDomain Code=10 "(null)" UserInfo={Invalid volume=/private/var/folders/89/bwjml4px7bd8_gc4y493myh80000gn/T/FSTCapacityImageQA-09E7C6B9-2E95-4DB5-8328-4AEF097D3946/mount}
2026-10-02 16:28:18.577714+0700 xctest[63167:85506372] [client] Not Valid
2026-10-02 16:28:18.577733+0700 xctest[63167:85506372] [client] CacheDeleteCopyAvailableSpaceForVolume failed for volume /private/var/folders/89/bwjml4px7bd8_gc4y493myh80000gn/T/FSTCapacityImageQA-09E7C6B9-2E95-4DB5-8328-4AEF097D3946/mount: Error Domain=CacheDeleteErrorDomain Code=10 "(null)" UserInfo={Invalid volume=/private/var/folders/89/bwjml4px7bd8_gc4y493myh80000gn/T/FSTCapacityImageQA-09E7C6B9-2E95-4DB5-8328-4AEF097D3946/mount}
2026-10-02 16:28:18.578626+0700 xctest[63167:85506372] [client] Not Valid
2026-10-02 16:28:18.578652+0700 xctest[63167:85506372] [client] CacheDeleteCopyAvailableSpaceForVolume failed for volume /private/var/folders/89/bwjml4px7bd8_gc4y493myh80000gn/T/FSTCapacityImageQA-09E7C6B9-2E95-4DB5-8328-4AEF097D3946/mount: Error Domain=CacheDeleteErrorDomain Code=10 "(null)" UserInfo={Invalid volume=/private/var/folders/89/bwjml4px7bd8_gc4y493myh80000gn/T/FSTCapacityImageQA-09E7C6B9-2E95-4DB5-8328-4AEF097D3946/mount}
2026-10-02 16:28:18.579617+0700 xctest[63167:85506372] [client] Not Valid
2026-10-02 16:28:18.579638+0700 xctest[63167:85506372] [client] CacheDeleteCopyAvailableSpaceForVolume failed for volume /private/var/folders/89/bwjml4px7bd8_gc4y493myh80000gn/T/FSTCapacityImageQA-09E7C6B9-2E95-4DB5-8328-4AEF097D3946/mount: Error Domain=CacheDeleteErrorDomain Code=10 "(null)" UserInfo={Invalid volume=/private/var/folders/89/bwjml4px7bd8_gc4y493myh80000gn/T/FSTCapacityImageQA-09E7C6B9-2E95-4DB5-8328-4AEF097D3946/mount}
2026-10-02 16:28:18.580612+0700 xctest[63167:85506372] [client] Not Valid
2026-10-02 16:28:18.580633+0700 xctest[63167:85506372] [client] CacheDeleteCopyAvailableSpaceForVolume failed for volume /private/var/folders/89/bwjml4px7bd8_gc4y493myh80000gn/T/FSTCapacityImageQA-09E7C6B9-2E95-4DB5-8328-4AEF097D3946/mount: Error Domain=CacheDeleteErrorDomain Code=10 "(null)" UserInfo={Invalid volume=/private/var/folders/89/bwjml4px7bd8_gc4y493myh80000gn/T/FSTCapacityImageQA-09E7C6B9-2E95-4DB5-8328-4AEF097D3946/mount}
2026-10-02 16:28:18.581667+0700 xctest[63167:85506372] [client] Not Valid
2026-10-02 16:28:18.581693+0700 xctest[63167:85506372] [client] CacheDeleteCopyAvailableSpaceForVolume failed for volume /private/var/folders/89/bwjml4px7bd8_gc4y493myh80000gn/T/FSTCapacityImageQA-09E7C6B9-2E95-4DB5-8328-4AEF097D3946/mount: Error Domain=CacheDeleteErrorDomain Code=10 "(null)" UserInfo={Invalid volume=/private/var/folders/89/bwjml4px7bd8_gc4y493myh80000gn/T/FSTCapacityImageQA-09E7C6B9-2E95-4DB5-8328-4AEF097D3946/mount}
2026-10-02 16:28:18.582852+0700 xctest[63167:85506372] [client] Not Valid
2026-10-02 16:28:18.582881+0700 xctest[63167:85506372] [client] CacheDeleteCopyAvailableSpaceForVolume failed for volume /private/var/folders/89/bwjml4px7bd8_gc4y493myh80000gn/T/FSTCapacityImageQA-09E7C6B9-2E95-4DB5-8328-4AEF097D3946/mount: Error Domain=CacheDeleteErrorDomain Code=10 "(null)" UserInfo={Invalid volume=/private/var/folders/89/bwjml4px7bd8_gc4y493myh80000gn/T/FSTCapacityImageQA-09E7C6B9-2E95-4DB5-8328-4AEF097D3946/mount}
2026-10-02 16:28:18.583844+0700 xctest[63167:85506372] [client] Not Valid
2026-10-02 16:28:18.583868+0700 xctest[63167:85506372] [client] CacheDeleteCopyAvailableSpaceForVolume failed for volume /private/var/folders/89/bwjml4px7bd8_gc4y493myh80000gn/T/FSTCapacityImageQA-09E7C6B9-2E95-4DB5-8328-4AEF097D3946/mount: Error Domain=CacheDeleteErrorDomain Code=10 "(null)" UserInfo={Invalid volume=/private/var/folders/89/bwjml4px7bd8_gc4y493myh80000gn/T/FSTCapacityImageQA-09E7C6B9-2E95-4DB5-8328-4AEF097D3946/mount}
2026-10-02 16:28:18.584867+0700 xctest[63167:85506372] [client] Not Valid
2026-10-02 16:28:18.584891+0700 xctest[63167:85506372] [client] CacheDeleteCopyAvailableSpaceForVolume failed for volume /private/var/folders/89/bwjml4px7bd8_gc4y493myh80000gn/T/FSTCapacityImageQA-09E7C6B9-2E95-4DB5-8328-4AEF097D3946/mount: Error Domain=CacheDeleteErrorDomain Code=10 "(null)" UserInfo={Invalid volume=/private/var/folders/89/bwjml4px7bd8_gc4y493myh80000gn/T/FSTCapacityImageQA-09E7C6B9-2E95-4DB5-8328-4AEF097D3946/mount}
2026-10-02 16:28:18.586100+0700 xctest[63167:85506372] [client] Not Valid
2026-10-02 16:28:18.586130+0700 xctest[63167:85506372] [client] CacheDeleteCopyAvailableSpaceForVolume failed for volume /private/var/folders/89/bwjml4px7bd8_gc4y493myh80000gn/T/FSTCapacityImageQA-09E7C6B9-2E95-4DB5-8328-4AEF097D3946/mount: Error Domain=CacheDeleteErrorDomain Code=10 "(null)" UserInfo={Invalid volume=/private/var/folders/89/bwjml4px7bd8_gc4y493myh80000gn/T/FSTCapacityImageQA-09E7C6B9-2E95-4DB5-8328-4AEF097D3946/mount}
2026-10-02 16:28:18.587492+0700 xctest[63167:85506372] [client] Not Valid
2026-10-02 16:28:18.587554+0700 xctest[63167:85506372] [client] CacheDeleteCopyAvailableSpaceForVolume failed for volume /private/var/folders/89/bwjml4px7bd8_gc4y493myh80000gn/T/FSTCapacityImageQA-09E7C6B9-2E95-4DB5-8328-4AEF097D3946/mount: Error Domain=CacheDeleteErrorDomain Code=10 "(null)" UserInfo={Invalid volume=/private/var/folders/89/bwjml4px7bd8_gc4y493myh80000gn/T/FSTCapacityImageQA-09E7C6B9-2E95-4DB5-8328-4AEF097D3946/mount}
2026-10-02 16:28:18.589222+0700 xctest[63167:85506372] [client] Not Valid
2026-10-02 16:28:18.589250+0700 xctest[63167:85506372] [client] CacheDeleteCopyAvailableSpaceForVolume failed for volume /private/var/folders/89/bwjml4px7bd8_gc4y493myh80000gn/T/FSTCapacityImageQA-09E7C6B9-2E95-4DB5-8328-4AEF097D3946/mount: Error Domain=CacheDeleteErrorDomain Code=10 "(null)" UserInfo={Invalid volume=/private/var/folders/89/bwjml4px7bd8_gc4y493myh80000gn/T/FSTCapacityImageQA-09E7C6B9-2E95-4DB5-8328-4AEF097D3946/mount}
2026-10-02 16:28:18.590164+0700 xctest[63167:85506372] [client] Not Valid
2026-10-02 16:28:18.590179+0700 xctest[63167:85506372] [client] CacheDeleteCopyAvailableSpaceForVolume failed for volume /private/var/folders/89/bwjml4px7bd8_gc4y493myh80000gn/T/FSTCapacityImageQA-09E7C6B9-2E95-4DB5-8328-4AEF097D3946/mount: Error Domain=CacheDeleteErrorDomain Code=10 "(null)" UserInfo={Invalid volume=/private/var/folders/89/bwjml4px7bd8_gc4y493myh80000gn/T/FSTCapacityImageQA-09E7C6B9-2E95-4DB5-8328-4AEF097D3946/mount}
2026-10-02 16:28:18.590897+0700 xctest[63167:85506372] [client] Not Valid
2026-10-02 16:28:18.590909+0700 xctest[63167:85506372] [client] CacheDeleteCopyAvailableSpaceForVolume failed for volume /private/var/folders/89/bwjml4px7bd8_gc4y493myh80000gn/T/FSTCapacityImageQA-09E7C6B9-2E95-4DB5-8328-4AEF097D3946/mount: Error Domain=CacheDeleteErrorDomain Code=10 "(null)" UserInfo={Invalid volume=/private/var/folders/89/bwjml4px7bd8_gc4y493myh80000gn/T/FSTCapacityImageQA-09E7C6B9-2E95-4DB5-8328-4AEF097D3946/mount}
2026-10-02 16:28:18.591715+0700 xctest[63167:85506372] [client] Not Valid
2026-10-02 16:28:18.591737+0700 xctest[63167:85506372] [client] CacheDeleteCopyAvailableSpaceForVolume failed for volume /private/var/folders/89/bwjml4px7bd8_gc4y493myh80000gn/T/FSTCapacityImageQA-09E7C6B9-2E95-4DB5-8328-4AEF097D3946/mount: Error Domain=CacheDeleteErrorDomain Code=10 "(null)" UserInfo={Invalid volume=/private/var/folders/89/bwjml4px7bd8_gc4y493myh80000gn/T/FSTCapacityImageQA-09E7C6B9-2E95-4DB5-8328-4AEF097D3946/mount}
2026-10-02 16:28:18.592780+0700 xctest[63167:85506372] [client] Not Valid
2026-10-02 16:28:18.592800+0700 xctest[63167:85506372] [client] CacheDeleteCopyAvailableSpaceForVolume failed for volume /private/var/folders/89/bwjml4px7bd8_gc4y493myh80000gn/T/FSTCapacityImageQA-09E7C6B9-2E95-4DB5-8328-4AEF097D3946/mount: Error Domain=CacheDeleteErrorDomain Code=10 "(null)" UserInfo={Invalid volume=/private/var/folders/89/bwjml4px7bd8_gc4y493myh80000gn/T/FSTCapacityImageQA-09E7C6B9-2E95-4DB5-8328-4AEF097D3946/mount}
2026-10-02 16:28:18.594439+0700 xctest[63167:85506372] [client] Not Valid
2026-10-02 16:28:18.594466+0700 xctest[63167:85506372] [client] CacheDeleteCopyAvailableSpaceForVolume failed for volume /private/var/folders/89/bwjml4px7bd8_gc4y493myh80000gn/T/FSTCapacityImageQA-09E7C6B9-2E95-4DB5-8328-4AEF097D3946/mount: Error Domain=CacheDeleteErrorDomain Code=10 "(null)" UserInfo={Invalid volume=/private/var/folders/89/bwjml4px7bd8_gc4y493myh80000gn/T/FSTCapacityImageQA-09E7C6B9-2E95-4DB5-8328-4AEF097D3946/mount}
2026-10-02 16:28:18.597175+0700 xctest[63167:85506372] [client] Not Valid
2026-10-02 16:28:18.597218+0700 xctest[63167:85506372] [client] CacheDeleteCopyAvailableSpaceForVolume failed for volume /private/var/folders/89/bwjml4px7bd8_gc4y493myh80000gn/T/FSTCapacityImageQA-09E7C6B9-2E95-4DB5-8328-4AEF097D3946/mount: Error Domain=CacheDeleteErrorDomain Code=10 "(null)" UserInfo={Invalid volume=/private/var/folders/89/bwjml4px7bd8_gc4y493myh80000gn/T/FSTCapacityImageQA-09E7C6B9-2E95-4DB5-8328-4AEF097D3946/mount}
2026-10-02 16:28:18.599498+0700 xctest[63167:85506372] [client] Not Valid
2026-10-02 16:28:18.599527+0700 xctest[63167:85506372] [client] CacheDeleteCopyAvailableSpaceForVolume failed for volume /private/var/folders/89/bwjml4px7bd8_gc4y493myh80000gn/T/FSTCapacityImageQA-09E7C6B9-2E95-4DB5-8328-4AEF097D3946/mount: Error Domain=CacheDeleteErrorDomain Code=10 "(null)" UserInfo={Invalid volume=/private/var/folders/89/bwjml4px7bd8_gc4y493myh80000gn/T/FSTCapacityImageQA-09E7C6B9-2E95-4DB5-8328-4AEF097D3946/mount}
2026-10-02 16:28:18.601053+0700 xctest[63167:85506372] [client] Not Valid
2026-10-02 16:28:18.601073+0700 xctest[63167:85506372] [client] CacheDeleteCopyAvailableSpaceForVolume failed for volume /private/var/folders/89/bwjml4px7bd8_gc4y493myh80000gn/T/FSTCapacityImageQA-09E7C6B9-2E95-4DB5-8328-4AEF097D3946/mount: Error Domain=CacheDeleteErrorDomain Code=10 "(null)" UserInfo={Invalid volume=/private/var/folders/89/bwjml4px7bd8_gc4y493myh80000gn/T/FSTCapacityImageQA-09E7C6B9-2E95-4DB5-8328-4AEF097D3946/mount}
2026-10-02 16:28:18.602561+0700 xctest[63167:85506372] [client] Not Valid
2026-10-02 16:28:18.602585+0700 xctest[63167:85506372] [client] CacheDeleteCopyAvailableSpaceForVolume failed for volume /private/var/folders/89/bwjml4px7bd8_gc4y493myh80000gn/T/FSTCapacityImageQA-09E7C6B9-2E95-4DB5-8328-4AEF097D3946/mount: Error Domain=CacheDeleteErrorDomain Code=10 "(null)" UserInfo={Invalid volume=/private/var/folders/89/bwjml4px7bd8_gc4y493myh80000gn/T/FSTCapacityImageQA-09E7C6B9-2E95-4DB5-8328-4AEF097D3946/mount}
2026-10-02 16:28:18.603924+0700 xctest[63167:85506372] [client] Not Valid
2026-10-02 16:28:18.603941+0700 xctest[63167:85506372] [client] CacheDeleteCopyAvailableSpaceForVolume failed for volume /private/var/folders/89/bwjml4px7bd8_gc4y493myh80000gn/T/FSTCapacityImageQA-09E7C6B9-2E95-4DB5-8328-4AEF097D3946/mount: Error Domain=CacheDeleteErrorDomain Code=10 "(null)" UserInfo={Invalid volume=/private/var/folders/89/bwjml4px7bd8_gc4y493myh80000gn/T/FSTCapacityImageQA-09E7C6B9-2E95-4DB5-8328-4AEF097D3946/mount}
2026-10-02 16:28:18.605328+0700 xctest[63167:85506372] [client] Not Valid
2026-10-02 16:28:18.605342+0700 xctest[63167:85506372] [client] CacheDeleteCopyAvailableSpaceForVolume failed for volume /private/var/folders/89/bwjml4px7bd8_gc4y493myh80000gn/T/FSTCapacityImageQA-09E7C6B9-2E95-4DB5-8328-4AEF097D3946/mount: Error Domain=CacheDeleteErrorDomain Code=10 "(null)" UserInfo={Invalid volume=/private/var/folders/89/bwjml4px7bd8_gc4y493myh80000gn/T/FSTCapacityImageQA-09E7C6B9-2E95-4DB5-8328-4AEF097D3946/mount}
2026-10-02 16:28:18.610993+0700 xctest[63167:85506372] [client] Not Valid
2026-10-02 16:28:18.611033+0700 xctest[63167:85506372] [client] CacheDeleteCopyAvailableSpaceForVolume failed for volume /private/var/folders/89/bwjml4px7bd8_gc4y493myh80000gn/T/FSTCapacityImageQA-09E7C6B9-2E95-4DB5-8328-4AEF097D3946/mount: Error Domain=CacheDeleteErrorDomain Code=10 "(null)" UserInfo={Invalid volume=/private/var/folders/89/bwjml4px7bd8_gc4y493myh80000gn/T/FSTCapacityImageQA-09E7C6B9-2E95-4DB5-8328-4AEF097D3946/mount}
2026-10-02 16:28:18.612890+0700 xctest[63167:85506372] [client] Not Valid
2026-10-02 16:28:18.612913+0700 xctest[63167:85506372] [client] CacheDeleteCopyAvailableSpaceForVolume failed for volume /private/var/folders/89/bwjml4px7bd8_gc4y493myh80000gn/T/FSTCapacityImageQA-09E7C6B9-2E95-4DB5-8328-4AEF097D3946/mount: Error Domain=CacheDeleteErrorDomain Code=10 "(null)" UserInfo={Invalid volume=/private/var/folders/89/bwjml4px7bd8_gc4y493myh80000gn/T/FSTCapacityImageQA-09E7C6B9-2E95-4DB5-8328-4AEF097D3946/mount}
2026-10-02 16:28:18.614191+0700 xctest[63167:85506372] [client] Not Valid
2026-10-02 16:28:18.614217+0700 xctest[63167:85506372] [client] CacheDeleteCopyAvailableSpaceForVolume failed for volume /private/var/folders/89/bwjml4px7bd8_gc4y493myh80000gn/T/FSTCapacityImageQA-09E7C6B9-2E95-4DB5-8328-4AEF097D3946/mount: Error Domain=CacheDeleteErrorDomain Code=10 "(null)" UserInfo={Invalid volume=/private/var/folders/89/bwjml4px7bd8_gc4y493myh80000gn/T/FSTCapacityImageQA-09E7C6B9-2E95-4DB5-8328-4AEF097D3946/mount}
2026-10-02 16:28:18.615426+0700 xctest[63167:85506372] [client] Not Valid
2026-10-02 16:28:18.615442+0700 xctest[63167:85506372] [client] CacheDeleteCopyAvailableSpaceForVolume failed for volume /private/var/folders/89/bwjml4px7bd8_gc4y493myh80000gn/T/FSTCapacityImageQA-09E7C6B9-2E95-4DB5-8328-4AEF097D3946/mount: Error Domain=CacheDeleteErrorDomain Code=10 "(null)" UserInfo={Invalid volume=/private/var/folders/89/bwjml4px7bd8_gc4y493myh80000gn/T/FSTCapacityImageQA-09E7C6B9-2E95-4DB5-8328-4AEF097D3946/mount}
2026-10-02 16:28:18.616786+0700 xctest[63167:85506372] [client] Not Valid
2026-10-02 16:28:18.616811+0700 xctest[63167:85506372] [client] CacheDeleteCopyAvailableSpaceForVolume failed for volume /private/var/folders/89/bwjml4px7bd8_gc4y493myh80000gn/T/FSTCapacityImageQA-09E7C6B9-2E95-4DB5-8328-4AEF097D3946/mount: Error Domain=CacheDeleteErrorDomain Code=10 "(null)" UserInfo={Invalid volume=/private/var/folders/89/bwjml4px7bd8_gc4y493myh80000gn/T/FSTCapacityImageQA-09E7C6B9-2E95-4DB5-8328-4AEF097D3946/mount}
2026-10-02 16:28:18.618582+0700 xctest[63167:85506372] [client] Not Valid
2026-10-02 16:28:18.618611+0700 xctest[63167:85506372] [client] CacheDeleteCopyAvailableSpaceForVolume failed for volume /private/var/folders/89/bwjml4px7bd8_gc4y493myh80000gn/T/FSTCapacityImageQA-09E7C6B9-2E95-4DB5-8328-4AEF097D3946/mount: Error Domain=CacheDeleteErrorDomain Code=10 "(null)" UserInfo={Invalid volume=/private/var/folders/89/bwjml4px7bd8_gc4y493myh80000gn/T/FSTCapacityImageQA-09E7C6B9-2E95-4DB5-8328-4AEF097D3946/mount}
2026-10-02 16:28:18.620727+0700 xctest[63167:85506372] [client] Not Valid
2026-10-02 16:28:18.620760+0700 xctest[63167:85506372] [client] CacheDeleteCopyAvailableSpaceForVolume failed for volume /private/var/folders/89/bwjml4px7bd8_gc4y493myh80000gn/T/FSTCapacityImageQA-09E7C6B9-2E95-4DB5-8328-4AEF097D3946/mount: Error Domain=CacheDeleteErrorDomain Code=10 "(null)" UserInfo={Invalid volume=/private/var/folders/89/bwjml4px7bd8_gc4y493myh80000gn/T/FSTCapacityImageQA-09E7C6B9-2E95-4DB5-8328-4AEF097D3946/mount}
2026-10-02 16:28:18.623644+0700 xctest[63167:85506372] [client] Not Valid
2026-10-02 16:28:18.623675+0700 xctest[63167:85506372] [client] CacheDeleteCopyAvailableSpaceForVolume failed for volume /private/var/folders/89/bwjml4px7bd8_gc4y493myh80000gn/T/FSTCapacityImageQA-09E7C6B9-2E95-4DB5-8328-4AEF097D3946/mount: Error Domain=CacheDeleteErrorDomain Code=10 "(null)" UserInfo={Invalid volume=/private/var/folders/89/bwjml4px7bd8_gc4y493myh80000gn/T/FSTCapacityImageQA-09E7C6B9-2E95-4DB5-8328-4AEF097D3946/mount}
2026-10-02 16:28:18.625806+0700 xctest[63167:85506372] [client] Not Valid
2026-10-02 16:28:18.625827+0700 xctest[63167:85506372] [client] CacheDeleteCopyAvailableSpaceForVolume failed for volume /private/var/folders/89/bwjml4px7bd8_gc4y493myh80000gn/T/FSTCapacityImageQA-09E7C6B9-2E95-4DB5-8328-4AEF097D3946/mount: Error Domain=CacheDeleteErrorDomain Code=10 "(null)" UserInfo={Invalid volume=/private/var/folders/89/bwjml4px7bd8_gc4y493myh80000gn/T/FSTCapacityImageQA-09E7C6B9-2E95-4DB5-8328-4AEF097D3946/mount}
2026-10-02 16:28:18.628214+0700 xctest[63167:85506372] [client] Not Valid
2026-10-02 16:28:18.628229+0700 xctest[63167:85506372] [client] CacheDeleteCopyAvailableSpaceForVolume failed for volume /private/var/folders/89/bwjml4px7bd8_gc4y493myh80000gn/T/FSTCapacityImageQA-09E7C6B9-2E95-4DB5-8328-4AEF097D3946/mount: Error Domain=CacheDeleteErrorDomain Code=10 "(null)" UserInfo={Invalid volume=/private/var/folders/89/bwjml4px7bd8_gc4y493myh80000gn/T/FSTCapacityImageQA-09E7C6B9-2E95-4DB5-8328-4AEF097D3946/mount}
2026-10-02 16:28:18.629492+0700 xctest[63167:85506372] [client] Not Valid
2026-10-02 16:28:18.629505+0700 xctest[63167:85506372] [client] CacheDeleteCopyAvailableSpaceForVolume failed for volume /private/var/folders/89/bwjml4px7bd8_gc4y493myh80000gn/T/FSTCapacityImageQA-09E7C6B9-2E95-4DB5-8328-4AEF097D3946/mount: Error Domain=CacheDeleteErrorDomain Code=10 "(null)" UserInfo={Invalid volume=/private/var/folders/89/bwjml4px7bd8_gc4y493myh80000gn/T/FSTCapacityImageQA-09E7C6B9-2E95-4DB5-8328-4AEF097D3946/mount}
2026-10-02 16:28:18.631555+0700 xctest[63167:85506372] [client] Not Valid
2026-10-02 16:28:18.631591+0700 xctest[63167:85506372] [client] CacheDeleteCopyAvailableSpaceForVolume failed for volume /private/var/folders/89/bwjml4px7bd8_gc4y493myh80000gn/T/FSTCapacityImageQA-09E7C6B9-2E95-4DB5-8328-4AEF097D3946/mount: Error Domain=CacheDeleteErrorDomain Code=10 "(null)" UserInfo={Invalid volume=/private/var/folders/89/bwjml4px7bd8_gc4y493myh80000gn/T/FSTCapacityImageQA-09E7C6B9-2E95-4DB5-8328-4AEF097D3946/mount}
2026-10-02 16:28:18.633038+0700 xctest[63167:85506372] [client] Not Valid
2026-10-02 16:28:18.633064+0700 xctest[63167:85506372] [client] CacheDeleteCopyAvailableSpaceForVolume failed for volume /private/var/folders/89/bwjml4px7bd8_gc4y493myh80000gn/T/FSTCapacityImageQA-09E7C6B9-2E95-4DB5-8328-4AEF097D3946/mount: Error Domain=CacheDeleteErrorDomain Code=10 "(null)" UserInfo={Invalid volume=/private/var/folders/89/bwjml4px7bd8_gc4y493myh80000gn/T/FSTCapacityImageQA-09E7C6B9-2E95-4DB5-8328-4AEF097D3946/mount}
2026-10-02 16:28:18.634038+0700 xctest[63167:85506372] [client] Not Valid
2026-10-02 16:28:18.634060+0700 xctest[63167:85506372] [client] CacheDeleteCopyAvailableSpaceForVolume failed for volume /private/var/folders/89/bwjml4px7bd8_gc4y493myh80000gn/T/FSTCapacityImageQA-09E7C6B9-2E95-4DB5-8328-4AEF097D3946/mount: Error Domain=CacheDeleteErrorDomain Code=10 "(null)" UserInfo={Invalid volume=/private/var/folders/89/bwjml4px7bd8_gc4y493myh80000gn/T/FSTCapacityImageQA-09E7C6B9-2E95-4DB5-8328-4AEF097D3946/mount}
2026-10-02 16:28:18.666736+0700 xctest[63167:85506372] [client] Not Valid
2026-10-02 16:28:18.666775+0700 xctest[63167:85506372] [client] CacheDeleteCopyAvailableSpaceForVolume failed for volume /private/var/folders/89/bwjml4px7bd8_gc4y493myh80000gn/T/FSTCapacityImageQA-09E7C6B9-2E95-4DB5-8328-4AEF097D3946/mount: Error Domain=CacheDeleteErrorDomain Code=10 "(null)" UserInfo={Invalid volume=/private/var/folders/89/bwjml4px7bd8_gc4y493myh80000gn/T/FSTCapacityImageQA-09E7C6B9-2E95-4DB5-8328-4AEF097D3946/mount}
[INFO] Validating transfer requirements...
2026-10-02 16:28:18.669430+0700 xctest[63167:85506332] [client] Not Valid
2026-10-02 16:28:18.669462+0700 xctest[63167:85506332] [client] CacheDeleteCopyAvailableSpaceForVolume failed for volume /private/var/folders/89/bwjml4px7bd8_gc4y493myh80000gn/T/FSTCapacityImageQA-09E7C6B9-2E95-4DB5-8328-4AEF097D3946/mount: Error Domain=CacheDeleteErrorDomain Code=10 "(null)" UserInfo={Invalid volume=/private/var/folders/89/bwjml4px7bd8_gc4y493myh80000gn/T/FSTCapacityImageQA-09E7C6B9-2E95-4DB5-8328-4AEF097D3946/mount}
2026-10-02 16:28:18.703841+0700 xctest[63167:85506332] [client] Not Valid
2026-10-02 16:28:18.703885+0700 xctest[63167:85506332] [client] CacheDeleteCopyAvailableSpaceForVolume failed for volume /private/var/folders/89/bwjml4px7bd8_gc4y493myh80000gn/T/FSTCapacityImageQA-09E7C6B9-2E95-4DB5-8328-4AEF097D3946/mount: Error Domain=CacheDeleteErrorDomain Code=10 "(null)" UserInfo={Invalid volume=/private/var/folders/89/bwjml4px7bd8_gc4y493myh80000gn/T/FSTCapacityImageQA-09E7C6B9-2E95-4DB5-8328-4AEF097D3946/mount}
[PROGRESS] DIAG [OBSERVER] OBSERVER started: /var/folders/89/bwjml4px7bd8_gc4y493myh80000gn/T/FSTCapacityImageQA-09E7C6B9-2E95-4DB5-8328-4AEF097D3946/mount/source
[INFO] Transfer Started
[FILE] 
[PROGRESS] DIAG [OBSERVER] OBSERVER sample: copiedBytes=0 files=0 currentItem=- speed=- eta=-
[PROGRESS] DIAG [COORDINATOR] COORDINATOR FORWARDED speed event: 0.00 MB/s at +0s
[PROGRESS] Speed 0.00 MB/s
[PROGRESS] DIAG [COORDINATOR] COORDINATOR FORWARDED rsync time event: --:-- at +0s
[PROGRESS] Rsync Time --:--
[TRANSFER] Bundled rsync path: /Users/cenvu/DEV/FST_V2/FishSockTransfer/FishSockTransfer/rsync
[TRANSFER] Bundled rsync version: 3.4.4
[TRANSFER] Using bundled rsync 3.4.4 at /Users/cenvu/DEV/FST_V2/FishSockTransfer/FishSockTransfer/rsync
[TRANSFER] Selected Limit: Unlimited | Converted Limit: none | Rsync Bwlimit Argument: none | Rsync Version: bundled rsync 3.4.4
[TRANSFER] Rsync Args: -a -h --info=name1,progress2 --outbuf=N --exclude=.DS_Store --exclude=._* --exclude=.Spotlight-V100 --exclude=.Trashes --exclude=.fseventsd --exclude=.TemporaryItems /var/folders/89/bwjml4px7bd8_gc4y493myh80000gn/T/FSTCapacityImageQA-09E7C6B9-2E95-4DB5-8328-4AEF097D3946/source /var/folders/89/bwjml4px7bd8_gc4y493myh80000gn/T/FSTCapacityImageQA-09E7C6B9-2E95-4DB5-8328-4AEF097D3946/mount/
[TRANSFER] Rsync Command: /Users/cenvu/DEV/FST_V2/FishSockTransfer/FishSockTransfer/rsync -a -h --info=name1,progress2 --outbuf=N --exclude=.DS_Store --exclude=._* --exclude=.Spotlight-V100 --exclude=.Trashes --exclude=.fseventsd --exclude=.TemporaryItems /var/folders/89/bwjml4px7bd8_gc4y493myh80000gn/T/FSTCapacityImageQA-09E7C6B9-2E95-4DB5-8328-4AEF097D3946/source /var/folders/89/bwjml4px7bd8_gc4y493myh80000gn/T/FSTCapacityImageQA-09E7C6B9-2E95-4DB5-8328-4AEF097D3946/mount/
[TRANSFER] DIAG [RSYNC TIMING] Rsync process started at +0s
[TRANSFER] DIAG [RSYNC RAW] First rsync stdout byte after 0s; chunk 32768 bytes
[TRANSFER] DIAG [RSYNC TIMING] First framed stdout record at +0s
[TRANSFER] DIAG [RSYNC TIMING] First rsync filename after 0s: source/
[TRANSFER] DIAG [RSYNC EVENT] ENGINE EVENT currentFile after 0s: source/
[STDOUT] source/
[FILE] DIAG [COORDINATOR] COORDINATOR FORWARDED currentFile at +0s: source/
[FILE] source/
[STDOUT] source/clip-0.bin
[FILE] source/clip-0.bin
[TRANSFER] DIAG [RSYNC TIMING] First rsync progress after 0s: 0.0% / live 0.00 MB/s / remaining -
[TRANSFER] DIAG [RSYNC EVENT] ENGINE EVENT progress after 0s: raw 0.0% / active 0.0% / live 0.00 MB/s / remaining -
[STDOUT] 1   0%    0.00kB/s    0:00:00
[PROGRESS] DIAG [COORDINATOR] COORDINATOR FORWARDED progress event: 0.0% at +0s
[PROGRESS] Progress 0%
[PROGRESS] Speed 0.00 MB/s
[PROGRESS] Rsync Time --:--
[TRANSFER] Actual Runtime Speed: 0.00 MB/s
[STDOUT] source/clip-1.bin
[FILE] source/clip-1.bin
[STDOUT] source/clip-10.bin
[FILE] source/clip-10.bin
[STDOUT] source/clip-100.bin
[FILE] source/clip-100.bin
[STDOUT] source/clip-101.bin
[FILE] source/clip-101.bin
[STDOUT] source/clip-102.bin
[FILE] source/clip-102.bin
[TRANSFER] DIAG [RSYNC TIMING] First structured progress >0: 1.0% at +0s
[STDOUT] 6   1%    4.88kB/s    0:00:00 (xfr#6, to-chk=506/513)
[PROGRESS] DIAG [COORDINATOR] First progress forwarded: 1.0% at +0s
[PROGRESS] Progress 1%
[STDOUT] source/clip-103.bin
[FILE] source/clip-103.bin
[STDOUT] source/clip-104.bin
[FILE] source/clip-104.bin
[STDOUT] source/clip-105.bin
[FILE] source/clip-105.bin
[STDOUT] source/clip-106.bin
[FILE] source/clip-106.bin
[STDOUT] source/clip-107.bin
[FILE] source/clip-107.bin
[STDOUT] source/clip-108.bin
[FILE] source/clip-108.bin
[STDOUT] source/clip-109.bin
[FILE] source/clip-109.bin
[STDOUT] source/clip-11.bin
[FILE] source/clip-11.bin
[STDOUT] source/clip-110.bin
[FILE] source/clip-110.bin
[STDOUT] source/clip-111.bin
[FILE] source/clip-111.bin
[STDOUT] source/clip-112.bin
[FILE] source/clip-112.bin
[STDOUT] source/clip-113.bin
[FILE] source/clip-113.bin
[STDOUT] source/clip-114.bin
[FILE] source/clip-114.bin
[STDOUT] source/clip-115.bin
[FILE] source/clip-115.bin
[STDOUT] source/clip-116.bin
[FILE] source/clip-116.bin
[STDOUT] source/clip-117.bin
[FILE] source/clip-117.bin
[STDOUT] source/clip-118.bin
[FILE] source/clip-118.bin
[STDOUT] source/clip-119.bin
[FILE] source/clip-119.bin
[STDOUT] source/clip-12.bin
[FILE] source/clip-12.bin
[STDOUT] source/clip-120.bin
[FILE] source/clip-120.bin
[STDOUT] source/clip-121.bin
[FILE] source/clip-121.bin
[STDOUT] source/clip-122.bin
[FILE] source/clip-122.bin
[STDOUT] source/clip-123.bin
[FILE] source/clip-123.bin
[STDOUT] source/clip-124.bin
[FILE] source/clip-124.bin
[STDOUT] source/clip-125.bin
[FILE] source/clip-125.bin
[STDOUT] source/clip-126.bin
[FILE] source/clip-126.bin
[STDOUT] source/clip-127.bin
[FILE] source/clip-127.bin
[STDOUT] source/clip-128.bin
[FILE] source/clip-128.bin
[STDOUT] source/clip-129.bin
[FILE] source/clip-129.bin
[STDOUT] source/clip-13.bin
[FILE] source/clip-13.bin
[STDOUT] source/clip-130.bin
[FILE] source/clip-130.bin
[STDOUT] source/clip-131.bin
[FILE] source/clip-131.bin
[STDOUT] source/clip-132.bin
[FILE] source/clip-132.bin
[STDOUT] source/clip-133.bin
[FILE] source/clip-133.bin
[STDOUT] source/clip-134.bin
[FILE] source/clip-134.bin
[STDOUT] source/clip-135.bin
[FILE] source/clip-135.bin
[STDOUT] source/clip-136.bin
[FILE] source/clip-136.bin
[STDOUT] source/clip-137.bin
[FILE] source/clip-137.bin
[STDOUT] source/clip-138.bin
[FILE] source/clip-138.bin
[STDOUT] source/clip-139.bin
[FILE] source/clip-139.bin
[STDOUT] source/clip-14.bin
[FILE] source/clip-14.bin
[STDOUT] source/clip-140.bin
[FILE] source/clip-140.bin
[STDOUT] source/clip-141.bin
[FILE] source/clip-141.bin
[STDOUT] source/clip-142.bin
[FILE] source/clip-142.bin
[STDOUT] source/clip-143.bin
[FILE] source/clip-143.bin
[STDOUT] source/clip-144.bin
[FILE] source/clip-144.bin
[STDOUT] source/clip-145.bin
[FILE] source/clip-145.bin
[STDOUT] source/clip-146.bin
[FILE] source/clip-146.bin
[STDOUT] source/clip-147.bin
[FILE] source/clip-147.bin
[STDOUT] source/clip-148.bin
[FILE] source/clip-148.bin
[STDOUT] source/clip-149.bin
[FILE] source/clip-149.bin
[STDOUT] source/clip-15.bin
[FILE] source/clip-15.bin
[STDOUT] source/clip-150.bin
[FILE] source/clip-150.bin
[STDOUT] source/clip-151.bin
[FILE] source/clip-151.bin
[STDOUT] source/clip-152.bin
[FILE] source/clip-152.bin
[STDOUT] source/clip-153.bin
[FILE] source/clip-153.bin
[STDOUT] source/clip-154.bin
[FILE] source/clip-154.bin
[STDOUT] source/clip-155.bin
[FILE] source/clip-155.bin
[STDOUT] source/clip-156.bin
[FILE] source/clip-156.bin
[STDOUT] source/clip-157.bin
[FILE] source/clip-157.bin
[STDOUT] source/clip-158.bin
[FILE] source/clip-158.bin
[STDOUT] source/clip-159.bin
[FILE] source/clip-159.bin
[STDOUT] source/clip-16.bin
[FILE] source/clip-16.bin
[STDOUT] source/clip-160.bin
[FILE] source/clip-160.bin
[STDOUT] source/clip-161.bin
[FILE] source/clip-161.bin
[STDOUT] source/clip-162.bin
[FILE] source/clip-162.bin
[STDOUT] source/clip-163.bin
[FILE] source/clip-163.bin
[STDOUT] source/clip-164.bin
[FILE] source/clip-164.bin
[STDOUT] source/clip-165.bin
[FILE] source/clip-165.bin
[STDOUT] source/clip-166.bin
[FILE] source/clip-166.bin
[STDOUT] source/clip-167.bin
[FILE] source/clip-167.bin
[STDOUT] source/clip-168.bin
[FILE] source/clip-168.bin
[STDOUT] source/clip-169.bin
[FILE] source/clip-169.bin
[STDOUT] source/clip-17.bin
[FILE] source/clip-17.bin
[STDOUT] source/clip-170.bin
[FILE] source/clip-170.bin
[STDOUT] source/clip-171.bin
[FILE] source/clip-171.bin
[STDOUT] source/clip-172.bin
[FILE] source/clip-172.bin
[STDOUT] source/clip-173.bin
[FILE] source/clip-173.bin
[STDOUT] source/clip-174.bin
[FILE] source/clip-174.bin
[STDOUT] source/clip-175.bin
[FILE] source/clip-175.bin
[STDOUT] source/clip-176.bin
[FILE] source/clip-176.bin
[STDOUT] source/clip-177.bin
[FILE] source/clip-177.bin
[STDOUT] source/clip-178.bin
[FILE] source/clip-178.bin
[STDOUT] source/clip-179.bin
[FILE] source/clip-179.bin
[STDOUT] source/clip-18.bin
[FILE] source/clip-18.bin
[STDOUT] source/clip-180.bin
[FILE] source/clip-180.bin
[STDOUT] source/clip-181.bin
[FILE] source/clip-181.bin
[STDOUT] source/clip-182.bin
[FILE] source/clip-182.bin
[STDOUT] source/clip-183.bin
[FILE] source/clip-183.bin
[STDOUT] source/clip-184.bin
[FILE] source/clip-184.bin
[STDOUT] source/clip-185.bin
[FILE] source/clip-185.bin
[STDOUT] source/clip-186.bin
[FILE] source/clip-186.bin
[STDOUT] source/clip-187.bin
[FILE] source/clip-187.bin
[STDOUT] source/clip-188.bin
[FILE] source/clip-188.bin
[STDOUT] source/clip-189.bin
[FILE] source/clip-189.bin
[STDOUT] source/clip-19.bin
[FILE] source/clip-19.bin
[STDOUT] source/clip-190.bin
[FILE] source/clip-190.bin
[STDOUT] source/clip-191.bin
[FILE] source/clip-191.bin
[STDOUT] source/clip-192.bin
[FILE] source/clip-192.bin
[STDOUT] source/clip-193.bin
[FILE] source/clip-193.bin
[STDOUT] source/clip-194.bin
[FILE] source/clip-194.bin
[STDOUT] source/clip-195.bin
[FILE] source/clip-195.bin
[STDOUT] source/clip-196.bin
[FILE] source/clip-196.bin
[STDOUT] source/clip-197.bin
[FILE] source/clip-197.bin
[STDOUT] source/clip-198.bin
[FILE] source/clip-198.bin
[STDOUT] source/clip-199.bin
[FILE] source/clip-199.bin
[STDOUT] source/clip-2.bin
[FILE] source/clip-2.bin
[STDOUT] source/clip-20.bin
[FILE] source/clip-20.bin
[STDOUT] source/clip-200.bin
[FILE] source/clip-200.bin
[STDOUT] source/clip-201.bin
[FILE] source/clip-201.bin
[STDOUT] source/clip-202.bin
[FILE] source/clip-202.bin
[STDOUT] source/clip-203.bin
[FILE] source/clip-203.bin
[STDOUT] source/clip-204.bin
[FILE] source/clip-204.bin
[STDOUT] source/clip-205.bin
[FILE] source/clip-205.bin
[STDOUT] source/clip-206.bin
[FILE] source/clip-206.bin
[STDOUT] source/clip-207.bin
[FILE] source/clip-207.bin
[STDOUT] source/clip-208.bin
[FILE] source/clip-208.bin
[STDOUT] source/clip-209.bin
[FILE] source/clip-209.bin
[STDOUT] source/clip-21.bin
[FILE] source/clip-21.bin
[STDOUT] source/clip-210.bin
[FILE] source/clip-210.bin
[STDOUT] source/clip-211.bin
[FILE] source/clip-211.bin
[STDOUT] source/clip-212.bin
[FILE] source/clip-212.bin
[STDOUT] source/clip-213.bin
[FILE] source/clip-213.bin
[STDOUT] source/clip-214.bin
[FILE] source/clip-214.bin
[STDOUT] source/clip-215.bin
[FILE] source/clip-215.bin
[STDOUT] source/clip-216.bin
[FILE] source/clip-216.bin
[STDOUT] source/clip-217.bin
[FILE] source/clip-217.bin
[STDOUT] source/clip-218.bin
[FILE] source/clip-218.bin
[STDOUT] source/clip-219.bin
[FILE] source/clip-219.bin
[STDOUT] source/clip-22.bin
[FILE] source/clip-22.bin
[STDOUT] source/clip-220.bin
[FILE] source/clip-220.bin
[STDOUT] source/clip-221.bin
[FILE] source/clip-221.bin
[STDOUT] source/clip-222.bin
[FILE] source/clip-222.bin
[STDOUT] source/clip-223.bin
[FILE] source/clip-223.bin
[STDOUT] source/clip-224.bin
[FILE] source/clip-224.bin
[STDOUT] source/clip-225.bin
[FILE] source/clip-225.bin
[STDOUT] source/clip-226.bin
[FILE] source/clip-226.bin
[STDOUT] source/clip-227.bin
[FILE] source/clip-227.bin
[STDOUT] source/clip-228.bin
[FILE] source/clip-228.bin
[STDOUT] source/clip-229.bin
[FILE] source/clip-229.bin
[STDOUT] source/clip-23.bin
[FILE] source/clip-23.bin
[STDOUT] source/clip-230.bin
[FILE] source/clip-230.bin
[STDOUT] source/clip-231.bin
[FILE] source/clip-231.bin
[STDOUT] source/clip-232.bin
[FILE] source/clip-232.bin
[STDOUT] source/clip-233.bin
[FILE] source/clip-233.bin
[STDOUT] source/clip-234.bin
[FILE] source/clip-234.bin
[STDOUT] source/clip-235.bin
[FILE] source/clip-235.bin
[STDOUT] source/clip-236.bin
[FILE] source/clip-236.bin
[STDOUT] source/clip-237.bin
[FILE] source/clip-237.bin
[STDOUT] source/clip-238.bin
[FILE] source/clip-238.bin
[STDOUT] source/clip-239.bin
[FILE] source/clip-239.bin
[STDOUT] source/clip-24.bin
[FILE] source/clip-24.bin
[STDOUT] source/clip-240.bin
[FILE] source/clip-240.bin
[STDOUT] source/clip-241.bin
[FILE] source/clip-241.bin
[STDOUT] source/clip-242.bin
[FILE] source/clip-242.bin
[STDOUT] source/clip-243.bin
[FILE] source/clip-243.bin
[STDOUT] source/clip-244.bin
[FILE] source/clip-244.bin
[STDOUT] source/clip-245.bin
[FILE] source/clip-245.bin
[STDOUT] source/clip-246.bin
[FILE] source/clip-246.bin
[STDOUT] source/clip-247.bin
[FILE] source/clip-247.bin
[STDOUT] source/clip-248.bin
[FILE] source/clip-248.bin
[STDOUT] source/clip-249.bin
[FILE] source/clip-249.bin
[STDOUT] source/clip-25.bin
[FILE] source/clip-25.bin
[STDOUT] source/clip-250.bin
[FILE] source/clip-250.bin
[STDOUT] source/clip-251.bin
[FILE] source/clip-251.bin
[STDOUT] source/clip-252.bin
[FILE] source/clip-252.bin
[STDOUT] source/clip-253.bin
[FILE] source/clip-253.bin
[STDOUT] source/clip-254.bin
[FILE] source/clip-254.bin
[STDOUT] source/clip-255.bin
[FILE] source/clip-255.bin
[STDOUT] source/clip-256.bin
[FILE] source/clip-256.bin
[STDOUT] source/clip-257.bin
[FILE] source/clip-257.bin
[STDOUT] source/clip-258.bin
[FILE] source/clip-258.bin
[STDOUT] source/clip-259.bin
[FILE] source/clip-259.bin
[STDOUT] source/clip-26.bin
[FILE] source/clip-26.bin
[STDOUT] source/clip-260.bin
[FILE] source/clip-260.bin
[STDOUT] source/clip-261.bin
[FILE] source/clip-261.bin
[STDOUT] source/clip-262.bin
[FILE] source/clip-262.bin
[STDOUT] source/clip-263.bin
[FILE] source/clip-263.bin
[STDOUT] source/clip-264.bin
[FILE] source/clip-264.bin
[STDOUT] source/clip-265.bin
[FILE] source/clip-265.bin
[STDOUT] source/clip-266.bin
[FILE] source/clip-266.bin
[STDOUT] source/clip-267.bin
[FILE] source/clip-267.bin
[STDOUT] source/clip-268.bin
[FILE] source/clip-268.bin
[STDOUT] source/clip-269.bin
[FILE] source/clip-269.bin
[STDOUT] source/clip-27.bin
[FILE] source/clip-27.bin
[STDOUT] source/clip-270.bin
[FILE] source/clip-270.bin
[STDOUT] source/clip-271.bin
[FILE] source/clip-271.bin
[STDOUT] source/clip-272.bin
[FILE] source/clip-272.bin
[STDOUT] source/clip-273.bin
[FILE] source/clip-273.bin
[STDOUT] source/clip-274.bin
[FILE] source/clip-274.bin
[STDOUT] source/clip-275.bin
[FILE] source/clip-275.bin
[STDOUT] source/clip-276.bin
[FILE] source/clip-276.bin
[STDOUT] source/clip-277.bin
[FILE] source/clip-277.bin
[STDOUT] source/clip-278.bin
[FILE] source/clip-278.bin
[STDOUT] source/clip-279.bin
[FILE] source/clip-279.bin
[STDOUT] source/clip-28.bin
[FILE] source/clip-28.bin
[STDOUT] source/clip-280.bin
[FILE] source/clip-280.bin
[STDOUT] source/clip-281.bin
[FILE] source/clip-281.bin
[STDOUT] source/clip-282.bin
[FILE] source/clip-282.bin
[STDOUT] source/clip-283.bin
[FILE] source/clip-283.bin
[STDOUT] source/clip-284.bin
[FILE] source/clip-284.bin
[STDOUT] source/clip-285.bin
[FILE] source/clip-285.bin
[STDOUT] source/clip-286.bin
[FILE] source/clip-286.bin
[STDOUT] source/clip-287.bin
[FILE] source/clip-287.bin
[STDOUT] source/clip-288.bin
[FILE] source/clip-288.bin
[STDOUT] source/clip-289.bin
[FILE] source/clip-289.bin
[STDOUT] source/clip-29.bin
[FILE] source/clip-29.bin
[STDOUT] source/clip-290.bin
[FILE] source/clip-290.bin
[STDOUT] source/clip-291.bin
[FILE] source/clip-291.bin
[STDOUT] source/clip-292.bin
[FILE] source/clip-292.bin
[STDOUT] source/clip-293.bin
[FILE] source/clip-293.bin
[STDOUT] source/clip-294.bin
[FILE] source/clip-294.bin
[STDOUT] source/clip-295.bin
[FILE] source/clip-295.bin
[STDOUT] source/clip-296.bin
[FILE] source/clip-296.bin
[STDOUT] source/clip-297.bin
[FILE] source/clip-297.bin
[STDOUT] source/clip-298.bin
[FILE] source/clip-298.bin
[STDOUT] source/clip-299.bin
[FILE] source/clip-299.bin
[STDOUT] source/clip-3.bin
[FILE] source/clip-3.bin
[STDOUT] source/clip-30.bin
[FILE] source/clip-30.bin
[STDOUT] source/clip-300.bin
[FILE] source/clip-300.bin
[STDOUT] source/clip-301.bin
[FILE] source/clip-301.bin
[STDOUT] source/clip-302.bin
[FILE] source/clip-302.bin
[STDOUT] source/clip-303.bin
[FILE] source/clip-303.bin
[STDOUT] source/clip-304.bin
[FILE] source/clip-304.bin
[STDOUT] source/clip-305.bin
[FILE] source/clip-305.bin
[STDOUT] source/clip-306.bin
[FILE] source/clip-306.bin
[STDOUT] source/clip-307.bin
[FILE] source/clip-307.bin
[STDOUT] source/clip-308.bin
[FILE] source/clip-308.bin
[STDOUT] source/clip-309.bin
[FILE] source/clip-309.bin
[STDOUT] source/clip-31.bin
[FILE] source/clip-31.bin
[STDOUT] source/clip-310.bin
[FILE] source/clip-310.bin
[STDOUT] source/clip-311.bin
[FILE] source/clip-311.bin
[STDOUT] source/clip-312.bin
[FILE] source/clip-312.bin
[STDOUT] source/clip-313.bin
[FILE] source/clip-313.bin
[STDOUT] source/clip-314.bin
[FILE] source/clip-314.bin
[STDOUT] source/clip-315.bin
[FILE] source/clip-315.bin
[STDOUT] source/clip-316.bin
[FILE] source/clip-316.bin
[STDOUT] source/clip-317.bin
[FILE] source/clip-317.bin
[STDOUT] source/clip-318.bin
[FILE] source/clip-318.bin
[STDOUT] source/clip-319.bin
[FILE] source/clip-319.bin
[STDOUT] source/clip-32.bin
[FILE] source/clip-32.bin
[STDOUT] source/clip-320.bin
[FILE] source/clip-320.bin
[STDOUT] source/clip-321.bin
[FILE] source/clip-321.bin
[STDOUT] source/clip-322.bin
[FILE] source/clip-322.bin
[STDOUT] source/clip-323.bin
[FILE] source/clip-323.bin
[STDOUT] source/clip-324.bin
[FILE] source/clip-324.bin
[STDOUT] source/clip-325.bin
[FILE] source/clip-325.bin
[STDOUT] source/clip-326.bin
[FILE] source/clip-326.bin
[STDOUT] source/clip-327.bin
[FILE] source/clip-327.bin
[STDOUT] source/clip-328.bin
[FILE] source/clip-328.bin
[STDOUT] source/clip-329.bin
[FILE] source/clip-329.bin
[STDOUT] source/clip-33.bin
[FILE] source/clip-33.bin
[STDOUT] source/clip-330.bin
[FILE] source/clip-330.bin
[STDOUT] source/clip-331.bin
[FILE] source/clip-331.bin
[STDOUT] source/clip-332.bin
[FILE] source/clip-332.bin
[STDOUT] source/clip-333.bin
[FILE] source/clip-333.bin
[STDOUT] source/clip-334.bin
[FILE] source/clip-334.bin
[STDOUT] source/clip-335.bin
[FILE] source/clip-335.bin
[STDOUT] source/clip-336.bin
[FILE] source/clip-336.bin
[STDOUT] source/clip-337.bin
[FILE] source/clip-337.bin
[STDOUT] source/clip-338.bin
[FILE] source/clip-338.bin
[STDOUT] source/clip-339.bin
[FILE] source/clip-339.bin
[STDOUT] source/clip-34.bin
[FILE] source/clip-34.bin
[STDOUT] source/clip-340.bin
[FILE] source/clip-340.bin
[STDOUT] source/clip-341.bin
[FILE] source/clip-341.bin
[STDOUT] source/clip-342.bin
[FILE] source/clip-342.bin
[STDOUT] source/clip-343.bin
[FILE] source/clip-343.bin
[STDOUT] source/clip-344.bin
[FILE] source/clip-344.bin
[STDOUT] source/clip-345.bin
[FILE] source/clip-345.bin
[STDOUT] source/clip-346.bin
[FILE] source/clip-346.bin
[STDOUT] source/clip-347.bin
[FILE] source/clip-347.bin
[STDOUT] source/clip-348.bin
[FILE] source/clip-348.bin
[STDOUT] source/clip-349.bin
[FILE] source/clip-349.bin
[STDOUT] source/clip-35.bin
[FILE] source/clip-35.bin
[STDOUT] source/clip-350.bin
[FILE] source/clip-350.bin
[STDOUT] source/clip-351.bin
[FILE] source/clip-351.bin
[STDOUT] source/clip-352.bin
[FILE] source/clip-352.bin
[STDOUT] source/clip-353.bin
[FILE] source/clip-353.bin
[STDOUT] source/clip-354.bin
[FILE] source/clip-354.bin
[STDOUT] source/clip-355.bin
[FILE] source/clip-355.bin
[STDOUT] source/clip-356.bin
[FILE] source/clip-356.bin
[STDOUT] source/clip-357.bin
[FILE] source/clip-357.bin
[STDOUT] source/clip-358.bin
[FILE] source/clip-358.bin
[STDOUT] source/clip-359.bin
[FILE] source/clip-359.bin
[STDOUT] source/clip-36.bin
[FILE] source/clip-36.bin
[STDOUT] source/clip-360.bin
[FILE] source/clip-360.bin
[STDOUT] source/clip-361.bin
[FILE] source/clip-361.bin
[STDOUT] source/clip-362.bin
[FILE] source/clip-362.bin
[STDOUT] source/clip-363.bin
[FILE] source/clip-363.bin
[STDOUT] source/clip-364.bin
[FILE] source/clip-364.bin
[STDOUT] source/clip-365.bin
[FILE] source/clip-365.bin
[STDOUT] source/clip-366.bin
[FILE] source/clip-366.bin
[STDOUT] source/clip-367.bin
[FILE] source/clip-367.bin
[STDOUT] source/clip-368.bin
[FILE] source/clip-368.bin
[STDOUT] source/clip-369.bin
[FILE] source/clip-369.bin
[STDOUT] source/clip-37.bin
[FILE] source/clip-37.bin
[STDOUT] source/clip-370.bin
[FILE] source/clip-370.bin
[STDOUT] source/clip-371.bin
[FILE] source/clip-371.bin
[STDOUT] source/clip-372.bin
[FILE] source/clip-372.bin
[STDOUT] source/clip-373.bin
[FILE] source/clip-373.bin
[STDOUT] source/clip-374.bin
[FILE] source/clip-374.bin
[STDOUT] source/clip-375.bin
[FILE] source/clip-375.bin
[STDOUT] source/clip-376.bin
[FILE] source/clip-376.bin
[STDOUT] source/clip-377.bin
[FILE] source/clip-377.bin
[STDOUT] source/clip-378.bin
[FILE] source/clip-378.bin
[STDOUT] source/clip-379.bin
[FILE] source/clip-379.bin
[STDOUT] source/clip-38.bin
[FILE] source/clip-38.bin
[STDOUT] source/clip-380.bin
[FILE] source/clip-380.bin
[STDOUT] source/clip-381.bin
[FILE] source/clip-381.bin
[STDOUT] source/clip-382.bin
[FILE] source/clip-382.bin
[STDOUT] source/clip-383.bin
[FILE] source/clip-383.bin
[STDOUT] source/clip-384.bin
[FILE] source/clip-384.bin
[STDOUT] source/clip-385.bin
[FILE] source/clip-385.bin
[STDOUT] source/clip-386.bin
[FILE] source/clip-386.bin
[STDOUT] source/clip-387.bin
[FILE] source/clip-387.bin
[STDOUT] source/clip-388.bin
[FILE] source/clip-388.bin
[STDOUT] source/clip-389.bin
[FILE] source/clip-389.bin
[STDOUT] source/clip-39.bin
[FILE] source/clip-39.bin
[STDOUT] source/clip-390.bin
[FILE] source/clip-390.bin
[STDOUT] source/clip-391.bin
[FILE] source/clip-391.bin
[STDOUT] source/clip-392.bin
[FILE] source/clip-392.bin
[STDOUT] source/clip-393.bin
[FILE] source/clip-393.bin
[STDOUT] source/clip-394.bin
[FILE] source/clip-394.bin
[STDOUT] source/clip-395.bin
[FILE] source/clip-395.bin
[STDOUT] source/clip-396.bin
[FILE] source/clip-396.bin
[STDOUT] source/clip-397.bin
[FILE] source/clip-397.bin
[STDOUT] source/clip-398.bin
[FILE] source/clip-398.bin
[STDOUT] source/clip-399.bin
[FILE] source/clip-399.bin
[STDOUT] source/clip-4.bin
[FILE] source/clip-4.bin
[STDOUT] source/clip-40.bin
[FILE] source/clip-40.bin
[STDOUT] source/clip-400.bin
[FILE] source/clip-400.bin
[STDOUT] source/clip-401.bin
[FILE] source/clip-401.bin
[STDOUT] source/clip-402.bin
[FILE] source/clip-402.bin
[STDOUT] source/clip-403.bin
[FILE] source/clip-403.bin
[STDOUT] source/clip-404.bin
[FILE] source/clip-404.bin
[STDOUT] source/clip-405.bin
[FILE] source/clip-405.bin
[STDOUT] source/clip-406.bin
[FILE] source/clip-406.bin
[STDOUT] source/clip-407.bin
[FILE] source/clip-407.bin
[STDOUT] source/clip-408.bin
[FILE] source/clip-408.bin
[STDOUT] source/clip-409.bin
[FILE] source/clip-409.bin
[STDOUT] source/clip-41.bin
[FILE] source/clip-41.bin
[STDOUT] source/clip-410.bin
[FILE] source/clip-410.bin
[STDOUT] source/clip-411.bin
[FILE] source/clip-411.bin
[STDOUT] source/clip-412.bin
[FILE] source/clip-412.bin
[STDOUT] source/clip-413.bin
[FILE] source/clip-413.bin
[STDOUT] source/clip-414.bin
[FILE] source/clip-414.bin
[STDOUT] source/clip-415.bin
[FILE] source/clip-415.bin
[STDOUT] source/clip-416.bin
[FILE] source/clip-416.bin
[STDOUT] source/clip-417.bin
[FILE] source/clip-417.bin
[STDOUT] source/clip-418.bin
[FILE] source/clip-418.bin
[STDOUT] source/clip-419.bin
[FILE] source/clip-419.bin
[STDOUT] source/clip-42.bin
[FILE] source/clip-42.bin
[STDOUT] source/clip-420.bin
[FILE] source/clip-420.bin
[STDOUT] source/clip-421.bin
[FILE] source/clip-421.bin
[STDOUT] source/clip-422.bin
[FILE] source/clip-422.bin
[STDOUT] 361  70%   10.65kB/s    0:00:00 (xfr#361, to-chk=151/513)
[PROGRESS] Progress 70%
[STDOUT] source/clip-423.bin
[FILE] source/clip-423.bin
[STDOUT] source/clip-424.bin
[FILE] source/clip-424.bin
[STDOUT] source/clip-425.bin
[FILE] source/clip-425.bin
[STDOUT] source/clip-426.bin
[FILE] source/clip-426.bin
[STDOUT] source/clip-427.bin
[FILE] source/clip-427.bin
[STDOUT] source/clip-428.bin
[FILE] source/clip-428.bin
[STDOUT] source/clip-429.bin
[FILE] source/clip-429.bin
[STDOUT] source/clip-43.bin
[FILE] source/clip-43.bin
[STDOUT] source/clip-430.bin
[FILE] source/clip-430.bin
[STDOUT] source/clip-431.bin
[FILE] source/clip-431.bin
[STDOUT] source/clip-432.bin
[FILE] source/clip-432.bin
[STDOUT] source/clip-433.bin
[FILE] source/clip-433.bin
[STDOUT] source/clip-434.bin
[FILE] source/clip-434.bin
[STDOUT] source/clip-435.bin
[FILE] source/clip-435.bin
[STDOUT] source/clip-436.bin
[FILE] source/clip-436.bin
[STDOUT] source/clip-437.bin
[FILE] source/clip-437.bin
[STDOUT] source/clip-438.bin
[FILE] source/clip-438.bin
[STDOUT] source/clip-439.bin
[FILE] source/clip-439.bin
[STDOUT] source/clip-44.bin
[FILE] source/clip-44.bin
[STDOUT] source/clip-440.bin
[FILE] source/clip-440.bin
[STDOUT] source/clip-441.bin
[FILE] source/clip-441.bin
[STDOUT] source/clip-442.bin
[FILE] source/clip-442.bin
[STDOUT] source/clip-443.bin
[FILE] source/clip-443.bin
[STDOUT] source/clip-444.bin
[FILE] source/clip-444.bin
[STDOUT] source/clip-445.bin
[FILE] source/clip-445.bin
[STDOUT] source/clip-446.bin
[FILE] source/clip-446.bin
[STDOUT] source/clip-447.bin
[FILE] source/clip-447.bin
[STDOUT] source/clip-448.bin
[FILE] source/clip-448.bin
[STDOUT] source/clip-449.bin
[FILE] source/clip-449.bin
[STDOUT] source/clip-45.bin
[FILE] source/clip-45.bin
[STDOUT] source/clip-450.bin
[FILE] source/clip-450.bin
[STDOUT] source/clip-451.bin
[FILE] source/clip-451.bin
[STDOUT] source/clip-452.bin
[FILE] source/clip-452.bin
[STDOUT] source/clip-453.bin
[FILE] source/clip-453.bin
[STDOUT] source/clip-454.bin
[FILE] source/clip-454.bin
[STDOUT] source/clip-455.bin
[FILE] source/clip-455.bin
[STDOUT] source/clip-456.bin
[FILE] source/clip-456.bin
[STDOUT] source/clip-457.bin
[FILE] source/clip-457.bin
[STDOUT] source/clip-458.bin
[FILE] source/clip-458.bin
[STDOUT] source/clip-459.bin
[FILE] source/clip-459.bin
[STDOUT] source/clip-46.bin
[FILE] source/clip-46.bin
[STDOUT] source/clip-460.bin
[FILE] source/clip-460.bin
[STDOUT] source/clip-461.bin
[FILE] source/clip-461.bin
[STDOUT] source/clip-462.bin
[FILE] source/clip-462.bin
[STDOUT] source/clip-463.bin
[FILE] source/clip-463.bin
[STDOUT] source/clip-464.bin
[FILE] source/clip-464.bin
[STDOUT] source/clip-465.bin
[FILE] source/clip-465.bin
[STDOUT] source/clip-466.bin
[FILE] source/clip-466.bin
[STDOUT] source/clip-467.bin
[FILE] source/clip-467.bin
[STDOUT] source/clip-468.bin
[FILE] source/clip-468.bin
[STDOUT] source/clip-469.bin
[FILE] source/clip-469.bin
[STDOUT] source/clip-47.bin
[FILE] source/clip-47.bin
[STDOUT] source/clip-470.bin
[FILE] source/clip-470.bin
[STDOUT] source/clip-471.bin
[FILE] source/clip-471.bin
[STDOUT] source/clip-472.bin
[FILE] source/clip-472.bin
[STDOUT] source/clip-473.bin
[FILE] source/clip-473.bin
[STDOUT] source/clip-474.bin
[FILE] source/clip-474.bin
[STDOUT] source/clip-475.bin
[FILE] source/clip-475.bin
[STDOUT] source/clip-476.bin
[FILE] source/clip-476.bin
[STDOUT] source/clip-477.bin
[FILE] source/clip-477.bin
[STDOUT] source/clip-478.bin
[FILE] source/clip-478.bin
[STDOUT] source/clip-479.bin
[FILE] source/clip-479.bin
[STDOUT] source/clip-48.bin
[FILE] source/clip-48.bin
[STDOUT] source/clip-480.bin
[FILE] source/clip-480.bin
[STDOUT] source/clip-481.bin
[FILE] source/clip-481.bin
[STDOUT] source/clip-482.bin
[FILE] source/clip-482.bin
[STDOUT] source/clip-483.bin
[FILE] source/clip-483.bin
[STDOUT] source/clip-484.bin
[FILE] source/clip-484.bin
[STDOUT] source/clip-485.bin
[FILE] source/clip-485.bin
[STDOUT] source/clip-486.bin
[FILE] source/clip-486.bin
[STDOUT] source/clip-487.bin
[FILE] source/clip-487.bin
[STDOUT] source/clip-488.bin
[FILE] source/clip-488.bin
[STDOUT] source/clip-489.bin
[FILE] source/clip-489.bin
[STDOUT] source/clip-49.bin
[FILE] source/clip-49.bin
[STDOUT] source/clip-490.bin
[FILE] source/clip-490.bin
[STDOUT] source/clip-491.bin
[FILE] source/clip-491.bin
[STDOUT] source/clip-492.bin
[FILE] source/clip-492.bin
[STDOUT] source/clip-493.bin
[FILE] source/clip-493.bin
[STDOUT] source/clip-494.bin
[FILE] source/clip-494.bin
[STDOUT] source/clip-495.bin
[FILE] source/clip-495.bin
[STDOUT] source/clip-496.bin
[FILE] source/clip-496.bin
[STDOUT] source/clip-497.bin
[FILE] source/clip-497.bin
[STDOUT] source/clip-498.bin
[FILE] source/clip-498.bin
[STDOUT] source/clip-499.bin
[FILE] source/clip-499.bin
[STDOUT] source/clip-5.bin
[FILE] source/clip-5.bin
[STDOUT] source/clip-50.bin
[FILE] source/clip-50.bin
[STDOUT] source/clip-500.bin
[FILE] source/clip-500.bin
[STDOUT] source/clip-501.bin
[FILE] source/clip-501.bin
[STDOUT] source/clip-502.bin
[FILE] source/clip-502.bin
[STDOUT] source/clip-503.bin
[FILE] source/clip-503.bin
[STDOUT] source/clip-504.bin
[FILE] source/clip-504.bin
[STDOUT] source/clip-505.bin
[FILE] source/clip-505.bin
[STDOUT] source/clip-506.bin
[FILE] source/clip-506.bin
[STDOUT] source/clip-507.bin
[FILE] source/clip-507.bin
[STDOUT] source/clip-508.bin
[FILE] source/clip-508.bin
[STDOUT] source/clip-509.bin
[FILE] source/clip-509.bin
[STDOUT] source/clip-51.bin
[FILE] source/clip-51.bin
[STDOUT] source/clip-510.bin
[FILE] source/clip-510.bin
[STDOUT] source/clip-511.bin
[FILE] source/clip-511.bin
[STDOUT] source/clip-52.bin
[FILE] source/clip-52.bin
[STDOUT] source/clip-53.bin
[FILE] source/clip-53.bin
[STDOUT] source/clip-54.bin
[FILE] source/clip-54.bin
[STDOUT] source/clip-55.bin
[FILE] source/clip-55.bin
[STDOUT] source/clip-56.bin
[FILE] source/clip-56.bin
[STDOUT] source/clip-57.bin
[FILE] source/clip-57.bin
[STDOUT] source/clip-58.bin
[FILE] source/clip-58.bin
[STDOUT] source/clip-59.bin
[FILE] source/clip-59.bin
[STDOUT] source/clip-6.bin
[FILE] source/clip-6.bin
[STDOUT] source/clip-60.bin
[FILE] source/clip-60.bin
[STDOUT] source/clip-61.bin
[FILE] source/clip-61.bin
[STDOUT] source/clip-62.bin
[FILE] source/clip-62.bin
[STDOUT] source/clip-63.bin
[FILE] source/clip-63.bin
[STDOUT] source/clip-64.bin
[FILE] source/clip-64.bin
[STDOUT] source/clip-65.bin
[FILE] source/clip-65.bin
[STDOUT] source/clip-66.bin
[FILE] source/clip-66.bin
[STDOUT] source/clip-67.bin
[FILE] source/clip-67.bin
[STDOUT] source/clip-68.bin
[FILE] source/clip-68.bin
[STDOUT] source/clip-69.bin
[FILE] source/clip-69.bin
[STDOUT] source/clip-7.bin
[FILE] source/clip-7.bin
[STDOUT] source/clip-70.bin
[FILE] source/clip-70.bin
[STDOUT] source/clip-71.bin
[FILE] source/clip-71.bin
[STDOUT] source/clip-72.bin
[FILE] source/clip-72.bin
[STDOUT] source/clip-73.bin
[FILE] source/clip-73.bin
[STDOUT] source/clip-74.bin
[FILE] source/clip-74.bin
[STDOUT] source/clip-75.bin
[FILE] source/clip-75.bin
[STDOUT] source/clip-76.bin
[FILE] source/clip-76.bin
[STDOUT] source/clip-77.bin
[FILE] source/clip-77.bin
[STDOUT] source/clip-78.bin
[FILE] source/clip-78.bin
[STDOUT] source/clip-79.bin
[FILE] source/clip-79.bin
[STDOUT] source/clip-8.bin
[FILE] source/clip-8.bin
[STDOUT] source/clip-80.bin
[FILE] source/clip-80.bin
[STDOUT] source/clip-81.bin
[FILE] source/clip-81.bin
[STDOUT] source/clip-82.bin
[FILE] source/clip-82.bin
[STDOUT] source/clip-83.bin
[FILE] source/clip-83.bin
[STDOUT] source/clip-84.bin
[FILE] source/clip-84.bin
[STDOUT] source/clip-85.bin
[FILE] source/clip-85.bin
[STDOUT] source/clip-86.bin
[FILE] source/clip-86.bin
[STDOUT] source/clip-87.bin
[FILE] source/clip-87.bin
[STDOUT] source/clip-88.bin
[FILE] source/clip-88.bin
[STDOUT] source/clip-89.bin
[FILE] source/clip-89.bin
[STDOUT] source/clip-9.bin
[FILE] source/clip-9.bin
[STDOUT] source/clip-90.bin
[FILE] source/clip-90.bin
[STDOUT] source/clip-91.bin
[FILE] source/clip-91.bin
[STDOUT] source/clip-92.bin
[FILE] source/clip-92.bin
[STDOUT] source/clip-93.bin
[FILE] source/clip-93.bin
[STDOUT] source/clip-94.bin
[FILE] source/clip-94.bin
[STDOUT] source/clip-95.bin
[FILE] source/clip-95.bin
[STDOUT] source/clip-96.bin
[FILE] source/clip-96.bin
[STDOUT] source/clip-97.bin
[FILE] source/clip-97.bin
[STDOUT] source/clip-98.bin
[FILE] source/clip-98.bin
[STDOUT] source/clip-99.bin
[FILE] source/clip-99.bin
[TRANSFER] DIAG [RSYNC RAW] First rsync stderr byte after 0s; chunk 273 bytes
[TRANSFER] DIAG [RSYNC TIMING] First framed stderr record at +0s
[STDERR] rsync: [receiver] write failed on "/var/folders/89/bwjml4px7bd8_gc4y493myh80000gn/T/FSTCapacityImageQA-09E7C6B9-2E95-4DB5-8328-4AEF097D3946/mount/source/clip-208.bin": No space left on device (28)
[STDERR] rsync error: error in file IO (code 11) at receiver.c(488) [receiver=3.4.4]
[FILE] 
[PROGRESS] Speed 0.00 MB/s
[PROGRESS] Rsync Time --:--
[ERROR] TRANSFER ERROR: Transfer process exited with error code 11.
[PROGRESS] DIAG [OBSERVER] OBSERVER stopped: rsync failed
2026-10-02 16:28:19.453799+0700 xctest[63167:85506332] [general] Encountered write failure 28 No space left on device
[WARNING] Report write failed: You can’t save the file “FST_Report_FST-20261002-162819-5E4D0E7E.txt” because the volume “FSTQA” is out of space.
FST_CAPACITY_QA EXFAT_F_GE_L=8093696 RUNTIME_ENOSPC=TRANSFER_ERROR SAFE_TO_EJECT=NEVER SOURCE_RETAINED=YES
2026-10-02 16:28:19.583860+0700 xctest[63167:85506332] [client] Not Valid
2026-10-02 16:28:19.583912+0700 xctest[63167:85506332] [client] CacheDeleteCopyAvailableSpaceForVolume failed for volume /private/var/folders/89/bwjml4px7bd8_gc4y493myh80000gn/T/FSTCapacityImageQA-09E7C6B9-2E95-4DB5-8328-4AEF097D3946/mount: Error Domain=CacheDeleteErrorDomain Code=10 "(null)" UserInfo={Invalid volume=/private/var/folders/89/bwjml4px7bd8_gc4y493myh80000gn/T/FSTCapacityImageQA-09E7C6B9-2E95-4DB5-8328-4AEF097D3946/mount}
2026-10-02 16:28:19.616867+0700 xctest[63167:85506332] [client] Not Valid
2026-10-02 16:28:19.616906+0700 xctest[63167:85506332] [client] CacheDeleteCopyAvailableSpaceForVolume failed for volume /private/var/folders/89/bwjml4px7bd8_gc4y493myh80000gn/T/FSTCapacityImageQA-09E7C6B9-2E95-4DB5-8328-4AEF097D3946/mount: Error Domain=CacheDeleteErrorDomain Code=10 "(null)" UserInfo={Invalid volume=/private/var/folders/89/bwjml4px7bd8_gc4y493myh80000gn/T/FSTCapacityImageQA-09E7C6B9-2E95-4DB5-8328-4AEF097D3946/mount}
FST_CAPACITY_QA FS=ExFAT F_GE_FLOOR_PASS=YES RSYNC=3.4.4 HASH_FILES=512 HASH=PASS OBSERVER_L=512 GUARANTEED_FIT_CLAIM=NONE
FST_CAPACITY_QA CLEANUP=PASS ROOT=/var/folders/89/bwjml4px7bd8_gc4y493myh80000gn/T/FSTCapacityImageQA-09E7C6B9-2E95-4DB5-8328-4AEF097D3946 OWNER_MEDIA_TOUCHED=NONE
Test Case '-[FishSockTransferTests.DestinationCapacityImageRuntimeXCTests testDisposableExfatLogicalWarningAndVerifiedCopy]' passed (8.778 seconds).
Test Suite 'DestinationCapacityImageRuntimeXCTests' passed at 2026-10-02 16:28:23.127.
	 Executed 2 tests, with 0 failures (0 unexpected) in 20.660 (20.660) seconds
Test Suite 'DestinationCapacityPolicyXCTests' started at 2026-10-02 16:28:23.127.
Test Case '-[FishSockTransferTests.DestinationCapacityPolicyXCTests testAlignedAPFSAndPlanKeepLogicalProgress]' started.
Test Case '-[FishSockTransferTests.DestinationCapacityPolicyXCTests testAlignedAPFSAndPlanKeepLogicalProgress]' passed (0.002 seconds).
Test Case '-[FishSockTransferTests.DestinationCapacityPolicyXCTests testAPFSValidatedUsesRoundedFloor]' started.
Test Case '-[FishSockTransferTests.DestinationCapacityPolicyXCTests testAPFSValidatedUsesRoundedFloor]' passed (0.001 seconds).
Test Case '-[FishSockTransferTests.DestinationCapacityPolicyXCTests testCancelledDestinationAssessmentDoesNotReturnEvidence]' started.
Test Case '-[FishSockTransferTests.DestinationCapacityPolicyXCTests testCancelledDestinationAssessmentDoesNotReturnEvidence]' passed (0.001 seconds).
Test Case '-[FishSockTransferTests.DestinationCapacityPolicyXCTests testChangedDestinationRejectsOldAssessment]' started.
Test Case '-[FishSockTransferTests.DestinationCapacityPolicyXCTests testChangedDestinationRejectsOldAssessment]' passed (0.001 seconds).
Test Case '-[FishSockTransferTests.DestinationCapacityPolicyXCTests testEqualityPassesAndFloorMinusOneFailsForBothPolicies]' started.
Test Case '-[FishSockTransferTests.DestinationCapacityPolicyXCTests testEqualityPassesAndFloorMinusOneFailsForBothPolicies]' passed (0.001 seconds).
Test Case '-[FishSockTransferTests.DestinationCapacityPolicyXCTests testExfat512AndUnknownWarnWithLogicalFloor]' started.
Test Case '-[FishSockTransferTests.DestinationCapacityPolicyXCTests testExfat512AndUnknownWarnWithLogicalFloor]' passed (0.001 seconds).
Test Case '-[FishSockTransferTests.DestinationCapacityPolicyXCTests testFinalProfileAndCapacityMustMatchAssessment]' started.
Test Case '-[FishSockTransferTests.DestinationCapacityPolicyXCTests testFinalProfileAndCapacityMustMatchAssessment]' passed (0.002 seconds).
Test Case '-[FishSockTransferTests.DestinationCapacityPolicyXCTests testFinalWritableEvidenceWinsAndPolicyBoundariesRemainUnchanged]' started.
Test Case '-[FishSockTransferTests.DestinationCapacityPolicyXCTests testFinalWritableEvidenceWinsAndPolicyBoundariesRemainUnchanged]' passed (0.004 seconds).
Test Case '-[FishSockTransferTests.DestinationCapacityPolicyXCTests testFreshReadOnlyEvidenceRejectsOldWritableAdmission]' started.
Test Case '-[FishSockTransferTests.DestinationCapacityPolicyXCTests testFreshReadOnlyEvidenceRejectsOldWritableAdmission]' passed (0.001 seconds).
Test Case '-[FishSockTransferTests.DestinationCapacityPolicyXCTests testInvalidUnitAndNegativeSizeFail]' started.
Test Case '-[FishSockTransferTests.DestinationCapacityPolicyXCTests testInvalidUnitAndNegativeSizeFail]' passed (0.001 seconds).
Test Case '-[FishSockTransferTests.DestinationCapacityPolicyXCTests testLocalizedDisplayNeverControlsPolicy]' started.
Test Case '-[FishSockTransferTests.DestinationCapacityPolicyXCTests testLocalizedDisplayNeverControlsPolicy]' passed (0.001 seconds).
Test Case '-[FishSockTransferTests.DestinationCapacityPolicyXCTests testManySmallRoundedSum]' started.
Test Case '-[FishSockTransferTests.DestinationCapacityPolicyXCTests testManySmallRoundedSum]' passed (0.001 seconds).
Test Case '-[FishSockTransferTests.DestinationCapacityPolicyXCTests testMissingRoundedEvidenceAndInvalidCapacityFailSafely]' started.
Test Case '-[FishSockTransferTests.DestinationCapacityPolicyXCTests testMissingRoundedEvidenceAndInvalidCapacityFailSafely]' passed (0.001 seconds).
Test Case '-[FishSockTransferTests.DestinationCapacityPolicyXCTests testNearInt64OverflowFailsSafely]' started.
Test Case '-[FishSockTransferTests.DestinationCapacityPolicyXCTests testNearInt64OverflowFailsSafely]' passed (0.001 seconds).
Test Case '-[FishSockTransferTests.DestinationCapacityPolicyXCTests testOldAssessmentCannotOverrideFinalReadOnlyMetadata]' started.
Test Case '-[FishSockTransferTests.DestinationCapacityPolicyXCTests testOldAssessmentCannotOverrideFinalReadOnlyMetadata]' passed (0.001 seconds).
Test Case '-[FishSockTransferTests.DestinationCapacityPolicyXCTests testPrivacyManifestExactSchemaAndReasons]' started.
Test Case '-[FishSockTransferTests.DestinationCapacityPolicyXCTests testPrivacyManifestExactSchemaAndReasons]' passed (0.001 seconds).
Test Case '-[FishSockTransferTests.DestinationCapacityPolicyXCTests testProbeFailureIsUnvalidated]' started.
Test Case '-[FishSockTransferTests.DestinationCapacityPolicyXCTests testProbeFailureIsUnvalidated]' passed (0.001 seconds).
Test Case '-[FishSockTransferTests.DestinationCapacityPolicyXCTests testRoundedFloorDrivesViewModelWhileObserverAndProgressKeepLogicalPayload]' started.
Test Case '-[FishSockTransferTests.DestinationCapacityPolicyXCTests testRoundedFloorDrivesViewModelWhileObserverAndProgressKeepLogicalPayload]' passed (0.017 seconds).
Test Case '-[FishSockTransferTests.DestinationCapacityPolicyXCTests testRoundingBoundaries]' started.
Test Case '-[FishSockTransferTests.DestinationCapacityPolicyXCTests testRoundingBoundaries]' passed (0.001 seconds).
Test Case '-[FishSockTransferTests.DestinationCapacityPolicyXCTests testSafetyPresentationAndPrivacyRedaction]' started.
Test Case '-[FishSockTransferTests.DestinationCapacityPolicyXCTests testSafetyPresentationAndPrivacyRedaction]' passed (0.002 seconds).
Test Case '-[FishSockTransferTests.DestinationCapacityPolicyXCTests testSumOverflowFailsSafely]' started.
Test Case '-[FishSockTransferTests.DestinationCapacityPolicyXCTests testSumOverflowFailsSafely]' passed (0.001 seconds).
Test Case '-[FishSockTransferTests.DestinationCapacityPolicyXCTests testTinyFileAPFSBlocksOldLogicalAdmission]' started.
Test Case '-[FishSockTransferTests.DestinationCapacityPolicyXCTests testTinyFileAPFSBlocksOldLogicalAdmission]' passed (0.001 seconds).
Test Case '-[FishSockTransferTests.DestinationCapacityPolicyXCTests testUnexpectedOrMissingAPFSUnitWarnsWithLogicalFloor]' started.
Test Case '-[FishSockTransferTests.DestinationCapacityPolicyXCTests testUnexpectedOrMissingAPFSUnitWarnsWithLogicalFloor]' passed (0.001 seconds).
Test Suite 'DestinationCapacityPolicyXCTests' passed at 2026-10-02 16:28:23.203.
	 Executed 23 tests, with 0 failures (0 unexpected) in 0.041 (0.076) seconds
Test Suite 'DestinationWritabilityFreshnessXCTests' started at 2026-10-02 16:28:23.203.
Test Case '-[FishSockTransferTests.DestinationWritabilityFreshnessXCTests testAuthoritativePreflightRejectsPostScanReadOnlyEvidence]' started.
Test Case '-[FishSockTransferTests.DestinationWritabilityFreshnessXCTests testAuthoritativePreflightRejectsPostScanReadOnlyEvidence]' passed (0.157 seconds).
Test Case '-[FishSockTransferTests.DestinationWritabilityFreshnessXCTests testDisappearedDestinationCannotUseInitialWritableSnapshot]' started.
Test Case '-[FishSockTransferTests.DestinationWritabilityFreshnessXCTests testDisappearedDestinationCannotUseInitialWritableSnapshot]' passed (0.034 seconds).
Test Case '-[FishSockTransferTests.DestinationWritabilityFreshnessXCTests testExistingDestinationUnavailableSemanticsForMissingAndFilePaths]' started.
Test Case '-[FishSockTransferTests.DestinationWritabilityFreshnessXCTests testExistingDestinationUnavailableSemanticsForMissingAndFilePaths]' passed (0.003 seconds).
Test Case '-[FishSockTransferTests.DestinationWritabilityFreshnessXCTests testProgrammaticCoordinatorRejectsPostScanReadOnlyBeforeRsync]' started.
[INFO] Validating transfer requirements...
[ERROR] TRANSFER ERROR: The destination location is unavailable or cannot be written.
[SYSTEM] Report saved: /var/folders/89/bwjml4px7bd8_gc4y493myh80000gn/T/FSTWritabilityRepair-4EB358AB-CF50-4215-8027-398A856BC744/destination/FST_Report_FST-20261002-162823-BB8A31D8.txt
Test Case '-[FishSockTransferTests.DestinationWritabilityFreshnessXCTests testProgrammaticCoordinatorRejectsPostScanReadOnlyBeforeRsync]' passed (0.077 seconds).
Test Suite 'DestinationWritabilityFreshnessXCTests' passed at 2026-10-02 16:28:23.474.
	 Executed 4 tests, with 0 failures (0 unexpected) in 0.270 (0.271) seconds
Test Suite 'LogVisibilityFilterXCTests' started at 2026-10-02 16:28:23.475.
Test Case '-[FishSockTransferTests.LogVisibilityFilterXCTests testBundledRsyncPathIsVisible]' started.
Test Case '-[FishSockTransferTests.LogVisibilityFilterXCTests testBundledRsyncPathIsVisible]' passed (0.001 seconds).
Test Case '-[FishSockTransferTests.LogVisibilityFilterXCTests testBundledRsyncVersionIsVisible]' started.
Test Case '-[FishSockTransferTests.LogVisibilityFilterXCTests testBundledRsyncVersionIsVisible]' passed (0.000 seconds).
Test Case '-[FishSockTransferTests.LogVisibilityFilterXCTests testDiagCoordinatorIsHidden]' started.
Test Case '-[FishSockTransferTests.LogVisibilityFilterXCTests testDiagCoordinatorIsHidden]' passed (0.001 seconds).
Test Case '-[FishSockTransferTests.LogVisibilityFilterXCTests testDiagRsyncRawIsHidden]' started.
Test Case '-[FishSockTransferTests.LogVisibilityFilterXCTests testDiagRsyncRawIsHidden]' passed (0.001 seconds).
Test Case '-[FishSockTransferTests.LogVisibilityFilterXCTests testDiagRsyncTimingIsHidden]' started.
Test Case '-[FishSockTransferTests.LogVisibilityFilterXCTests testDiagRsyncTimingIsHidden]' passed (0.001 seconds).
Test Case '-[FishSockTransferTests.LogVisibilityFilterXCTests testDiagViewModelIsHidden]' started.
Test Case '-[FishSockTransferTests.LogVisibilityFilterXCTests testDiagViewModelIsHidden]' passed (0.001 seconds).
Test Case '-[FishSockTransferTests.LogVisibilityFilterXCTests testErrorIsVisible]' started.
Test Case '-[FishSockTransferTests.LogVisibilityFilterXCTests testErrorIsVisible]' passed (0.001 seconds).
Test Case '-[FishSockTransferTests.LogVisibilityFilterXCTests testFilteredLogsWouldMissDiagViewModelEntries]' started.
Test Case '-[FishSockTransferTests.LogVisibilityFilterXCTests testFilteredLogsWouldMissDiagViewModelEntries]' passed (0.003 seconds).
Test Case '-[FishSockTransferTests.LogVisibilityFilterXCTests testHashDestinationPathIsHidden]' started.
Test Case '-[FishSockTransferTests.LogVisibilityFilterXCTests testHashDestinationPathIsHidden]' passed (0.001 seconds).
Test Case '-[FishSockTransferTests.LogVisibilityFilterXCTests testHashGeneratedDestinationIsHidden]' started.
Test Case '-[FishSockTransferTests.LogVisibilityFilterXCTests testHashGeneratedDestinationIsHidden]' passed (0.001 seconds).
Test Case '-[FishSockTransferTests.LogVisibilityFilterXCTests testHashGeneratedSourceIsHidden]' started.
Test Case '-[FishSockTransferTests.LogVisibilityFilterXCTests testHashGeneratedSourceIsHidden]' passed (0.001 seconds).
Test Case '-[FishSockTransferTests.LogVisibilityFilterXCTests testHashSourcePathIsHidden]' started.
Test Case '-[FishSockTransferTests.LogVisibilityFilterXCTests testHashSourcePathIsHidden]' passed (0.001 seconds).
Test Case '-[FishSockTransferTests.LogVisibilityFilterXCTests testManualCheckRequiredIsVisible]' started.
Test Case '-[FishSockTransferTests.LogVisibilityFilterXCTests testManualCheckRequiredIsVisible]' passed (0.000 seconds).
Test Case '-[FishSockTransferTests.LogVisibilityFilterXCTests testOperatorVisibleDoesNotMutateOriginalArray]' started.
Test Case '-[FishSockTransferTests.LogVisibilityFilterXCTests testOperatorVisibleDoesNotMutateOriginalArray]' passed (0.001 seconds).
Test Case '-[FishSockTransferTests.LogVisibilityFilterXCTests testOperatorVisibleFiltersOutDiagnostics]' started.
Test Case '-[FishSockTransferTests.LogVisibilityFilterXCTests testOperatorVisibleFiltersOutDiagnostics]' passed (0.001 seconds).
Test Case '-[FishSockTransferTests.LogVisibilityFilterXCTests testPreparingTransferIsVisible]' started.
Test Case '-[FishSockTransferTests.LogVisibilityFilterXCTests testPreparingTransferIsVisible]' passed (0.000 seconds).
Test Case '-[FishSockTransferTests.LogVisibilityFilterXCTests testReportDoesNotContainSafeToFormat]' started.
Test Case '-[FishSockTransferTests.LogVisibilityFilterXCTests testReportDoesNotContainSafeToFormat]' passed (0.005 seconds).
Test Case '-[FishSockTransferTests.LogVisibilityFilterXCTests testReportIncludesDiagViewModelWhenFullSnapshotPassed]' started.
Test Case '-[FishSockTransferTests.LogVisibilityFilterXCTests testReportIncludesDiagViewModelWhenFullSnapshotPassed]' passed (0.001 seconds).
Test Case '-[FishSockTransferTests.LogVisibilityFilterXCTests testReportIncludesFullLogWithDiagnostics]' started.
Test Case '-[FishSockTransferTests.LogVisibilityFilterXCTests testReportIncludesFullLogWithDiagnostics]' passed (0.001 seconds).
Test Case '-[FishSockTransferTests.LogVisibilityFilterXCTests testReportSavedIsVisible]' started.
Test Case '-[FishSockTransferTests.LogVisibilityFilterXCTests testReportSavedIsVisible]' passed (0.001 seconds).
Test Case '-[FishSockTransferTests.LogVisibilityFilterXCTests testReportWithNoLogsHasEmptyTechnicalLogSection]' started.
Test Case '-[FishSockTransferTests.LogVisibilityFilterXCTests testReportWithNoLogsHasEmptyTechnicalLogSection]' passed (0.001 seconds).
Test Case '-[FishSockTransferTests.LogVisibilityFilterXCTests testRsyncArgsIsVisible]' started.
Test Case '-[FishSockTransferTests.LogVisibilityFilterXCTests testRsyncArgsIsVisible]' passed (0.001 seconds).
Test Case '-[FishSockTransferTests.LogVisibilityFilterXCTests testRsyncCommandIsVisible]' started.
Test Case '-[FishSockTransferTests.LogVisibilityFilterXCTests testRsyncCommandIsVisible]' passed (0.001 seconds).
Test Case '-[FishSockTransferTests.LogVisibilityFilterXCTests testSafeToEjectIsVisible]' started.
Test Case '-[FishSockTransferTests.LogVisibilityFilterXCTests testSafeToEjectIsVisible]' passed (0.001 seconds).
Test Case '-[FishSockTransferTests.LogVisibilityFilterXCTests testScanningSourceIsVisible]' started.
Test Case '-[FishSockTransferTests.LogVisibilityFilterXCTests testScanningSourceIsVisible]' passed (0.001 seconds).
Test Case '-[FishSockTransferTests.LogVisibilityFilterXCTests testShowDiagnosticsIncludesDiagViewModel]' started.
Test Case '-[FishSockTransferTests.LogVisibilityFilterXCTests testShowDiagnosticsIncludesDiagViewModel]' passed (0.001 seconds).
Test Case '-[FishSockTransferTests.LogVisibilityFilterXCTests testStartingTransferWorkflowIsVisible]' started.
Test Case '-[FishSockTransferTests.LogVisibilityFilterXCTests testStartingTransferWorkflowIsVisible]' passed (0.001 seconds).
Test Case '-[FishSockTransferTests.LogVisibilityFilterXCTests testTransferCompletedIsVisible]' started.
Test Case '-[FishSockTransferTests.LogVisibilityFilterXCTests testTransferCompletedIsVisible]' passed (0.001 seconds).
Test Case '-[FishSockTransferTests.LogVisibilityFilterXCTests testTransferStartedIsVisible]' started.
Test Case '-[FishSockTransferTests.LogVisibilityFilterXCTests testTransferStartedIsVisible]' passed (0.001 seconds).
Test Case '-[FishSockTransferTests.LogVisibilityFilterXCTests testUiDefaultViewHidesDiagViewModel]' started.
Test Case '-[FishSockTransferTests.LogVisibilityFilterXCTests testUiDefaultViewHidesDiagViewModel]' passed (0.001 seconds).
Test Case '-[FishSockTransferTests.LogVisibilityFilterXCTests testValidatingTransferIsVisible]' started.
Test Case '-[FishSockTransferTests.LogVisibilityFilterXCTests testValidatingTransferIsVisible]' passed (0.006 seconds).
Test Case '-[FishSockTransferTests.LogVisibilityFilterXCTests testVerificationCompletedIsVisible]' started.
Test Case '-[FishSockTransferTests.LogVisibilityFilterXCTests testVerificationCompletedIsVisible]' passed (0.001 seconds).
Test Case '-[FishSockTransferTests.LogVisibilityFilterXCTests testVerificationStartedIsVisible]' started.
Test Case '-[FishSockTransferTests.LogVisibilityFilterXCTests testVerificationStartedIsVisible]' passed (0.001 seconds).
Test Case '-[FishSockTransferTests.LogVisibilityFilterXCTests testVerifyDiagIsHidden]' started.
Test Case '-[FishSockTransferTests.LogVisibilityFilterXCTests testVerifyDiagIsHidden]' passed (0.001 seconds).
Test Case '-[FishSockTransferTests.LogVisibilityFilterXCTests testWarningIsVisible]' started.
Test Case '-[FishSockTransferTests.LogVisibilityFilterXCTests testWarningIsVisible]' passed (0.001 seconds).
Test Suite 'LogVisibilityFilterXCTests' passed at 2026-10-02 16:28:23.527.
	 Executed 35 tests, with 0 failures (0 unexpected) in 0.034 (0.052) seconds
Test Suite 'MetadataOnlySourceSafetyXCTests' started at 2026-10-02 16:28:23.533.
Test Case '-[FishSockTransferTests.MetadataOnlySourceSafetyXCTests testCapacitySelectionFallsBackWhenImportantUsageIsMisleadingZero]' started.
Test Case '-[FishSockTransferTests.MetadataOnlySourceSafetyXCTests testCapacitySelectionFallsBackWhenImportantUsageIsMisleadingZero]' passed (0.001 seconds).
Test Case '-[FishSockTransferTests.MetadataOnlySourceSafetyXCTests testCapacitySelectionFallsBackWhenImportantUsageIsNegative]' started.
Test Case '-[FishSockTransferTests.MetadataOnlySourceSafetyXCTests testCapacitySelectionFallsBackWhenImportantUsageIsNegative]' passed (0.001 seconds).
Test Case '-[FishSockTransferTests.MetadataOnlySourceSafetyXCTests testCapacitySelectionFallsBackWhenImportantUsageIsUnavailable]' started.
Test Case '-[FishSockTransferTests.MetadataOnlySourceSafetyXCTests testCapacitySelectionFallsBackWhenImportantUsageIsUnavailable]' passed (0.001 seconds).
Test Case '-[FishSockTransferTests.MetadataOnlySourceSafetyXCTests testCapacitySelectionPrefersPositiveImportantUsage]' started.
Test Case '-[FishSockTransferTests.MetadataOnlySourceSafetyXCTests testCapacitySelectionPrefersPositiveImportantUsage]' passed (0.005 seconds).
Test Case '-[FishSockTransferTests.MetadataOnlySourceSafetyXCTests testCapacitySelectionPreservesGenuinelyFullOrdinaryVolume]' started.
Test Case '-[FishSockTransferTests.MetadataOnlySourceSafetyXCTests testCapacitySelectionPreservesGenuinelyFullOrdinaryVolume]' passed (0.001 seconds).
Test Case '-[FishSockTransferTests.MetadataOnlySourceSafetyXCTests testCapacitySelectionThrowsWhenNoUsableSignalExists]' started.
Test Case '-[FishSockTransferTests.MetadataOnlySourceSafetyXCTests testCapacitySelectionThrowsWhenNoUsableSignalExists]' passed (0.001 seconds).
Test Case '-[FishSockTransferTests.MetadataOnlySourceSafetyXCTests testCoordinatorPreflightFailureDoesNotStartRsyncOrWriteReportInSource]' started.
[INFO] Validating transfer requirements...
[ERROR] TRANSFER ERROR: Source and destination cannot be the same folder. Choose a separate destination.
[WARNING] Report skipped: no report was written because the destination was unsafe for report output.
Test Case '-[FishSockTransferTests.MetadataOnlySourceSafetyXCTests testCoordinatorPreflightFailureDoesNotStartRsyncOrWriteReportInSource]' passed (0.076 seconds).
Test Case '-[FishSockTransferTests.MetadataOnlySourceSafetyXCTests testDestinationObserverBoundsUseScannedLogicalTotal]' started.
Test Case '-[FishSockTransferTests.MetadataOnlySourceSafetyXCTests testDestinationObserverBoundsUseScannedLogicalTotal]' passed (0.006 seconds).
Test Case '-[FishSockTransferTests.MetadataOnlySourceSafetyXCTests testDriveServiceCountsCompressedFileLogicalBytes]' started.
Test Case '-[FishSockTransferTests.MetadataOnlySourceSafetyXCTests testDriveServiceCountsCompressedFileLogicalBytes]' passed (0.108 seconds).
Test Case '-[FishSockTransferTests.MetadataOnlySourceSafetyXCTests testDriveServiceCountsOrdinaryFileLogicalBytes]' started.
Test Case '-[FishSockTransferTests.MetadataOnlySourceSafetyXCTests testDriveServiceCountsOrdinaryFileLogicalBytes]' passed (0.003 seconds).
Test Case '-[FishSockTransferTests.MetadataOnlySourceSafetyXCTests testDriveServiceCountsSparseLogicalBytesWithoutMutatingSource]' started.
Test Case '-[FishSockTransferTests.MetadataOnlySourceSafetyXCTests testDriveServiceCountsSparseLogicalBytesWithoutMutatingSource]' passed (0.075 seconds).
Test Case '-[FishSockTransferTests.MetadataOnlySourceSafetyXCTests testDriveServiceScanHonorsCancellation]' started.
Test Case '-[FishSockTransferTests.MetadataOnlySourceSafetyXCTests testDriveServiceScanHonorsCancellation]' passed (0.003 seconds).
Test Case '-[FishSockTransferTests.MetadataOnlySourceSafetyXCTests testDriveServiceSumsLogicalBytesAndIgnoresExcludedFiles]' started.
Test Case '-[FishSockTransferTests.MetadataOnlySourceSafetyXCTests testDriveServiceSumsLogicalBytesAndIgnoresExcludedFiles]' passed (0.072 seconds).
Test Case '-[FishSockTransferTests.MetadataOnlySourceSafetyXCTests testDSStoreOnlySourceFailsValidation]' started.
Test Case '-[FishSockTransferTests.MetadataOnlySourceSafetyXCTests testDSStoreOnlySourceFailsValidation]' passed (0.003 seconds).
Test Case '-[FishSockTransferTests.MetadataOnlySourceSafetyXCTests testExcludedMetadataOnlySourceFailsValidation]' started.
Test Case '-[FishSockTransferTests.MetadataOnlySourceSafetyXCTests testExcludedMetadataOnlySourceFailsValidation]' passed (0.003 seconds).
Test Case '-[FishSockTransferTests.MetadataOnlySourceSafetyXCTests testExistingDestinationJobPathPreflightFailureDoesNotStartRsyncOrWriteReportInExistingJobDirectory]' started.
[INFO] Validating transfer requirements...
[ERROR] TRANSFER ERROR: Destination job path already exists: /var/folders/89/bwjml4px7bd8_gc4y493myh80000gn/T/FSTMetadataOnlySourceSafetyXCTests-071C8F73-01B4-45DC-A10F-9C1BDC5670BD/coordinator-existing-job-destination/coordinator-existing-job-source. Choose a new destination or create a new unique folder. FST will not merge or overwrite existing job data.
[SYSTEM] Report saved: /var/folders/89/bwjml4px7bd8_gc4y493myh80000gn/T/FSTMetadataOnlySourceSafetyXCTests-071C8F73-01B4-45DC-A10F-9C1BDC5670BD/coordinator-existing-job-destination/FST_Report_FST-20261002-162823-61061478.txt
Test Case '-[FishSockTransferTests.MetadataOnlySourceSafetyXCTests testExistingDestinationJobPathPreflightFailureDoesNotStartRsyncOrWriteReportInExistingJobDirectory]' passed (0.076 seconds).
Test Case '-[FishSockTransferTests.MetadataOnlySourceSafetyXCTests testFullZeroEligibleSourceFailsVerification]' started.
Test Case '-[FishSockTransferTests.MetadataOnlySourceSafetyXCTests testFullZeroEligibleSourceFailsVerification]' passed (0.004 seconds).
Test Case '-[FishSockTransferTests.MetadataOnlySourceSafetyXCTests testMetadataPlusMediaSourcePassesValidation]' started.
Test Case '-[FishSockTransferTests.MetadataOnlySourceSafetyXCTests testMetadataPlusMediaSourcePassesValidation]' passed (0.004 seconds).
Test Case '-[FishSockTransferTests.MetadataOnlySourceSafetyXCTests testNormalEligibleSourceStillVerifies]' started.
Test Case '-[FishSockTransferTests.MetadataOnlySourceSafetyXCTests testNormalEligibleSourceStillVerifies]' passed (0.006 seconds).
Test Case '-[FishSockTransferTests.MetadataOnlySourceSafetyXCTests testOrdinaryFallbackCapacityKeepsStartEligibleWhenSourceFits]' started.
Test Case '-[FishSockTransferTests.MetadataOnlySourceSafetyXCTests testOrdinaryFallbackCapacityKeepsStartEligibleWhenSourceFits]' passed (0.011 seconds).
Test Case '-[FishSockTransferTests.MetadataOnlySourceSafetyXCTests testPreflightAllowsAbsentDestinationJobPath]' started.
Test Case '-[FishSockTransferTests.MetadataOnlySourceSafetyXCTests testPreflightAllowsAbsentDestinationJobPath]' passed (0.003 seconds).
Test Case '-[FishSockTransferTests.MetadataOnlySourceSafetyXCTests testPreflightBlocksDestinationInsideSource]' started.
Test Case '-[FishSockTransferTests.MetadataOnlySourceSafetyXCTests testPreflightBlocksDestinationInsideSource]' passed (0.003 seconds).
Test Case '-[FishSockTransferTests.MetadataOnlySourceSafetyXCTests testPreflightBlocksExistingDestinationJobDirectoryWithFiles]' started.
Test Case '-[FishSockTransferTests.MetadataOnlySourceSafetyXCTests testPreflightBlocksExistingDestinationJobDirectoryWithFiles]' passed (0.004 seconds).
Test Case '-[FishSockTransferTests.MetadataOnlySourceSafetyXCTests testPreflightBlocksExistingEmptyDestinationJobDirectory]' started.
Test Case '-[FishSockTransferTests.MetadataOnlySourceSafetyXCTests testPreflightBlocksExistingEmptyDestinationJobDirectory]' passed (0.003 seconds).
Test Case '-[FishSockTransferTests.MetadataOnlySourceSafetyXCTests testPreflightBlocksExistingRegularFileAtDestinationJobPath]' started.
Test Case '-[FishSockTransferTests.MetadataOnlySourceSafetyXCTests testPreflightBlocksExistingRegularFileAtDestinationJobPath]' passed (0.003 seconds).
Test Case '-[FishSockTransferTests.MetadataOnlySourceSafetyXCTests testPreflightBlocksExistingSymlinkAtDestinationJobPath]' started.
Test Case '-[FishSockTransferTests.MetadataOnlySourceSafetyXCTests testPreflightBlocksExistingSymlinkAtDestinationJobPath]' passed (0.003 seconds).
Test Case '-[FishSockTransferTests.MetadataOnlySourceSafetyXCTests testPreflightBlocksInsufficientDestinationSpace]' started.
Test Case '-[FishSockTransferTests.MetadataOnlySourceSafetyXCTests testPreflightBlocksInsufficientDestinationSpace]' passed (0.003 seconds).
Test Case '-[FishSockTransferTests.MetadataOnlySourceSafetyXCTests testPreflightBlocksSameSourceAndDestination]' started.
Test Case '-[FishSockTransferTests.MetadataOnlySourceSafetyXCTests testPreflightBlocksSameSourceAndDestination]' passed (0.002 seconds).
Test Case '-[FishSockTransferTests.MetadataOnlySourceSafetyXCTests testPreflightBlocksSourceInsideDestination]' started.
Test Case '-[FishSockTransferTests.MetadataOnlySourceSafetyXCTests testPreflightBlocksSourceInsideDestination]' passed (0.002 seconds).
Test Case '-[FishSockTransferTests.MetadataOnlySourceSafetyXCTests testPreflightBlocksUnknownDestinationFreeSpace]' started.
Test Case '-[FishSockTransferTests.MetadataOnlySourceSafetyXCTests testPreflightBlocksUnknownDestinationFreeSpace]' passed (0.003 seconds).
Test Case '-[FishSockTransferTests.MetadataOnlySourceSafetyXCTests testPreflightUsesExclusionAwareSourceSize]' started.
Test Case '-[FishSockTransferTests.MetadataOnlySourceSafetyXCTests testPreflightUsesExclusionAwareSourceSize]' passed (0.004 seconds).
Test Case '-[FishSockTransferTests.MetadataOnlySourceSafetyXCTests testRandom33ZeroEligibleSourceFailsVerification]' started.
Test Case '-[FishSockTransferTests.MetadataOnlySourceSafetyXCTests testRandom33ZeroEligibleSourceFailsVerification]' passed (0.003 seconds).
Test Case '-[FishSockTransferTests.MetadataOnlySourceSafetyXCTests testRepeatedStartAdmitsExactlyOneWorkflow]' started.
[INFO] Validating transfer requirements...
[ERROR] TRANSFER ERROR: The source location is unavailable or cannot be read.
[WARNING] Report skipped: no report was written because the destination was unsafe for report output.
Test Case '-[FishSockTransferTests.MetadataOnlySourceSafetyXCTests testRepeatedStartAdmitsExactlyOneWorkflow]' passed (0.001 seconds).
Test Case '-[FishSockTransferTests.MetadataOnlySourceSafetyXCTests testSourceInsideDestinationPreflightFailureDoesNotWriteReportOnSourceMedia]' started.
[INFO] Validating transfer requirements...
[ERROR] TRANSFER ERROR: Source cannot be inside the destination folder. Choose a separate destination outside the source/media tree.
[WARNING] Report skipped: no report was written because the destination was unsafe for report output.
Test Case '-[FishSockTransferTests.MetadataOnlySourceSafetyXCTests testSourceInsideDestinationPreflightFailureDoesNotWriteReportOnSourceMedia]' passed (0.078 seconds).
Test Case '-[FishSockTransferTests.MetadataOnlySourceSafetyXCTests testSparseLogicalPreflightBlocksInsufficientSpaceAndAllowsEnough]' started.
Test Case '-[FishSockTransferTests.MetadataOnlySourceSafetyXCTests testSparseLogicalPreflightBlocksInsufficientSpaceAndAllowsEnough]' passed (0.005 seconds).
Test Case '-[FishSockTransferTests.MetadataOnlySourceSafetyXCTests testValidationAndVerificationUseExclusionPolicyConsistently]' started.
Test Case '-[FishSockTransferTests.MetadataOnlySourceSafetyXCTests testValidationAndVerificationUseExclusionPolicyConsistently]' passed (0.004 seconds).
Test Case '-[FishSockTransferTests.MetadataOnlySourceSafetyXCTests testValidPreflightPasses]' started.
Test Case '-[FishSockTransferTests.MetadataOnlySourceSafetyXCTests testValidPreflightPasses]' passed (0.003 seconds).
Test Suite 'MetadataOnlySourceSafetyXCTests' passed at 2026-10-02 16:28:24.129.
	 Executed 37 tests, with 0 failures (0 unexpected) in 0.587 (0.597) seconds
Test Suite 'NotificationCoordinatorXCTests' started at 2026-10-02 16:28:24.129.
Test Case '-[FishSockTransferTests.NotificationCoordinatorXCTests testFailedHeartbeatAttemptIsThrottledUntilNextInterval]' started.
Test Case '-[FishSockTransferTests.NotificationCoordinatorXCTests testFailedHeartbeatAttemptIsThrottledUntilNextInterval]' passed (0.001 seconds).
Test Case '-[FishSockTransferTests.NotificationCoordinatorXCTests testFailureSendsImmediately]' started.
Test Case '-[FishSockTransferTests.NotificationCoordinatorXCTests testFailureSendsImmediately]' passed (0.001 seconds).
Test Case '-[FishSockTransferTests.NotificationCoordinatorXCTests testFailureSummaryDoesNotLeakFullPath]' started.
Test Case '-[FishSockTransferTests.NotificationCoordinatorXCTests testFailureSummaryDoesNotLeakFullPath]' passed (0.001 seconds).
Test Case '-[FishSockTransferTests.NotificationCoordinatorXCTests testHeartbeatIntervalSupportsOnlyFifteenAndThirtyMinutes]' started.
Test Case '-[FishSockTransferTests.NotificationCoordinatorXCTests testHeartbeatIntervalSupportsOnlyFifteenAndThirtyMinutes]' passed (0.001 seconds).
Test Case '-[FishSockTransferTests.NotificationCoordinatorXCTests testHeartbeatThrottlingWorks]' started.
Test Case '-[FishSockTransferTests.NotificationCoordinatorXCTests testHeartbeatThrottlingWorks]' passed (0.001 seconds).
Test Case '-[FishSockTransferTests.NotificationCoordinatorXCTests testHostnameErrorUsesSanitizedOperatorMessageAndDoesNotExposeToken]' started.
2026-10-02 16:28:24.136375+0700 xctest[63167:85506333] [Default] Task <B36C712B-75AA-430E-BC4F-6E6AE6F15767>.<1> finished with error [-1003] Error Domain=NSURLErrorDomain Code=-1003 "(null)" UserInfo={_NSURLErrorRelatedURLSessionTaskErrorKey=(
    "LocalDataTask <B36C712B-75AA-430E-BC4F-6E6AE6F15767>.<1>"
), _NSURLErrorFailingURLSessionTaskErrorKey=LocalDataTask <B36C712B-75AA-430E-BC4F-6E6AE6F15767>.<1>}
Test Case '-[FishSockTransferTests.NotificationCoordinatorXCTests testHostnameErrorUsesSanitizedOperatorMessageAndDoesNotExposeToken]' passed (0.001 seconds).
Test Case '-[FishSockTransferTests.NotificationCoordinatorXCTests testMessagesDoNotIncludeUnsafeFullPathsByDefault]' started.
Test Case '-[FishSockTransferTests.NotificationCoordinatorXCTests testMessagesDoNotIncludeUnsafeFullPathsByDefault]' passed (0.001 seconds).
Test Case '-[FishSockTransferTests.NotificationCoordinatorXCTests testMissingTokenOrChatIDHandledSafely]' started.
Test Case '-[FishSockTransferTests.NotificationCoordinatorXCTests testMissingTokenOrChatIDHandledSafely]' passed (0.001 seconds).
Test Case '-[FishSockTransferTests.NotificationCoordinatorXCTests testNotificationDisabledSendsNothing]' started.
Test Case '-[FishSockTransferTests.NotificationCoordinatorXCTests testNotificationDisabledSendsNothing]' passed (0.001 seconds).
Test Case '-[FishSockTransferTests.NotificationCoordinatorXCTests testOneTestMessageActionSendsOnlyOneRequest]' started.
Test Case '-[FishSockTransferTests.NotificationCoordinatorXCTests testOneTestMessageActionSendsOnlyOneRequest]' passed (0.001 seconds).
Test Case '-[FishSockTransferTests.NotificationCoordinatorXCTests testTelegramFailureDoesNotFailTransferJobPath]' started.
Test Case '-[FishSockTransferTests.NotificationCoordinatorXCTests testTelegramFailureDoesNotFailTransferJobPath]' passed (0.001 seconds).
Test Case '-[FishSockTransferTests.NotificationCoordinatorXCTests testTelegramHTTP200WithInvalidJSONIsSurfacedAsError]' started.
Test Case '-[FishSockTransferTests.NotificationCoordinatorXCTests testTelegramHTTP200WithInvalidJSONIsSurfacedAsError]' passed (0.001 seconds).
Test Case '-[FishSockTransferTests.NotificationCoordinatorXCTests testTelegramRequestRejectsEmptyChatIDBeforeNetwork]' started.
Test Case '-[FishSockTransferTests.NotificationCoordinatorXCTests testTelegramRequestRejectsEmptyChatIDBeforeNetwork]' passed (0.001 seconds).
Test Case '-[FishSockTransferTests.NotificationCoordinatorXCTests testTelegramRequestRejectsEmptyTokenBeforeNetwork]' started.
Test Case '-[FishSockTransferTests.NotificationCoordinatorXCTests testTelegramRequestRejectsEmptyTokenBeforeNetwork]' passed (0.001 seconds).
Test Case '-[FishSockTransferTests.NotificationCoordinatorXCTests testTelegramRequestTrimsTokenAndChatID]' started.
Test Case '-[FishSockTransferTests.NotificationCoordinatorXCTests testTelegramRequestTrimsTokenAndChatID]' passed (0.001 seconds).
Test Case '-[FishSockTransferTests.NotificationCoordinatorXCTests testTelegramRequestUsesFixedAPIHostSchemeAndPath]' started.
Test Case '-[FishSockTransferTests.NotificationCoordinatorXCTests testTelegramRequestUsesFixedAPIHostSchemeAndPath]' passed (0.001 seconds).
Test Case '-[FishSockTransferTests.NotificationCoordinatorXCTests testTelegramRequestUsesPostAndFormBody]' started.
Test Case '-[FishSockTransferTests.NotificationCoordinatorXCTests testTelegramRequestUsesPostAndFormBody]' passed (0.001 seconds).
Test Case '-[FishSockTransferTests.NotificationCoordinatorXCTests testTestMessageFailurePathDoesNotThrow]' started.
Test Case '-[FishSockTransferTests.NotificationCoordinatorXCTests testTestMessageFailurePathDoesNotThrow]' passed (0.001 seconds).
Test Case '-[FishSockTransferTests.NotificationCoordinatorXCTests testTestMessageSuccessPath]' started.
Test Case '-[FishSockTransferTests.NotificationCoordinatorXCTests testTestMessageSuccessPath]' passed (0.001 seconds).
Test Case '-[FishSockTransferTests.NotificationCoordinatorXCTests testVerifiedSuccessSendsOnce]' started.
Test Case '-[FishSockTransferTests.NotificationCoordinatorXCTests testVerifiedSuccessSendsOnce]' passed (0.001 seconds).
Test Suite 'NotificationCoordinatorXCTests' passed at 2026-10-02 16:28:24.159.
	 Executed 20 tests, with 0 failures (0 unexpected) in 0.019 (0.030) seconds
Test Suite 'ProgressParserXCTests' started at 2026-10-02 16:28:24.159.
Test Case '-[FishSockTransferTests.ProgressParserXCTests testActiveCopyProgressClampsPrematureHundredPercent]' started.
Test Case '-[FishSockTransferTests.ProgressParserXCTests testActiveCopyProgressClampsPrematureHundredPercent]' passed (0.004 seconds).
Test Case '-[FishSockTransferTests.ProgressParserXCTests testLiveProgress2CarriesRecentSpeedAndRemainingTime]' started.
Test Case '-[FishSockTransferTests.ProgressParserXCTests testLiveProgress2CarriesRecentSpeedAndRemainingTime]' passed (0.001 seconds).
Test Case '-[FishSockTransferTests.ProgressParserXCTests testParsesCarriageReturnDelimitedRecordsWithHumanReadableByteCounts]' started.
Test Case '-[FishSockTransferTests.ProgressParserXCTests testParsesCarriageReturnDelimitedRecordsWithHumanReadableByteCounts]' passed (0.001 seconds).
Test Case '-[FishSockTransferTests.ProgressParserXCTests testParsesCROnlyProgressRecord]' started.
Test Case '-[FishSockTransferTests.ProgressParserXCTests testParsesCROnlyProgressRecord]' passed (0.001 seconds).
Test Case '-[FishSockTransferTests.ProgressParserXCTests testParsesETAFields]' started.
Test Case '-[FishSockTransferTests.ProgressParserXCTests testParsesETAFields]' passed (0.001 seconds).
Test Case '-[FishSockTransferTests.ProgressParserXCTests testParsesGigabytesPerSecond]' started.
Test Case '-[FishSockTransferTests.ProgressParserXCTests testParsesGigabytesPerSecond]' passed (0.001 seconds).
Test Case '-[FishSockTransferTests.ProgressParserXCTests testParsesHumanReadableByteCounts]' started.
Test Case '-[FishSockTransferTests.ProgressParserXCTests testParsesHumanReadableByteCounts]' passed (0.001 seconds).
Test Case '-[FishSockTransferTests.ProgressParserXCTests testParsesKilobytesPerSecond]' started.
Test Case '-[FishSockTransferTests.ProgressParserXCTests testParsesKilobytesPerSecond]' passed (0.001 seconds).
Test Case '-[FishSockTransferTests.ProgressParserXCTests testParsesMegabytesPerSecond]' started.
Test Case '-[FishSockTransferTests.ProgressParserXCTests testParsesMegabytesPerSecond]' passed (0.001 seconds).
Test Case '-[FishSockTransferTests.ProgressParserXCTests testProcessorEmitsOnlyProgressFromCheckpointsIncludingActiveHundred]' started.
Test Case '-[FishSockTransferTests.ProgressParserXCTests testProcessorEmitsOnlyProgressFromCheckpointsIncludingActiveHundred]' passed (0.004 seconds).
Test Case '-[FishSockTransferTests.ProgressParserXCTests testProcessorLiveCheckpointLiveSequencePreservesAndUpdatesEstimates]' started.
Test Case '-[FishSockTransferTests.ProgressParserXCTests testProcessorLiveCheckpointLiveSequencePreservesAndUpdatesEstimates]' passed (0.001 seconds).
Test Case '-[FishSockTransferTests.ProgressParserXCTests testProcessorLiveHundredRemainsActiveBelowCompletion]' started.
Test Case '-[FishSockTransferTests.ProgressParserXCTests testProcessorLiveHundredRemainsActiveBelowCompletion]' passed (0.001 seconds).
Test Case '-[FishSockTransferTests.ProgressParserXCTests testProgress2CheckpointsCarryAverageAndElapsedForBothListModes]' started.
Test Case '-[FishSockTransferTests.ProgressParserXCTests testProgress2CheckpointsCarryAverageAndElapsedForBothListModes]' passed (0.001 seconds).
Test Case '-[FishSockTransferTests.ProgressParserXCTests testProgressDeliveryGateThrottlesDuplicateProgressButAllowsForcedFirstProgress]' started.
Test Case '-[FishSockTransferTests.ProgressParserXCTests testProgressDeliveryGateThrottlesDuplicateProgressButAllowsForcedFirstProgress]' passed (0.042 seconds).
Test Case '-[FishSockTransferTests.ProgressParserXCTests testRejectsArbitraryFilenameTextContainingPercent]' started.
Test Case '-[FishSockTransferTests.ProgressParserXCTests testRejectsArbitraryFilenameTextContainingPercent]' passed (0.000 seconds).
Test Case '-[FishSockTransferTests.ProgressParserXCTests testRejectsMalformedCheckpointAndProgressShapedFilenameSuffixes]' started.
Test Case '-[FishSockTransferTests.ProgressParserXCTests testRejectsMalformedCheckpointAndProgressShapedFilenameSuffixes]' passed (0.000 seconds).
Test Case '-[FishSockTransferTests.ProgressParserXCTests testRejectsMalformedHumanReadableByteCounts]' started.
Test Case '-[FishSockTransferTests.ProgressParserXCTests testRejectsMalformedHumanReadableByteCounts]' passed (0.000 seconds).
Test Case '-[FishSockTransferTests.ProgressParserXCTests testRsyncCommandIncludesOutputBufferArgumentAndNoFallbackPath]' started.
Test Case '-[FishSockTransferTests.ProgressParserXCTests testRsyncCommandIncludesOutputBufferArgumentAndNoFallbackPath]' passed (0.002 seconds).
Test Case '-[FishSockTransferTests.ProgressParserXCTests testRsyncOutputFramerHandlesBurstOfFilenamesAndProgress]' started.
Test Case '-[FishSockTransferTests.ProgressParserXCTests testRsyncOutputFramerHandlesBurstOfFilenamesAndProgress]' passed (0.000 seconds).
Test Case '-[FishSockTransferTests.ProgressParserXCTests testRsyncOutputFramerHandlesCarriageReturnRecords]' started.
Test Case '-[FishSockTransferTests.ProgressParserXCTests testRsyncOutputFramerHandlesCarriageReturnRecords]' passed (0.001 seconds).
Test Case '-[FishSockTransferTests.ProgressParserXCTests testRsyncOutputFramerHandlesCRLFRecords]' started.
Test Case '-[FishSockTransferTests.ProgressParserXCTests testRsyncOutputFramerHandlesCRLFRecords]' passed (0.001 seconds).
Test Case '-[FishSockTransferTests.ProgressParserXCTests testRsyncOutputFramerHandlesMixedNameAndProgressRecords]' started.
Test Case '-[FishSockTransferTests.ProgressParserXCTests testRsyncOutputFramerHandlesMixedNameAndProgressRecords]' passed (0.001 seconds).
Test Case '-[FishSockTransferTests.ProgressParserXCTests testRsyncOutputFramerHandlesNewlineRecords]' started.
Test Case '-[FishSockTransferTests.ProgressParserXCTests testRsyncOutputFramerHandlesNewlineRecords]' passed (0.001 seconds).
Test Case '-[FishSockTransferTests.ProgressParserXCTests testRsyncOutputFramerHandlesPartialChunks]' started.
Test Case '-[FishSockTransferTests.ProgressParserXCTests testRsyncOutputFramerHandlesPartialChunks]' passed (0.008 seconds).
Test Case '-[FishSockTransferTests.ProgressParserXCTests testStdoutRecordProcessorEmitsCurrentFileForNameRecords]' started.
Test Case '-[FishSockTransferTests.ProgressParserXCTests testStdoutRecordProcessorEmitsCurrentFileForNameRecords]' passed (0.001 seconds).
Test Case '-[FishSockTransferTests.ProgressParserXCTests testStdoutRecordProcessorIgnoresEmptyFilenameRecords]' started.
Test Case '-[FishSockTransferTests.ProgressParserXCTests testStdoutRecordProcessorIgnoresEmptyFilenameRecords]' passed (0.001 seconds).
Test Case '-[FishSockTransferTests.ProgressParserXCTests testStdoutRecordProcessorThrottlesManyProgressRecordsWithoutSuppressingFirstProgress]' started.
Test Case '-[FishSockTransferTests.ProgressParserXCTests testStdoutRecordProcessorThrottlesManyProgressRecordsWithoutSuppressingFirstProgress]' passed (0.002 seconds).
Test Suite 'ProgressParserXCTests' passed at 2026-10-02 16:28:24.249.
	 Executed 27 tests, with 0 failures (0 unexpected) in 0.074 (0.089) seconds
Test Suite 'ReportEngineXCTests' started at 2026-10-02 16:28:24.254.
Test Case '-[FishSockTransferTests.ReportEngineXCTests testCancelledReportIsCancelledAndNotSafeToEject]' started.
Test Case '-[FishSockTransferTests.ReportEngineXCTests testCancelledReportIsCancelledAndNotSafeToEject]' passed (0.001 seconds).
Test Case '-[FishSockTransferTests.ReportEngineXCTests testCopyOnlyReportIsTransferCompleteAndNotSafeToEject]' started.
Test Case '-[FishSockTransferTests.ReportEngineXCTests testCopyOnlyReportIsTransferCompleteAndNotSafeToEject]' passed (0.002 seconds).
Test Case '-[FishSockTransferTests.ReportEngineXCTests testFilenameIsSafeUniqueDestinationSideAndUsesJobID]' started.
Test Case '-[FishSockTransferTests.ReportEngineXCTests testFilenameIsSafeUniqueDestinationSideAndUsesJobID]' passed (0.004 seconds).
Test Case '-[FishSockTransferTests.ReportEngineXCTests testFullPassUsesXXHash64FullAndSafeToEjectDestination]' started.
Test Case '-[FishSockTransferTests.ReportEngineXCTests testFullPassUsesXXHash64FullAndSafeToEjectDestination]' passed (0.001 seconds).
Test Case '-[FishSockTransferTests.ReportEngineXCTests testOperatorFacingRsyncDetailIsMinimalAndBandwidthIsHumanReadable]' started.
Test Case '-[FishSockTransferTests.ReportEngineXCTests testOperatorFacingRsyncDetailIsMinimalAndBandwidthIsHumanReadable]' passed (0.002 seconds).
Test Case '-[FishSockTransferTests.ReportEngineXCTests testRandom33PassUsesSHA256SampleAndRandomSampleScope]' started.
Test Case '-[FishSockTransferTests.ReportEngineXCTests testRandom33PassUsesSHA256SampleAndRandomSampleScope]' passed (0.001 seconds).
Test Case '-[FishSockTransferTests.ReportEngineXCTests testReportDoesNotContainForbiddenFormatAuthorizationWording]' started.
Test Case '-[FishSockTransferTests.ReportEngineXCTests testReportDoesNotContainForbiddenFormatAuthorizationWording]' passed (0.001 seconds).
Test Case '-[FishSockTransferTests.ReportEngineXCTests testReportIncludesBilingualDisclaimerNearTop]' started.
Test Case '-[FishSockTransferTests.ReportEngineXCTests testReportIncludesBilingualDisclaimerNearTop]' passed (0.001 seconds).
Test Case '-[FishSockTransferTests.ReportEngineXCTests testTechnicalLogPreservesRawDiagnosticLinesWhenProvided]' started.
Test Case '-[FishSockTransferTests.ReportEngineXCTests testTechnicalLogPreservesRawDiagnosticLinesWhenProvided]' passed (0.001 seconds).
Test Case '-[FishSockTransferTests.ReportEngineXCTests testTransferFailureReportIsTransferError]' started.
Test Case '-[FishSockTransferTests.ReportEngineXCTests testTransferFailureReportIsTransferError]' passed (0.001 seconds).
Test Case '-[FishSockTransferTests.ReportEngineXCTests testTruthfulnessGuardBlocksInvalidSafeToEjectFacts]' started.
Test Case '-[FishSockTransferTests.ReportEngineXCTests testTruthfulnessGuardBlocksInvalidSafeToEjectFacts]' passed (0.001 seconds).
Test Case '-[FishSockTransferTests.ReportEngineXCTests testVerificationFailureReportRequiresManualCheck]' started.
Test Case '-[FishSockTransferTests.ReportEngineXCTests testVerificationFailureReportRequiresManualCheck]' passed (0.001 seconds).
Test Case '-[FishSockTransferTests.ReportEngineXCTests testWarningsAndErrorsRenderLogEvidenceWhenPresent]' started.
Test Case '-[FishSockTransferTests.ReportEngineXCTests testWarningsAndErrorsRenderLogEvidenceWhenPresent]' passed (0.001 seconds).
Test Case '-[FishSockTransferTests.ReportEngineXCTests testWarningsAndErrorsRenderNoneWhenEmpty]' started.
Test Case '-[FishSockTransferTests.ReportEngineXCTests testWarningsAndErrorsRenderNoneWhenEmpty]' passed (0.001 seconds).
Test Suite 'ReportEngineXCTests' passed at 2026-10-02 16:28:24.280.
	 Executed 14 tests, with 0 failures (0 unexpected) in 0.021 (0.026) seconds
Test Suite 'RsyncBandwidthLimitXCTests' started at 2026-10-02 16:28:24.280.
Test Case '-[FishSockTransferTests.RsyncBandwidthLimitXCTests testFractionalConversionRoundsPredictably]' started.
Test Case '-[FishSockTransferTests.RsyncBandwidthLimitXCTests testFractionalConversionRoundsPredictably]' passed (0.001 seconds).
Test Case '-[FishSockTransferTests.RsyncBandwidthLimitXCTests testGeneratedArgumentDoesNotContainRsyncPath]' started.
Test Case '-[FishSockTransferTests.RsyncBandwidthLimitXCTests testGeneratedArgumentDoesNotContainRsyncPath]' passed (0.001 seconds).
Test Case '-[FishSockTransferTests.RsyncBandwidthLimitXCTests testInvalidBandwidthErrorOffersPresetsInsteadOfCustomRange]' started.
Test Case '-[FishSockTransferTests.RsyncBandwidthLimitXCTests testInvalidBandwidthErrorOffersPresetsInsteadOfCustomRange]' passed (0.001 seconds).
Test Case '-[FishSockTransferTests.RsyncBandwidthLimitXCTests testInvalidLimitsThrow]' started.
Test Case '-[FishSockTransferTests.RsyncBandwidthLimitXCTests testInvalidLimitsThrow]' passed (0.005 seconds).
Test Case '-[FishSockTransferTests.RsyncBandwidthLimitXCTests testMaximumAllowedLimit]' started.
Test Case '-[FishSockTransferTests.RsyncBandwidthLimitXCTests testMaximumAllowedLimit]' passed (0.001 seconds).
Test Case '-[FishSockTransferTests.RsyncBandwidthLimitXCTests testPresetConversions]' started.
Test Case '-[FishSockTransferTests.RsyncBandwidthLimitXCTests testPresetConversions]' passed (0.001 seconds).
Test Case '-[FishSockTransferTests.RsyncBandwidthLimitXCTests testUnlimitedOmitsBwlimit]' started.
Test Case '-[FishSockTransferTests.RsyncBandwidthLimitXCTests testUnlimitedOmitsBwlimit]' passed (0.000 seconds).
Test Case '-[FishSockTransferTests.RsyncBandwidthLimitXCTests testValidLimitProducesBwlimitArgument]' started.
Test Case '-[FishSockTransferTests.RsyncBandwidthLimitXCTests testValidLimitProducesBwlimitArgument]' passed (0.001 seconds).
Test Suite 'RsyncBandwidthLimitXCTests' passed at 2026-10-02 16:28:24.291.
	 Executed 8 tests, with 0 failures (0 unexpected) in 0.009 (0.011) seconds
Test Suite 'SemanticVersionXCTests' started at 2026-10-02 16:28:24.296.
Test Case '-[FishSockTransferTests.SemanticVersionXCTests testLeadingVNormalizes]' started.
Test Case '-[FishSockTransferTests.SemanticVersionXCTests testLeadingVNormalizes]' passed (0.001 seconds).
Test Case '-[FishSockTransferTests.SemanticVersionXCTests testMajorComparison]' started.
Test Case '-[FishSockTransferTests.SemanticVersionXCTests testMajorComparison]' passed (0.001 seconds).
Test Case '-[FishSockTransferTests.SemanticVersionXCTests testMalformedVersionsFailSafely]' started.
Test Case '-[FishSockTransferTests.SemanticVersionXCTests testMalformedVersionsFailSafely]' passed (0.001 seconds).
Test Case '-[FishSockTransferTests.SemanticVersionXCTests testMinorComparisonUsesNumericOrdering]' started.
Test Case '-[FishSockTransferTests.SemanticVersionXCTests testMinorComparisonUsesNumericOrdering]' passed (0.001 seconds).
Test Case '-[FishSockTransferTests.SemanticVersionXCTests testMissingPatchDefaultsToZero]' started.
Test Case '-[FishSockTransferTests.SemanticVersionXCTests testMissingPatchDefaultsToZero]' passed (0.005 seconds).
Test Case '-[FishSockTransferTests.SemanticVersionXCTests testPatchComparison]' started.
Test Case '-[FishSockTransferTests.SemanticVersionXCTests testPatchComparison]' passed (0.001 seconds).
Test Case '-[FishSockTransferTests.SemanticVersionXCTests testPrereleaseAndBuildMetadataAreIgnoredForMVPComparison]' started.
Test Case '-[FishSockTransferTests.SemanticVersionXCTests testPrereleaseAndBuildMetadataAreIgnoredForMVPComparison]' passed (0.001 seconds).
Test Suite 'SemanticVersionXCTests' passed at 2026-10-02 16:28:24.306.
	 Executed 7 tests, with 0 failures (0 unexpected) in 0.009 (0.010) seconds
Test Suite 'TransferViewModelRuntimeXCTests' started at 2026-10-02 16:28:24.306.
Test Case '-[FishSockTransferTests.TransferViewModelRuntimeXCTests testActionPresentationCancelledPreservesStartNewTransfer]' started.
Test Case '-[FishSockTransferTests.TransferViewModelRuntimeXCTests testActionPresentationCancelledPreservesStartNewTransfer]' passed (0.001 seconds).
Test Case '-[FishSockTransferTests.TransferViewModelRuntimeXCTests testActionPresentationCopyingPresentsCancel]' started.
Test Case '-[FishSockTransferTests.TransferViewModelRuntimeXCTests testActionPresentationCopyingPresentsCancel]' passed (0.001 seconds).
Test Case '-[FishSockTransferTests.TransferViewModelRuntimeXCTests testActionPresentationErrorPresentsDisabledErrorWhenInvalid]' started.
Test Case '-[FishSockTransferTests.TransferViewModelRuntimeXCTests testActionPresentationErrorPresentsDisabledErrorWhenInvalid]' passed (0.001 seconds).
Test Case '-[FishSockTransferTests.TransferViewModelRuntimeXCTests testActionPresentationErrorPresentsRetryWhenValid]' started.
Test Case '-[FishSockTransferTests.TransferViewModelRuntimeXCTests testActionPresentationErrorPresentsRetryWhenValid]' passed (0.000 seconds).
Test Case '-[FishSockTransferTests.TransferViewModelRuntimeXCTests testActionPresentationReadyWithValidInputsPresentsStart]' started.
Test Case '-[FishSockTransferTests.TransferViewModelRuntimeXCTests testActionPresentationReadyWithValidInputsPresentsStart]' passed (0.004 seconds).
Test Case '-[FishSockTransferTests.TransferViewModelRuntimeXCTests testActionPresentationValidatingIsNotAdvertisedAsCancellable]' started.
Test Case '-[FishSockTransferTests.TransferViewModelRuntimeXCTests testActionPresentationValidatingIsNotAdvertisedAsCancellable]' passed (0.001 seconds).
Test Case '-[FishSockTransferTests.TransferViewModelRuntimeXCTests testActionPresentationVerifyingPresentsCancel]' started.
Test Case '-[FishSockTransferTests.TransferViewModelRuntimeXCTests testActionPresentationVerifyingPresentsCancel]' passed (0.000 seconds).
Test Case '-[FishSockTransferTests.TransferViewModelRuntimeXCTests testActivePhaseHeroTitlesAndSeparateSecondaryAverage]' started.
Test Case '-[FishSockTransferTests.TransferViewModelRuntimeXCTests testActivePhaseHeroTitlesAndSeparateSecondaryAverage]' passed (0.001 seconds).
Test Case '-[FishSockTransferTests.TransferViewModelRuntimeXCTests testAdmissionRejectedWhileWorkflowActiveDoesNotPollOrStartLater]' started.
[INFO] Validating transfer requirements...
[PROGRESS] DIAG [OBSERVER] OBSERVER started: /var/folders/89/bwjml4px7bd8_gc4y493myh80000gn/T/FSTActiveRejection-0A4A9225-A85D-4EF8-9C33-728BCAEE5BDE/destination/source
[INFO] Transfer Started
[PROGRESS] DIAG [OBSERVER] OBSERVER sample: copiedBytes=0 files=0 currentItem=- speed=- eta=-
[FILE] 
[PROGRESS] DIAG [COORDINATOR] COORDINATOR FORWARDED speed event: 0.00 MB/s at +0s
[PROGRESS] Speed 0.00 MB/s
[PROGRESS] DIAG [COORDINATOR] COORDINATOR FORWARDED rsync time event: --:-- at +0s
[PROGRESS] Rsync Time --:--
[TRANSFER] Bundled rsync path: /var/folders/89/bwjml4px7bd8_gc4y493myh80000gn/T/FSTActiveRejection-0A4A9225-A85D-4EF8-9C33-728BCAEE5BDE/fake-rsync
[TRANSFER] Bundled rsync version: 3.4.4
[TRANSFER] Using bundled rsync 3.4.4 at /var/folders/89/bwjml4px7bd8_gc4y493myh80000gn/T/FSTActiveRejection-0A4A9225-A85D-4EF8-9C33-728BCAEE5BDE/fake-rsync
[TRANSFER] Selected Limit: Unlimited | Converted Limit: none | Rsync Bwlimit Argument: none | Rsync Version: bundled rsync 3.4.4
[TRANSFER] Rsync Args: -a -h --info=name1,progress2 --outbuf=N --exclude=.DS_Store --exclude=._* --exclude=.Spotlight-V100 --exclude=.Trashes --exclude=.fseventsd --exclude=.TemporaryItems /var/folders/89/bwjml4px7bd8_gc4y493myh80000gn/T/FSTActiveRejection-0A4A9225-A85D-4EF8-9C33-728BCAEE5BDE/source /var/folders/89/bwjml4px7bd8_gc4y493myh80000gn/T/FSTActiveRejection-0A4A9225-A85D-4EF8-9C33-728BCAEE5BDE/destination/
[TRANSFER] Rsync Command: /var/folders/89/bwjml4px7bd8_gc4y493myh80000gn/T/FSTActiveRejection-0A4A9225-A85D-4EF8-9C33-728BCAEE5BDE/fake-rsync -a -h --info=name1,progress2 --outbuf=N --exclude=.DS_Store --exclude=._* --exclude=.Spotlight-V100 --exclude=.Trashes --exclude=.fseventsd --exclude=.TemporaryItems /var/folders/89/bwjml4px7bd8_gc4y493myh80000gn/T/FSTActiveRejection-0A4A9225-A85D-4EF8-9C33-728BCAEE5BDE/source /var/folders/89/bwjml4px7bd8_gc4y493myh80000gn/T/FSTActiveRejection-0A4A9225-A85D-4EF8-9C33-728BCAEE5BDE/destination/
[TRANSFER] DIAG [RSYNC TIMING] Rsync process started at +0s
[PROGRESS] DIAG [OBSERVER] OBSERVER stopped: cancel requested
[FILE] 
[PROGRESS] Speed 0.00 MB/s
[PROGRESS] Rsync Time --:--
[WARNING] Transfer Cancelled
[SYSTEM] Report saved: /var/folders/89/bwjml4px7bd8_gc4y493myh80000gn/T/FSTActiveRejection-0A4A9225-A85D-4EF8-9C33-728BCAEE5BDE/destination/FST_Report_FST-20261002-162824-4FD84664.txt
Test Case '-[FishSockTransferTests.TransferViewModelRuntimeXCTests testAdmissionRejectedWhileWorkflowActiveDoesNotPollOrStartLater]' passed (0.421 seconds).
Test Case '-[FishSockTransferTests.TransferViewModelRuntimeXCTests testBandwidthUnlimitedPresetSequenceReachesRsyncArgumentsAndReport]' started.
[INFO] Validating transfer requirements...
[PROGRESS] DIAG [OBSERVER] OBSERVER started: /Users/cenvu/DEV/FST_V2/build/p0-bandwidth/runtime-52E5D245-0C80-4FA1-A2E4-71B8B80BC2C0/destination/run-0/source
[INFO] Transfer Started
[FILE] 
[PROGRESS] DIAG [COORDINATOR] COORDINATOR FORWARDED speed event: 0.00 MB/s at +0s
[PROGRESS] Speed 0.00 MB/s
[PROGRESS] DIAG [COORDINATOR] COORDINATOR FORWARDED rsync time event: --:-- at +0s
[PROGRESS] Rsync Time --:--
[PROGRESS] DIAG [OBSERVER] OBSERVER sample: copiedBytes=0 files=0 currentItem=- speed=- eta=-
[TRANSFER] Bundled rsync path: /Users/cenvu/DEV/FST_V2/build/p0-bandwidth/runtime-52E5D245-0C80-4FA1-A2E4-71B8B80BC2C0/fake-rsync
[TRANSFER] Bundled rsync version: 3.4.4
[TRANSFER] Using bundled rsync 3.4.4 at /Users/cenvu/DEV/FST_V2/build/p0-bandwidth/runtime-52E5D245-0C80-4FA1-A2E4-71B8B80BC2C0/fake-rsync
[TRANSFER] Selected Limit: Unlimited | Converted Limit: none | Rsync Bwlimit Argument: none | Rsync Version: bundled rsync 3.4.4
[TRANSFER] Rsync Args: -a -h --info=name1,progress2 --outbuf=N --exclude=.DS_Store --exclude=._* --exclude=.Spotlight-V100 --exclude=.Trashes --exclude=.fseventsd --exclude=.TemporaryItems /Users/cenvu/DEV/FST_V2/build/p0-bandwidth/runtime-52E5D245-0C80-4FA1-A2E4-71B8B80BC2C0/source /Users/cenvu/DEV/FST_V2/build/p0-bandwidth/runtime-52E5D245-0C80-4FA1-A2E4-71B8B80BC2C0/destination/run-0/
[TRANSFER] Rsync Command: /Users/cenvu/DEV/FST_V2/build/p0-bandwidth/runtime-52E5D245-0C80-4FA1-A2E4-71B8B80BC2C0/fake-rsync -a -h --info=name1,progress2 --outbuf=N --exclude=.DS_Store --exclude=._* --exclude=.Spotlight-V100 --exclude=.Trashes --exclude=.fseventsd --exclude=.TemporaryItems /Users/cenvu/DEV/FST_V2/build/p0-bandwidth/runtime-52E5D245-0C80-4FA1-A2E4-71B8B80BC2C0/source /Users/cenvu/DEV/FST_V2/build/p0-bandwidth/runtime-52E5D245-0C80-4FA1-A2E4-71B8B80BC2C0/destination/run-0/
[TRANSFER] DIAG [RSYNC TIMING] Rsync process started at +0s
[PROGRESS] DIAG [COORDINATOR] COORDINATOR FORWARDED progress event: 100.0% at +0s
[PROGRESS] DIAG [COORDINATOR] First progress forwarded: 100.0% at +0s
[PROGRESS] Progress 100%
[FILE] 
[PROGRESS] Speed 0.00 MB/s
[PROGRESS] Rsync Time --:--
[SUCCESS] Transfer Completed
[PROGRESS] DIAG [OBSERVER] OBSERVER stopped: rsync completed
[SYSTEM] TRANSFER COMPLETE. Verification disabled.
[SYSTEM] Report saved: /Users/cenvu/DEV/FST_V2/build/p0-bandwidth/runtime-52E5D245-0C80-4FA1-A2E4-71B8B80BC2C0/destination/run-0/FST_Report_FST-20261002-162825-811EF2DF.txt
BANDWIDTH PROOF: UI=Unlimited; Selected Limit: Unlimited | Converted Limit: none | Rsync Bwlimit Argument: none | Rsync Version: bundled rsync 3.4.4; Rsync Args: -a -h --info=name1,progress2 --outbuf=N --exclude=.DS_Store --exclude=._* --exclude=.Spotlight-V100 --exclude=.Trashes --exclude=.fseventsd --exclude=.TemporaryItems /Users/cenvu/DEV/FST_V2/build/p0-bandwidth/runtime-52E5D245-0C80-4FA1-A2E4-71B8B80BC2C0/source /Users/cenvu/DEV/FST_V2/build/p0-bandwidth/runtime-52E5D245-0C80-4FA1-A2E4-71B8B80BC2C0/destination/run-0/
[INFO] Validating transfer requirements...
[PROGRESS] DIAG [OBSERVER] OBSERVER started: /Users/cenvu/DEV/FST_V2/build/p0-bandwidth/runtime-52E5D245-0C80-4FA1-A2E4-71B8B80BC2C0/destination/run-1/source
[INFO] Transfer Started
[PROGRESS] DIAG [OBSERVER] OBSERVER sample: copiedBytes=0 files=0 currentItem=- speed=- eta=-
[FILE] 
[PROGRESS] DIAG [COORDINATOR] COORDINATOR FORWARDED speed event: 0.00 MB/s at +0s
[PROGRESS] Speed 0.00 MB/s
[PROGRESS] DIAG [COORDINATOR] COORDINATOR FORWARDED rsync time event: --:-- at +0s
[PROGRESS] Rsync Time --:--
[TRANSFER] Bundled rsync path: /Users/cenvu/DEV/FST_V2/build/p0-bandwidth/runtime-52E5D245-0C80-4FA1-A2E4-71B8B80BC2C0/fake-rsync
[TRANSFER] Bundled rsync version: 3.4.4
[TRANSFER] Using bundled rsync 3.4.4 at /Users/cenvu/DEV/FST_V2/build/p0-bandwidth/runtime-52E5D245-0C80-4FA1-A2E4-71B8B80BC2C0/fake-rsync
[TRANSFER] Selected Limit: 50 MB/s | Converted Limit: 51200 KiB/s | Rsync Bwlimit Argument: --bwlimit=51200 | Rsync Version: bundled rsync 3.4.4
[TRANSFER] Rsync Args: -a -h --info=name1,progress2 --outbuf=N --bwlimit=51200 --exclude=.DS_Store --exclude=._* --exclude=.Spotlight-V100 --exclude=.Trashes --exclude=.fseventsd --exclude=.TemporaryItems /Users/cenvu/DEV/FST_V2/build/p0-bandwidth/runtime-52E5D245-0C80-4FA1-A2E4-71B8B80BC2C0/source /Users/cenvu/DEV/FST_V2/build/p0-bandwidth/runtime-52E5D245-0C80-4FA1-A2E4-71B8B80BC2C0/destination/run-1/
[TRANSFER] Rsync Command: /Users/cenvu/DEV/FST_V2/build/p0-bandwidth/runtime-52E5D245-0C80-4FA1-A2E4-71B8B80BC2C0/fake-rsync -a -h --info=name1,progress2 --outbuf=N --bwlimit=51200 --exclude=.DS_Store --exclude=._* --exclude=.Spotlight-V100 --exclude=.Trashes --exclude=.fseventsd --exclude=.TemporaryItems /Users/cenvu/DEV/FST_V2/build/p0-bandwidth/runtime-52E5D245-0C80-4FA1-A2E4-71B8B80BC2C0/source /Users/cenvu/DEV/FST_V2/build/p0-bandwidth/runtime-52E5D245-0C80-4FA1-A2E4-71B8B80BC2C0/destination/run-1/
[TRANSFER] DIAG [RSYNC TIMING] Rsync process started at +0s
[PROGRESS] DIAG [COORDINATOR] COORDINATOR FORWARDED progress event: 100.0% at +0s
[PROGRESS] DIAG [COORDINATOR] First progress forwarded: 100.0% at +0s
[PROGRESS] Progress 100%
[FILE] 
[PROGRESS] Speed 0.00 MB/s
[PROGRESS] Rsync Time --:--
[SUCCESS] Transfer Completed
[PROGRESS] DIAG [OBSERVER] OBSERVER stopped: rsync completed
[SYSTEM] TRANSFER COMPLETE. Verification disabled.
[SYSTEM] Report saved: /Users/cenvu/DEV/FST_V2/build/p0-bandwidth/runtime-52E5D245-0C80-4FA1-A2E4-71B8B80BC2C0/destination/run-1/FST_Report_FST-20261002-162825-DC5EB3AA.txt
BANDWIDTH PROOF: UI=50 MB/s; Selected Limit: 50 MB/s | Converted Limit: 51200 KiB/s | Rsync Bwlimit Argument: --bwlimit=51200 | Rsync Version: bundled rsync 3.4.4; Rsync Args: -a -h --info=name1,progress2 --outbuf=N --bwlimit=51200 --exclude=.DS_Store --exclude=._* --exclude=.Spotlight-V100 --exclude=.Trashes --exclude=.fseventsd --exclude=.TemporaryItems /Users/cenvu/DEV/FST_V2/build/p0-bandwidth/runtime-52E5D245-0C80-4FA1-A2E4-71B8B80BC2C0/source /Users/cenvu/DEV/FST_V2/build/p0-bandwidth/runtime-52E5D245-0C80-4FA1-A2E4-71B8B80BC2C0/destination/run-1/
[INFO] Validating transfer requirements...
[PROGRESS] DIAG [OBSERVER] OBSERVER started: /Users/cenvu/DEV/FST_V2/build/p0-bandwidth/runtime-52E5D245-0C80-4FA1-A2E4-71B8B80BC2C0/destination/run-2/source
[INFO] Transfer Started
[FILE] 
[PROGRESS] DIAG [OBSERVER] OBSERVER sample: copiedBytes=0 files=0 currentItem=- speed=- eta=-
[PROGRESS] DIAG [COORDINATOR] COORDINATOR FORWARDED speed event: 0.00 MB/s at +0s
[PROGRESS] Speed 0.00 MB/s
[PROGRESS] DIAG [COORDINATOR] COORDINATOR FORWARDED rsync time event: --:-- at +0s
[PROGRESS] Rsync Time --:--
[TRANSFER] Bundled rsync path: /Users/cenvu/DEV/FST_V2/build/p0-bandwidth/runtime-52E5D245-0C80-4FA1-A2E4-71B8B80BC2C0/fake-rsync
[TRANSFER] Bundled rsync version: 3.4.4
[TRANSFER] Using bundled rsync 3.4.4 at /Users/cenvu/DEV/FST_V2/build/p0-bandwidth/runtime-52E5D245-0C80-4FA1-A2E4-71B8B80BC2C0/fake-rsync
[TRANSFER] Selected Limit: 75 MB/s | Converted Limit: 76800 KiB/s | Rsync Bwlimit Argument: --bwlimit=76800 | Rsync Version: bundled rsync 3.4.4
[TRANSFER] Rsync Args: -a -h --info=name1,progress2 --outbuf=N --bwlimit=76800 --exclude=.DS_Store --exclude=._* --exclude=.Spotlight-V100 --exclude=.Trashes --exclude=.fseventsd --exclude=.TemporaryItems /Users/cenvu/DEV/FST_V2/build/p0-bandwidth/runtime-52E5D245-0C80-4FA1-A2E4-71B8B80BC2C0/source /Users/cenvu/DEV/FST_V2/build/p0-bandwidth/runtime-52E5D245-0C80-4FA1-A2E4-71B8B80BC2C0/destination/run-2/
[TRANSFER] Rsync Command: /Users/cenvu/DEV/FST_V2/build/p0-bandwidth/runtime-52E5D245-0C80-4FA1-A2E4-71B8B80BC2C0/fake-rsync -a -h --info=name1,progress2 --outbuf=N --bwlimit=76800 --exclude=.DS_Store --exclude=._* --exclude=.Spotlight-V100 --exclude=.Trashes --exclude=.fseventsd --exclude=.TemporaryItems /Users/cenvu/DEV/FST_V2/build/p0-bandwidth/runtime-52E5D245-0C80-4FA1-A2E4-71B8B80BC2C0/source /Users/cenvu/DEV/FST_V2/build/p0-bandwidth/runtime-52E5D245-0C80-4FA1-A2E4-71B8B80BC2C0/destination/run-2/
[TRANSFER] DIAG [RSYNC TIMING] Rsync process started at +0s
[PROGRESS] DIAG [COORDINATOR] COORDINATOR FORWARDED progress event: 100.0% at +0s
[PROGRESS] DIAG [COORDINATOR] First progress forwarded: 100.0% at +0s
[PROGRESS] Progress 100%
[FILE] 
[PROGRESS] Speed 0.00 MB/s
[PROGRESS] Rsync Time --:--
[SUCCESS] Transfer Completed
[PROGRESS] DIAG [OBSERVER] OBSERVER stopped: rsync completed
[SYSTEM] TRANSFER COMPLETE. Verification disabled.
[SYSTEM] Report saved: /Users/cenvu/DEV/FST_V2/build/p0-bandwidth/runtime-52E5D245-0C80-4FA1-A2E4-71B8B80BC2C0/destination/run-2/FST_Report_FST-20261002-162825-A7226F0F.txt
BANDWIDTH PROOF: UI=75 MB/s; Selected Limit: 75 MB/s | Converted Limit: 76800 KiB/s | Rsync Bwlimit Argument: --bwlimit=76800 | Rsync Version: bundled rsync 3.4.4; Rsync Args: -a -h --info=name1,progress2 --outbuf=N --bwlimit=76800 --exclude=.DS_Store --exclude=._* --exclude=.Spotlight-V100 --exclude=.Trashes --exclude=.fseventsd --exclude=.TemporaryItems /Users/cenvu/DEV/FST_V2/build/p0-bandwidth/runtime-52E5D245-0C80-4FA1-A2E4-71B8B80BC2C0/source /Users/cenvu/DEV/FST_V2/build/p0-bandwidth/runtime-52E5D245-0C80-4FA1-A2E4-71B8B80BC2C0/destination/run-2/
[INFO] Validating transfer requirements...
[PROGRESS] DIAG [OBSERVER] OBSERVER started: /Users/cenvu/DEV/FST_V2/build/p0-bandwidth/runtime-52E5D245-0C80-4FA1-A2E4-71B8B80BC2C0/destination/run-3/source
[INFO] Transfer Started
[PROGRESS] DIAG [OBSERVER] OBSERVER sample: copiedBytes=0 files=0 currentItem=- speed=- eta=-
[FILE] 
[PROGRESS] DIAG [COORDINATOR] COORDINATOR FORWARDED speed event: 0.00 MB/s at +0s
[PROGRESS] Speed 0.00 MB/s
[PROGRESS] DIAG [COORDINATOR] COORDINATOR FORWARDED rsync time event: --:-- at +0s
[PROGRESS] Rsync Time --:--
[TRANSFER] Bundled rsync path: /Users/cenvu/DEV/FST_V2/build/p0-bandwidth/runtime-52E5D245-0C80-4FA1-A2E4-71B8B80BC2C0/fake-rsync
[TRANSFER] Bundled rsync version: 3.4.4
[TRANSFER] Using bundled rsync 3.4.4 at /Users/cenvu/DEV/FST_V2/build/p0-bandwidth/runtime-52E5D245-0C80-4FA1-A2E4-71B8B80BC2C0/fake-rsync
[TRANSFER] Selected Limit: 100 MB/s | Converted Limit: 102400 KiB/s | Rsync Bwlimit Argument: --bwlimit=102400 | Rsync Version: bundled rsync 3.4.4
[TRANSFER] Rsync Args: -a -h --info=name1,progress2 --outbuf=N --bwlimit=102400 --exclude=.DS_Store --exclude=._* --exclude=.Spotlight-V100 --exclude=.Trashes --exclude=.fseventsd --exclude=.TemporaryItems /Users/cenvu/DEV/FST_V2/build/p0-bandwidth/runtime-52E5D245-0C80-4FA1-A2E4-71B8B80BC2C0/source /Users/cenvu/DEV/FST_V2/build/p0-bandwidth/runtime-52E5D245-0C80-4FA1-A2E4-71B8B80BC2C0/destination/run-3/
[TRANSFER] Rsync Command: /Users/cenvu/DEV/FST_V2/build/p0-bandwidth/runtime-52E5D245-0C80-4FA1-A2E4-71B8B80BC2C0/fake-rsync -a -h --info=name1,progress2 --outbuf=N --bwlimit=102400 --exclude=.DS_Store --exclude=._* --exclude=.Spotlight-V100 --exclude=.Trashes --exclude=.fseventsd --exclude=.TemporaryItems /Users/cenvu/DEV/FST_V2/build/p0-bandwidth/runtime-52E5D245-0C80-4FA1-A2E4-71B8B80BC2C0/source /Users/cenvu/DEV/FST_V2/build/p0-bandwidth/runtime-52E5D245-0C80-4FA1-A2E4-71B8B80BC2C0/destination/run-3/
[TRANSFER] DIAG [RSYNC TIMING] Rsync process started at +0s
[PROGRESS] DIAG [COORDINATOR] COORDINATOR FORWARDED progress event: 100.0% at +0s
[PROGRESS] DIAG [COORDINATOR] First progress forwarded: 100.0% at +0s
[PROGRESS] Progress 100%
[FILE] 
[PROGRESS] Speed 0.00 MB/s
[PROGRESS] Rsync Time --:--
[SUCCESS] Transfer Completed
[PROGRESS] DIAG [OBSERVER] OBSERVER stopped: rsync completed
[SYSTEM] TRANSFER COMPLETE. Verification disabled.
[SYSTEM] Report saved: /Users/cenvu/DEV/FST_V2/build/p0-bandwidth/runtime-52E5D245-0C80-4FA1-A2E4-71B8B80BC2C0/destination/run-3/FST_Report_FST-20261002-162825-AF0F3D6D.txt
BANDWIDTH PROOF: UI=100 MB/s; Selected Limit: 100 MB/s | Converted Limit: 102400 KiB/s | Rsync Bwlimit Argument: --bwlimit=102400 | Rsync Version: bundled rsync 3.4.4; Rsync Args: -a -h --info=name1,progress2 --outbuf=N --bwlimit=102400 --exclude=.DS_Store --exclude=._* --exclude=.Spotlight-V100 --exclude=.Trashes --exclude=.fseventsd --exclude=.TemporaryItems /Users/cenvu/DEV/FST_V2/build/p0-bandwidth/runtime-52E5D245-0C80-4FA1-A2E4-71B8B80BC2C0/source /Users/cenvu/DEV/FST_V2/build/p0-bandwidth/runtime-52E5D245-0C80-4FA1-A2E4-71B8B80BC2C0/destination/run-3/
[INFO] Validating transfer requirements...
[PROGRESS] DIAG [OBSERVER] OBSERVER started: /Users/cenvu/DEV/FST_V2/build/p0-bandwidth/runtime-52E5D245-0C80-4FA1-A2E4-71B8B80BC2C0/destination/run-4/source
[INFO] Transfer Started
[PROGRESS] DIAG [OBSERVER] OBSERVER sample: copiedBytes=0 files=0 currentItem=- speed=- eta=-
[FILE] 
[PROGRESS] DIAG [COORDINATOR] COORDINATOR FORWARDED speed event: 0.00 MB/s at +0s
[PROGRESS] Speed 0.00 MB/s
[PROGRESS] DIAG [COORDINATOR] COORDINATOR FORWARDED rsync time event: --:-- at +0s
[PROGRESS] Rsync Time --:--
[TRANSFER] Bundled rsync path: /Users/cenvu/DEV/FST_V2/build/p0-bandwidth/runtime-52E5D245-0C80-4FA1-A2E4-71B8B80BC2C0/fake-rsync
[TRANSFER] Bundled rsync version: 3.4.4
[TRANSFER] Using bundled rsync 3.4.4 at /Users/cenvu/DEV/FST_V2/build/p0-bandwidth/runtime-52E5D245-0C80-4FA1-A2E4-71B8B80BC2C0/fake-rsync
[TRANSFER] Selected Limit: 125 MB/s | Converted Limit: 128000 KiB/s | Rsync Bwlimit Argument: --bwlimit=128000 | Rsync Version: bundled rsync 3.4.4
[TRANSFER] Rsync Args: -a -h --info=name1,progress2 --outbuf=N --bwlimit=128000 --exclude=.DS_Store --exclude=._* --exclude=.Spotlight-V100 --exclude=.Trashes --exclude=.fseventsd --exclude=.TemporaryItems /Users/cenvu/DEV/FST_V2/build/p0-bandwidth/runtime-52E5D245-0C80-4FA1-A2E4-71B8B80BC2C0/source /Users/cenvu/DEV/FST_V2/build/p0-bandwidth/runtime-52E5D245-0C80-4FA1-A2E4-71B8B80BC2C0/destination/run-4/
[TRANSFER] Rsync Command: /Users/cenvu/DEV/FST_V2/build/p0-bandwidth/runtime-52E5D245-0C80-4FA1-A2E4-71B8B80BC2C0/fake-rsync -a -h --info=name1,progress2 --outbuf=N --bwlimit=128000 --exclude=.DS_Store --exclude=._* --exclude=.Spotlight-V100 --exclude=.Trashes --exclude=.fseventsd --exclude=.TemporaryItems /Users/cenvu/DEV/FST_V2/build/p0-bandwidth/runtime-52E5D245-0C80-4FA1-A2E4-71B8B80BC2C0/source /Users/cenvu/DEV/FST_V2/build/p0-bandwidth/runtime-52E5D245-0C80-4FA1-A2E4-71B8B80BC2C0/destination/run-4/
[TRANSFER] DIAG [RSYNC TIMING] Rsync process started at +0s
[PROGRESS] DIAG [COORDINATOR] COORDINATOR FORWARDED progress event: 100.0% at +0s
[PROGRESS] DIAG [COORDINATOR] First progress forwarded: 100.0% at +0s
[PROGRESS] Progress 100%
[FILE] 
[PROGRESS] Speed 0.00 MB/s
[PROGRESS] Rsync Time --:--
[SUCCESS] Transfer Completed
[PROGRESS] DIAG [OBSERVER] OBSERVER stopped: rsync completed
[SYSTEM] TRANSFER COMPLETE. Verification disabled.
[SYSTEM] Report saved: /Users/cenvu/DEV/FST_V2/build/p0-bandwidth/runtime-52E5D245-0C80-4FA1-A2E4-71B8B80BC2C0/destination/run-4/FST_Report_FST-20261002-162825-40459BDD.txt
BANDWIDTH PROOF: UI=125 MB/s; Selected Limit: 125 MB/s | Converted Limit: 128000 KiB/s | Rsync Bwlimit Argument: --bwlimit=128000 | Rsync Version: bundled rsync 3.4.4; Rsync Args: -a -h --info=name1,progress2 --outbuf=N --bwlimit=128000 --exclude=.DS_Store --exclude=._* --exclude=.Spotlight-V100 --exclude=.Trashes --exclude=.fseventsd --exclude=.TemporaryItems /Users/cenvu/DEV/FST_V2/build/p0-bandwidth/runtime-52E5D245-0C80-4FA1-A2E4-71B8B80BC2C0/source /Users/cenvu/DEV/FST_V2/build/p0-bandwidth/runtime-52E5D245-0C80-4FA1-A2E4-71B8B80BC2C0/destination/run-4/
[INFO] Validating transfer requirements...
[PROGRESS] DIAG [OBSERVER] OBSERVER started: /Users/cenvu/DEV/FST_V2/build/p0-bandwidth/runtime-52E5D245-0C80-4FA1-A2E4-71B8B80BC2C0/destination/run-5/source
[INFO] Transfer Started
[PROGRESS] DIAG [OBSERVER] OBSERVER sample: copiedBytes=0 files=0 currentItem=- speed=- eta=-
[FILE] 
[PROGRESS] DIAG [COORDINATOR] COORDINATOR FORWARDED speed event: 0.00 MB/s at +0s
[PROGRESS] Speed 0.00 MB/s
[PROGRESS] DIAG [COORDINATOR] COORDINATOR FORWARDED rsync time event: --:-- at +0s
[PROGRESS] Rsync Time --:--
[TRANSFER] Bundled rsync path: /Users/cenvu/DEV/FST_V2/build/p0-bandwidth/runtime-52E5D245-0C80-4FA1-A2E4-71B8B80BC2C0/fake-rsync
[TRANSFER] Bundled rsync version: 3.4.4
[TRANSFER] Using bundled rsync 3.4.4 at /Users/cenvu/DEV/FST_V2/build/p0-bandwidth/runtime-52E5D245-0C80-4FA1-A2E4-71B8B80BC2C0/fake-rsync
[TRANSFER] Selected Limit: 150 MB/s | Converted Limit: 153600 KiB/s | Rsync Bwlimit Argument: --bwlimit=153600 | Rsync Version: bundled rsync 3.4.4
[TRANSFER] Rsync Args: -a -h --info=name1,progress2 --outbuf=N --bwlimit=153600 --exclude=.DS_Store --exclude=._* --exclude=.Spotlight-V100 --exclude=.Trashes --exclude=.fseventsd --exclude=.TemporaryItems /Users/cenvu/DEV/FST_V2/build/p0-bandwidth/runtime-52E5D245-0C80-4FA1-A2E4-71B8B80BC2C0/source /Users/cenvu/DEV/FST_V2/build/p0-bandwidth/runtime-52E5D245-0C80-4FA1-A2E4-71B8B80BC2C0/destination/run-5/
[TRANSFER] Rsync Command: /Users/cenvu/DEV/FST_V2/build/p0-bandwidth/runtime-52E5D245-0C80-4FA1-A2E4-71B8B80BC2C0/fake-rsync -a -h --info=name1,progress2 --outbuf=N --bwlimit=153600 --exclude=.DS_Store --exclude=._* --exclude=.Spotlight-V100 --exclude=.Trashes --exclude=.fseventsd --exclude=.TemporaryItems /Users/cenvu/DEV/FST_V2/build/p0-bandwidth/runtime-52E5D245-0C80-4FA1-A2E4-71B8B80BC2C0/source /Users/cenvu/DEV/FST_V2/build/p0-bandwidth/runtime-52E5D245-0C80-4FA1-A2E4-71B8B80BC2C0/destination/run-5/
[TRANSFER] DIAG [RSYNC TIMING] Rsync process started at +0s
[PROGRESS] DIAG [COORDINATOR] COORDINATOR FORWARDED progress event: 100.0% at +0s
[PROGRESS] DIAG [COORDINATOR] First progress forwarded: 100.0% at +0s
[PROGRESS] Progress 100%
[FILE] 
[PROGRESS] Speed 0.00 MB/s
[PROGRESS] Rsync Time --:--
[SUCCESS] Transfer Completed
[PROGRESS] DIAG [OBSERVER] OBSERVER stopped: rsync completed
[SYSTEM] TRANSFER COMPLETE. Verification disabled.
[SYSTEM] Report saved: /Users/cenvu/DEV/FST_V2/build/p0-bandwidth/runtime-52E5D245-0C80-4FA1-A2E4-71B8B80BC2C0/destination/run-5/FST_Report_FST-20261002-162825-38E76CCD.txt
BANDWIDTH PROOF: UI=150 MB/s; Selected Limit: 150 MB/s | Converted Limit: 153600 KiB/s | Rsync Bwlimit Argument: --bwlimit=153600 | Rsync Version: bundled rsync 3.4.4; Rsync Args: -a -h --info=name1,progress2 --outbuf=N --bwlimit=153600 --exclude=.DS_Store --exclude=._* --exclude=.Spotlight-V100 --exclude=.Trashes --exclude=.fseventsd --exclude=.TemporaryItems /Users/cenvu/DEV/FST_V2/build/p0-bandwidth/runtime-52E5D245-0C80-4FA1-A2E4-71B8B80BC2C0/source /Users/cenvu/DEV/FST_V2/build/p0-bandwidth/runtime-52E5D245-0C80-4FA1-A2E4-71B8B80BC2C0/destination/run-5/
[INFO] Validating transfer requirements...
[PROGRESS] DIAG [OBSERVER] OBSERVER started: /Users/cenvu/DEV/FST_V2/build/p0-bandwidth/runtime-52E5D245-0C80-4FA1-A2E4-71B8B80BC2C0/destination/run-6/source
[INFO] Transfer Started
[PROGRESS] DIAG [OBSERVER] OBSERVER sample: copiedBytes=0 files=0 currentItem=- speed=- eta=-
[FILE] 
[PROGRESS] DIAG [COORDINATOR] COORDINATOR FORWARDED speed event: 0.00 MB/s at +0s
[PROGRESS] Speed 0.00 MB/s
[PROGRESS] DIAG [COORDINATOR] COORDINATOR FORWARDED rsync time event: --:-- at +0s
[PROGRESS] Rsync Time --:--
[TRANSFER] Bundled rsync path: /Users/cenvu/DEV/FST_V2/build/p0-bandwidth/runtime-52E5D245-0C80-4FA1-A2E4-71B8B80BC2C0/fake-rsync
[TRANSFER] Bundled rsync version: 3.4.4
[TRANSFER] Using bundled rsync 3.4.4 at /Users/cenvu/DEV/FST_V2/build/p0-bandwidth/runtime-52E5D245-0C80-4FA1-A2E4-71B8B80BC2C0/fake-rsync
[TRANSFER] Selected Limit: 175 MB/s | Converted Limit: 179200 KiB/s | Rsync Bwlimit Argument: --bwlimit=179200 | Rsync Version: bundled rsync 3.4.4
[TRANSFER] Rsync Args: -a -h --info=name1,progress2 --outbuf=N --bwlimit=179200 --exclude=.DS_Store --exclude=._* --exclude=.Spotlight-V100 --exclude=.Trashes --exclude=.fseventsd --exclude=.TemporaryItems /Users/cenvu/DEV/FST_V2/build/p0-bandwidth/runtime-52E5D245-0C80-4FA1-A2E4-71B8B80BC2C0/source /Users/cenvu/DEV/FST_V2/build/p0-bandwidth/runtime-52E5D245-0C80-4FA1-A2E4-71B8B80BC2C0/destination/run-6/
[TRANSFER] Rsync Command: /Users/cenvu/DEV/FST_V2/build/p0-bandwidth/runtime-52E5D245-0C80-4FA1-A2E4-71B8B80BC2C0/fake-rsync -a -h --info=name1,progress2 --outbuf=N --bwlimit=179200 --exclude=.DS_Store --exclude=._* --exclude=.Spotlight-V100 --exclude=.Trashes --exclude=.fseventsd --exclude=.TemporaryItems /Users/cenvu/DEV/FST_V2/build/p0-bandwidth/runtime-52E5D245-0C80-4FA1-A2E4-71B8B80BC2C0/source /Users/cenvu/DEV/FST_V2/build/p0-bandwidth/runtime-52E5D245-0C80-4FA1-A2E4-71B8B80BC2C0/destination/run-6/
[TRANSFER] DIAG [RSYNC TIMING] Rsync process started at +0s
[PROGRESS] DIAG [COORDINATOR] COORDINATOR FORWARDED progress event: 100.0% at +0s
[PROGRESS] DIAG [COORDINATOR] First progress forwarded: 100.0% at +0s
[PROGRESS] Progress 100%
[FILE] 
[PROGRESS] Speed 0.00 MB/s
[PROGRESS] Rsync Time --:--
[SUCCESS] Transfer Completed
[PROGRESS] DIAG [OBSERVER] OBSERVER stopped: rsync completed
[SYSTEM] TRANSFER COMPLETE. Verification disabled.
[SYSTEM] Report saved: /Users/cenvu/DEV/FST_V2/build/p0-bandwidth/runtime-52E5D245-0C80-4FA1-A2E4-71B8B80BC2C0/destination/run-6/FST_Report_FST-20261002-162825-ADEA6E73.txt
BANDWIDTH PROOF: UI=175 MB/s; Selected Limit: 175 MB/s | Converted Limit: 179200 KiB/s | Rsync Bwlimit Argument: --bwlimit=179200 | Rsync Version: bundled rsync 3.4.4; Rsync Args: -a -h --info=name1,progress2 --outbuf=N --bwlimit=179200 --exclude=.DS_Store --exclude=._* --exclude=.Spotlight-V100 --exclude=.Trashes --exclude=.fseventsd --exclude=.TemporaryItems /Users/cenvu/DEV/FST_V2/build/p0-bandwidth/runtime-52E5D245-0C80-4FA1-A2E4-71B8B80BC2C0/source /Users/cenvu/DEV/FST_V2/build/p0-bandwidth/runtime-52E5D245-0C80-4FA1-A2E4-71B8B80BC2C0/destination/run-6/
[INFO] Validating transfer requirements...
[PROGRESS] DIAG [OBSERVER] OBSERVER started: /Users/cenvu/DEV/FST_V2/build/p0-bandwidth/runtime-52E5D245-0C80-4FA1-A2E4-71B8B80BC2C0/destination/run-7/source
[INFO] Transfer Started
[PROGRESS] DIAG [OBSERVER] OBSERVER sample: copiedBytes=0 files=0 currentItem=- speed=- eta=-
[FILE] 
[PROGRESS] DIAG [COORDINATOR] COORDINATOR FORWARDED speed event: 0.00 MB/s at +0s
[PROGRESS] Speed 0.00 MB/s
[PROGRESS] DIAG [COORDINATOR] COORDINATOR FORWARDED rsync time event: --:-- at +0s
[PROGRESS] Rsync Time --:--
[TRANSFER] Bundled rsync path: /Users/cenvu/DEV/FST_V2/build/p0-bandwidth/runtime-52E5D245-0C80-4FA1-A2E4-71B8B80BC2C0/fake-rsync
[TRANSFER] Bundled rsync version: 3.4.4
[TRANSFER] Using bundled rsync 3.4.4 at /Users/cenvu/DEV/FST_V2/build/p0-bandwidth/runtime-52E5D245-0C80-4FA1-A2E4-71B8B80BC2C0/fake-rsync
[TRANSFER] Selected Limit: 200 MB/s | Converted Limit: 204800 KiB/s | Rsync Bwlimit Argument: --bwlimit=204800 | Rsync Version: bundled rsync 3.4.4
[TRANSFER] Rsync Args: -a -h --info=name1,progress2 --outbuf=N --bwlimit=204800 --exclude=.DS_Store --exclude=._* --exclude=.Spotlight-V100 --exclude=.Trashes --exclude=.fseventsd --exclude=.TemporaryItems /Users/cenvu/DEV/FST_V2/build/p0-bandwidth/runtime-52E5D245-0C80-4FA1-A2E4-71B8B80BC2C0/source /Users/cenvu/DEV/FST_V2/build/p0-bandwidth/runtime-52E5D245-0C80-4FA1-A2E4-71B8B80BC2C0/destination/run-7/
[TRANSFER] Rsync Command: /Users/cenvu/DEV/FST_V2/build/p0-bandwidth/runtime-52E5D245-0C80-4FA1-A2E4-71B8B80BC2C0/fake-rsync -a -h --info=name1,progress2 --outbuf=N --bwlimit=204800 --exclude=.DS_Store --exclude=._* --exclude=.Spotlight-V100 --exclude=.Trashes --exclude=.fseventsd --exclude=.TemporaryItems /Users/cenvu/DEV/FST_V2/build/p0-bandwidth/runtime-52E5D245-0C80-4FA1-A2E4-71B8B80BC2C0/source /Users/cenvu/DEV/FST_V2/build/p0-bandwidth/runtime-52E5D245-0C80-4FA1-A2E4-71B8B80BC2C0/destination/run-7/
[TRANSFER] DIAG [RSYNC TIMING] Rsync process started at +0s
[PROGRESS] DIAG [COORDINATOR] COORDINATOR FORWARDED progress event: 100.0% at +0s
[PROGRESS] DIAG [COORDINATOR] First progress forwarded: 100.0% at +0s
[PROGRESS] Progress 100%
[FILE] 
[PROGRESS] Speed 0.00 MB/s
[PROGRESS] Rsync Time --:--
[SUCCESS] Transfer Completed
[PROGRESS] DIAG [OBSERVER] OBSERVER stopped: rsync completed
[SYSTEM] TRANSFER COMPLETE. Verification disabled.
[SYSTEM] Report saved: /Users/cenvu/DEV/FST_V2/build/p0-bandwidth/runtime-52E5D245-0C80-4FA1-A2E4-71B8B80BC2C0/destination/run-7/FST_Report_FST-20261002-162825-DC13527A.txt
BANDWIDTH PROOF: UI=200 MB/s; Selected Limit: 200 MB/s | Converted Limit: 204800 KiB/s | Rsync Bwlimit Argument: --bwlimit=204800 | Rsync Version: bundled rsync 3.4.4; Rsync Args: -a -h --info=name1,progress2 --outbuf=N --bwlimit=204800 --exclude=.DS_Store --exclude=._* --exclude=.Spotlight-V100 --exclude=.Trashes --exclude=.fseventsd --exclude=.TemporaryItems /Users/cenvu/DEV/FST_V2/build/p0-bandwidth/runtime-52E5D245-0C80-4FA1-A2E4-71B8B80BC2C0/source /Users/cenvu/DEV/FST_V2/build/p0-bandwidth/runtime-52E5D245-0C80-4FA1-A2E4-71B8B80BC2C0/destination/run-7/
[INFO] Validating transfer requirements...
[PROGRESS] DIAG [OBSERVER] OBSERVER started: /Users/cenvu/DEV/FST_V2/build/p0-bandwidth/runtime-52E5D245-0C80-4FA1-A2E4-71B8B80BC2C0/destination/run-8/source
[INFO] Transfer Started
[PROGRESS] DIAG [OBSERVER] OBSERVER sample: copiedBytes=0 files=0 currentItem=- speed=- eta=-
[FILE] 
[PROGRESS] DIAG [COORDINATOR] COORDINATOR FORWARDED speed event: 0.00 MB/s at +0s
[PROGRESS] Speed 0.00 MB/s
[PROGRESS] DIAG [COORDINATOR] COORDINATOR FORWARDED rsync time event: --:-- at +0s
[PROGRESS] Rsync Time --:--
[TRANSFER] Bundled rsync path: /Users/cenvu/DEV/FST_V2/build/p0-bandwidth/runtime-52E5D245-0C80-4FA1-A2E4-71B8B80BC2C0/fake-rsync
[TRANSFER] Bundled rsync version: 3.4.4
[TRANSFER] Using bundled rsync 3.4.4 at /Users/cenvu/DEV/FST_V2/build/p0-bandwidth/runtime-52E5D245-0C80-4FA1-A2E4-71B8B80BC2C0/fake-rsync
[TRANSFER] Selected Limit: Unlimited | Converted Limit: none | Rsync Bwlimit Argument: none | Rsync Version: bundled rsync 3.4.4
[TRANSFER] Rsync Args: -a -h --info=name1,progress2 --outbuf=N --exclude=.DS_Store --exclude=._* --exclude=.Spotlight-V100 --exclude=.Trashes --exclude=.fseventsd --exclude=.TemporaryItems /Users/cenvu/DEV/FST_V2/build/p0-bandwidth/runtime-52E5D245-0C80-4FA1-A2E4-71B8B80BC2C0/source /Users/cenvu/DEV/FST_V2/build/p0-bandwidth/runtime-52E5D245-0C80-4FA1-A2E4-71B8B80BC2C0/destination/run-8/
[TRANSFER] Rsync Command: /Users/cenvu/DEV/FST_V2/build/p0-bandwidth/runtime-52E5D245-0C80-4FA1-A2E4-71B8B80BC2C0/fake-rsync -a -h --info=name1,progress2 --outbuf=N --exclude=.DS_Store --exclude=._* --exclude=.Spotlight-V100 --exclude=.Trashes --exclude=.fseventsd --exclude=.TemporaryItems /Users/cenvu/DEV/FST_V2/build/p0-bandwidth/runtime-52E5D245-0C80-4FA1-A2E4-71B8B80BC2C0/source /Users/cenvu/DEV/FST_V2/build/p0-bandwidth/runtime-52E5D245-0C80-4FA1-A2E4-71B8B80BC2C0/destination/run-8/
[TRANSFER] DIAG [RSYNC TIMING] Rsync process started at +0s
[PROGRESS] DIAG [COORDINATOR] COORDINATOR FORWARDED progress event: 100.0% at +0s
[PROGRESS] DIAG [COORDINATOR] First progress forwarded: 100.0% at +0s
[PROGRESS] Progress 100%
[FILE] 
[PROGRESS] Speed 0.00 MB/s
[PROGRESS] Rsync Time --:--
[SUCCESS] Transfer Completed
[PROGRESS] DIAG [OBSERVER] OBSERVER stopped: rsync completed
[SYSTEM] TRANSFER COMPLETE. Verification disabled.
[SYSTEM] Report saved: /Users/cenvu/DEV/FST_V2/build/p0-bandwidth/runtime-52E5D245-0C80-4FA1-A2E4-71B8B80BC2C0/destination/run-8/FST_Report_FST-20261002-162825-4BCF9F08.txt
BANDWIDTH PROOF: UI=Unlimited; Selected Limit: Unlimited | Converted Limit: none | Rsync Bwlimit Argument: none | Rsync Version: bundled rsync 3.4.4; Rsync Args: -a -h --info=name1,progress2 --outbuf=N --exclude=.DS_Store --exclude=._* --exclude=.Spotlight-V100 --exclude=.Trashes --exclude=.fseventsd --exclude=.TemporaryItems /Users/cenvu/DEV/FST_V2/build/p0-bandwidth/runtime-52E5D245-0C80-4FA1-A2E4-71B8B80BC2C0/source /Users/cenvu/DEV/FST_V2/build/p0-bandwidth/runtime-52E5D245-0C80-4FA1-A2E4-71B8B80BC2C0/destination/run-8/
Test Case '-[FishSockTransferTests.TransferViewModelRuntimeXCTests testBandwidthUnlimitedPresetSequenceReachesRsyncArgumentsAndReport]' passed (0.907 seconds).
Test Case '-[FishSockTransferTests.TransferViewModelRuntimeXCTests testBlankCurrentFileDoesNotClearUsefulFileDuringActiveCopy]' started.
Test Case '-[FishSockTransferTests.TransferViewModelRuntimeXCTests testBlankCurrentFileDoesNotClearUsefulFileDuringActiveCopy]' passed (0.012 seconds).
Test Case '-[FishSockTransferTests.TransferViewModelRuntimeXCTests testBookmarkAccessCoordinatorDoesNotStartSameURLTwiceAcrossGenerations]' started.
Test Case '-[FishSockTransferTests.TransferViewModelRuntimeXCTests testBookmarkAccessCoordinatorDoesNotStartSameURLTwiceAcrossGenerations]' passed (0.002 seconds).
Test Case '-[FishSockTransferTests.TransferViewModelRuntimeXCTests testBookmarkAccessCoordinatorNeverStopsFailedStart]' started.
Test Case '-[FishSockTransferTests.TransferViewModelRuntimeXCTests testBookmarkAccessCoordinatorNeverStopsFailedStart]' passed (0.002 seconds).
Test Case '-[FishSockTransferTests.TransferViewModelRuntimeXCTests testBookmarkAccessCoordinatorReplacingRoleBalancesOnlyThatRolesLease]' started.
Test Case '-[FishSockTransferTests.TransferViewModelRuntimeXCTests testBookmarkAccessCoordinatorReplacingRoleBalancesOnlyThatRolesLease]' passed (0.004 seconds).
Test Case '-[FishSockTransferTests.TransferViewModelRuntimeXCTests testBookmarkAccessCoordinatorStopsSuccessfulAccessExactlyOnce]' started.
Test Case '-[FishSockTransferTests.TransferViewModelRuntimeXCTests testBookmarkAccessCoordinatorStopsSuccessfulAccessExactlyOnce]' passed (0.002 seconds).
Test Case '-[FishSockTransferTests.TransferViewModelRuntimeXCTests testBookmarkAccessCoordinatorSupersededAttemptReleasesAcquiredAccessAndNeverWins]' started.
Test Case '-[FishSockTransferTests.TransferViewModelRuntimeXCTests testBookmarkAccessCoordinatorSupersededAttemptReleasesAcquiredAccessAndNeverWins]' passed (0.003 seconds).
Test Case '-[FishSockTransferTests.TransferViewModelRuntimeXCTests testCancelRequestGuardBlocksRequestsOutsideActiveStates]' started.
Test Case '-[FishSockTransferTests.TransferViewModelRuntimeXCTests testCancelRequestGuardBlocksRequestsOutsideActiveStates]' passed (0.001 seconds).
Test Case '-[FishSockTransferTests.TransferViewModelRuntimeXCTests testCancelRequestGuardContinueSendsNoCancellationRequest]' started.
Test Case '-[FishSockTransferTests.TransferViewModelRuntimeXCTests testCancelRequestGuardContinueSendsNoCancellationRequest]' passed (0.001 seconds).
Test Case '-[FishSockTransferTests.TransferViewModelRuntimeXCTests testCancelRequestGuardRequestsConfirmationAndSendsExactlyOneRequest]' started.
Test Case '-[FishSockTransferTests.TransferViewModelRuntimeXCTests testCancelRequestGuardRequestsConfirmationAndSendsExactlyOneRequest]' passed (0.001 seconds).
Test Case '-[FishSockTransferTests.TransferViewModelRuntimeXCTests testCancelRequestGuardResetsAfterLeavingActiveState]' started.
Test Case '-[FishSockTransferTests.TransferViewModelRuntimeXCTests testCancelRequestGuardResetsAfterLeavingActiveState]' passed (0.000 seconds).
Test Case '-[FishSockTransferTests.TransferViewModelRuntimeXCTests testChangingVerificationModeBeforeRetryUsesTheNewModeNotAStaleCapture]' started.
[INFO] Validating transfer requirements...
[ERROR] TRANSFER ERROR: The source location is unavailable or cannot be read.
[SYSTEM] Report saved: /var/folders/89/bwjml4px7bd8_gc4y493myh80000gn/T/FSTSettingsChangeBeforeRetry-D4D01BA2-FB85-4A3E-8DD0-67CA3491F532/destination/FST_Report_FST-20261002-162825-BC112C90.txt
[INFO] Validating transfer requirements...
[PROGRESS] DIAG [OBSERVER] OBSERVER started: /var/folders/89/bwjml4px7bd8_gc4y493myh80000gn/T/FSTSettingsChangeBeforeRetry-D4D01BA2-FB85-4A3E-8DD0-67CA3491F532/destination/real-source
[INFO] Transfer Started
[PROGRESS] DIAG [OBSERVER] OBSERVER sample: copiedBytes=0 files=0 currentItem=- speed=- eta=-
[FILE] 
[PROGRESS] DIAG [COORDINATOR] COORDINATOR FORWARDED speed event: 0.00 MB/s at +0s
[PROGRESS] Speed 0.00 MB/s
[PROGRESS] DIAG [COORDINATOR] COORDINATOR FORWARDED rsync time event: --:-- at +0s
[PROGRESS] Rsync Time --:--
[TRANSFER] Bundled rsync path: /var/folders/89/bwjml4px7bd8_gc4y493myh80000gn/T/FSTSettingsChangeBeforeRetry-D4D01BA2-FB85-4A3E-8DD0-67CA3491F532/fake-rsync
[TRANSFER] Bundled rsync version: 3.4.4
[TRANSFER] Using bundled rsync 3.4.4 at /var/folders/89/bwjml4px7bd8_gc4y493myh80000gn/T/FSTSettingsChangeBeforeRetry-D4D01BA2-FB85-4A3E-8DD0-67CA3491F532/fake-rsync
[TRANSFER] Selected Limit: Unlimited | Converted Limit: none | Rsync Bwlimit Argument: none | Rsync Version: bundled rsync 3.4.4
[TRANSFER] Rsync Args: -a -h --info=name1,progress2 --outbuf=N --exclude=.DS_Store --exclude=._* --exclude=.Spotlight-V100 --exclude=.Trashes --exclude=.fseventsd --exclude=.TemporaryItems /var/folders/89/bwjml4px7bd8_gc4y493myh80000gn/T/FSTSettingsChangeBeforeRetry-D4D01BA2-FB85-4A3E-8DD0-67CA3491F532/real-source /var/folders/89/bwjml4px7bd8_gc4y493myh80000gn/T/FSTSettingsChangeBeforeRetry-D4D01BA2-FB85-4A3E-8DD0-67CA3491F532/destination/
[TRANSFER] Rsync Command: /var/folders/89/bwjml4px7bd8_gc4y493myh80000gn/T/FSTSettingsChangeBeforeRetry-D4D01BA2-FB85-4A3E-8DD0-67CA3491F532/fake-rsync -a -h --info=name1,progress2 --outbuf=N --exclude=.DS_Store --exclude=._* --exclude=.Spotlight-V100 --exclude=.Trashes --exclude=.fseventsd --exclude=.TemporaryItems /var/folders/89/bwjml4px7bd8_gc4y493myh80000gn/T/FSTSettingsChangeBeforeRetry-D4D01BA2-FB85-4A3E-8DD0-67CA3491F532/real-source /var/folders/89/bwjml4px7bd8_gc4y493myh80000gn/T/FSTSettingsChangeBeforeRetry-D4D01BA2-FB85-4A3E-8DD0-67CA3491F532/destination/
[TRANSFER] DIAG [RSYNC TIMING] Rsync process started at +0s
[PROGRESS] DIAG [COORDINATOR] COORDINATOR FORWARDED progress event: 100.0% at +0s
[PROGRESS] DIAG [COORDINATOR] First progress forwarded: 100.0% at +0s
[PROGRESS] Progress 100%
[FILE] 
[PROGRESS] Speed 0.00 MB/s
[PROGRESS] Rsync Time --:--
[SUCCESS] Transfer Completed
[PROGRESS] DIAG [OBSERVER] OBSERVER stopped: rsync completed
[SYSTEM] TRANSFER COMPLETE. Verification disabled.
[SYSTEM] Report saved: /var/folders/89/bwjml4px7bd8_gc4y493myh80000gn/T/FSTSettingsChangeBeforeRetry-D4D01BA2-FB85-4A3E-8DD0-67CA3491F532/destination/FST_Report_FST-20261002-162825-150FC874.txt
Test Case '-[FishSockTransferTests.TransferViewModelRuntimeXCTests testChangingVerificationModeBeforeRetryUsesTheNewModeNotAStaleCapture]' passed (0.280 seconds).
Test Case '-[FishSockTransferTests.TransferViewModelRuntimeXCTests testCinemaDNGCompactPresentationPreservesOtherFilenames]' started.
Test Case '-[FishSockTransferTests.TransferViewModelRuntimeXCTests testCinemaDNGCompactPresentationPreservesOtherFilenames]' passed (0.001 seconds).
Test Case '-[FishSockTransferTests.TransferViewModelRuntimeXCTests testClearDestinationFolderClearsInsufficientSpaceWarning]' started.
Test Case '-[FishSockTransferTests.TransferViewModelRuntimeXCTests testClearDestinationFolderClearsInsufficientSpaceWarning]' passed (0.009 seconds).
Test Case '-[FishSockTransferTests.TransferViewModelRuntimeXCTests testClearDestinationFolderIsInertWhileConfigurationLocked]' started.
Test Case '-[FishSockTransferTests.TransferViewModelRuntimeXCTests testClearDestinationFolderIsInertWhileConfigurationLocked]' passed (0.004 seconds).
Test Case '-[FishSockTransferTests.TransferViewModelRuntimeXCTests testClearDestinationFolderResetsSelectionKeepsSourceAndFolderUntouched]' started.
Test Case '-[FishSockTransferTests.TransferViewModelRuntimeXCTests testClearDestinationFolderResetsSelectionKeepsSourceAndFolderUntouched]' passed (0.034 seconds).
Test Case '-[FishSockTransferTests.TransferViewModelRuntimeXCTests testClearDestinationRemovesPersistenceAndReleasesAccessExactlyOncePreservingSource]' started.
Test Case '-[FishSockTransferTests.TransferViewModelRuntimeXCTests testClearDestinationRemovesPersistenceAndReleasesAccessExactlyOncePreservingSource]' passed (0.008 seconds).
Test Case '-[FishSockTransferTests.TransferViewModelRuntimeXCTests testClearDestinationWinsOverLateRestore]' started.
Test Case '-[FishSockTransferTests.TransferViewModelRuntimeXCTests testClearDestinationWinsOverLateRestore]' passed (0.007 seconds).
Test Case '-[FishSockTransferTests.TransferViewModelRuntimeXCTests testClearingDestinationBeforeRetryPreventsAutomaticWorkflowStart]' started.
Test Case '-[FishSockTransferTests.TransferViewModelRuntimeXCTests testClearingDestinationBeforeRetryPreventsAutomaticWorkflowStart]' passed (0.011 seconds).
Test Case '-[FishSockTransferTests.TransferViewModelRuntimeXCTests testClearingSourceBeforeRetryPreventsAutomaticWorkflowStart]' started.
Test Case '-[FishSockTransferTests.TransferViewModelRuntimeXCTests testClearingSourceBeforeRetryPreventsAutomaticWorkflowStart]' passed (0.008 seconds).
Test Case '-[FishSockTransferTests.TransferViewModelRuntimeXCTests testClearSourceFolderIsInertWhileConfigurationLocked]' started.
Test Case '-[FishSockTransferTests.TransferViewModelRuntimeXCTests testClearSourceFolderIsInertWhileConfigurationLocked]' passed (0.005 seconds).
Test Case '-[FishSockTransferTests.TransferViewModelRuntimeXCTests testClearSourceFolderResetsSelectionMetadataAndStartEligibility]' started.
Test Case '-[FishSockTransferTests.TransferViewModelRuntimeXCTests testClearSourceFolderResetsSelectionMetadataAndStartEligibility]' passed (0.033 seconds).
Test Case '-[FishSockTransferTests.TransferViewModelRuntimeXCTests testClearSourceRemovesPersistenceAndReleasesAccessExactlyOncePreservingDestination]' started.
Test Case '-[FishSockTransferTests.TransferViewModelRuntimeXCTests testClearSourceRemovesPersistenceAndReleasesAccessExactlyOncePreservingDestination]' passed (0.014 seconds).
Test Case '-[FishSockTransferTests.TransferViewModelRuntimeXCTests testClearSourceWinsOverLateRestore]' started.
Test Case '-[FishSockTransferTests.TransferViewModelRuntimeXCTests testClearSourceWinsOverLateRestore]' passed (0.007 seconds).
Test Case '-[FishSockTransferTests.TransferViewModelRuntimeXCTests testControlBarActionEnablementPreservesReadinessAndCancellation]' started.
Test Case '-[FishSockTransferTests.TransferViewModelRuntimeXCTests testControlBarActionEnablementPreservesReadinessAndCancellation]' passed (0.001 seconds).
Test Case '-[FishSockTransferTests.TransferViewModelRuntimeXCTests testCopyCancellationEndsCancelledAndNeverProducesSafeToEject]' started.
[INFO] Validating transfer requirements...
[PROGRESS] DIAG [OBSERVER] OBSERVER started: /var/folders/89/bwjml4px7bd8_gc4y493myh80000gn/T/FSTCopyCancel-08800CE0-31B8-48F1-962A-290DB8A06922/destination/source
[INFO] Transfer Started
[FILE] 
[PROGRESS] DIAG [COORDINATOR] COORDINATOR FORWARDED speed event: 0.00 MB/s at +0s
[PROGRESS] DIAG [OBSERVER] OBSERVER sample: copiedBytes=0 files=0 currentItem=- speed=- eta=-
[PROGRESS] Speed 0.00 MB/s
[PROGRESS] DIAG [COORDINATOR] COORDINATOR FORWARDED rsync time event: --:-- at +0s
[PROGRESS] Rsync Time --:--
[TRANSFER] Bundled rsync path: /var/folders/89/bwjml4px7bd8_gc4y493myh80000gn/T/FSTCopyCancel-08800CE0-31B8-48F1-962A-290DB8A06922/fake-rsync
[TRANSFER] Bundled rsync version: 3.4.4
[TRANSFER] Using bundled rsync 3.4.4 at /var/folders/89/bwjml4px7bd8_gc4y493myh80000gn/T/FSTCopyCancel-08800CE0-31B8-48F1-962A-290DB8A06922/fake-rsync
[TRANSFER] Selected Limit: Unlimited | Converted Limit: none | Rsync Bwlimit Argument: none | Rsync Version: bundled rsync 3.4.4
[TRANSFER] Rsync Args: -a -h --info=name1,progress2 --outbuf=N --exclude=.DS_Store --exclude=._* --exclude=.Spotlight-V100 --exclude=.Trashes --exclude=.fseventsd --exclude=.TemporaryItems /var/folders/89/bwjml4px7bd8_gc4y493myh80000gn/T/FSTCopyCancel-08800CE0-31B8-48F1-962A-290DB8A06922/source /var/folders/89/bwjml4px7bd8_gc4y493myh80000gn/T/FSTCopyCancel-08800CE0-31B8-48F1-962A-290DB8A06922/destination/
[TRANSFER] Rsync Command: /var/folders/89/bwjml4px7bd8_gc4y493myh80000gn/T/FSTCopyCancel-08800CE0-31B8-48F1-962A-290DB8A06922/fake-rsync -a -h --info=name1,progress2 --outbuf=N --exclude=.DS_Store --exclude=._* --exclude=.Spotlight-V100 --exclude=.Trashes --exclude=.fseventsd --exclude=.TemporaryItems /var/folders/89/bwjml4px7bd8_gc4y493myh80000gn/T/FSTCopyCancel-08800CE0-31B8-48F1-962A-290DB8A06922/source /var/folders/89/bwjml4px7bd8_gc4y493myh80000gn/T/FSTCopyCancel-08800CE0-31B8-48F1-962A-290DB8A06922/destination/
[TRANSFER] DIAG [RSYNC TIMING] Rsync process started at +0s
[PROGRESS] DIAG [OBSERVER] OBSERVER stopped: cancel requested
[FILE] 
[PROGRESS] Speed 0.00 MB/s
[PROGRESS] Rsync Time --:--
[WARNING] Transfer Cancelled
[SYSTEM] Report saved: /var/folders/89/bwjml4px7bd8_gc4y493myh80000gn/T/FSTCopyCancel-08800CE0-31B8-48F1-962A-290DB8A06922/destination/FST_Report_FST-20261002-162826-478554C5.txt
Test Case '-[FishSockTransferTests.TransferViewModelRuntimeXCTests testCopyCancellationEndsCancelledAndNeverProducesSafeToEject]' passed (0.263 seconds).
Test Case '-[FishSockTransferTests.TransferViewModelRuntimeXCTests testCopyPhaseEmptyCurrentFileUsesTruthfulTotalProgressWording]' started.
Test Case '-[FishSockTransferTests.TransferViewModelRuntimeXCTests testCopyPhaseEmptyCurrentFileUsesTruthfulTotalProgressWording]' passed (0.001 seconds).
Test Case '-[FishSockTransferTests.TransferViewModelRuntimeXCTests testCopyRuntimeCallbacksUpdatePublishedMetricsOnMainActor]' started.
Test Case '-[FishSockTransferTests.TransferViewModelRuntimeXCTests testCopyRuntimeCallbacksUpdatePublishedMetricsOnMainActor]' passed (0.005 seconds).
Test Case '-[FishSockTransferTests.TransferViewModelRuntimeXCTests testCorruptSourceAndValidDestinationRestoresOnlyDestination]' started.
Test Case '-[FishSockTransferTests.TransferViewModelRuntimeXCTests testCorruptSourceAndValidDestinationRestoresOnlyDestination]' passed (0.040 seconds).
Test Case '-[FishSockTransferTests.TransferViewModelRuntimeXCTests testDeletedRestoredSourceFolderFailsClosedAndRemovesBookmark]' started.
Test Case '-[FishSockTransferTests.TransferViewModelRuntimeXCTests testDeletedRestoredSourceFolderFailsClosedAndRemovesBookmark]' passed (0.010 seconds).
Test Case '-[FishSockTransferTests.TransferViewModelRuntimeXCTests testDestinationSelectionInvalidatesAndRecomputesCapacityPreview]' started.
Test Case '-[FishSockTransferTests.TransferViewModelRuntimeXCTests testDestinationSelectionInvalidatesAndRecomputesCapacityPreview]' passed (0.154 seconds).
Test Case '-[FishSockTransferTests.TransferViewModelRuntimeXCTests testDuplicateRetryAdmitsExactlyOneWorkflowWithNoDelayedSecondAttempt]' started.
[INFO] Validating transfer requirements...
[ERROR] TRANSFER ERROR: The source location is unavailable or cannot be read.
[WARNING] Report skipped: no report was written because the destination was unsafe for report output.
[INFO] Validating transfer requirements...
Test Case '-[FishSockTransferTests.TransferViewModelRuntimeXCTests testDuplicateRetryAdmitsExactlyOneWorkflowWithNoDelayedSecondAttempt]' passed (0.055 seconds).
Test Case '-[FishSockTransferTests.TransferViewModelRuntimeXCTests testErrorStateNotExternallyVisibleUntilWorkflowOwnershipReleasedThenImmediateRetryAdmits]' started.
[ERROR] TRANSFER ERROR: The source location is unavailable or cannot be read.
[INFO] Validating transfer requirements...
[ERROR] TRANSFER ERROR: The source location is unavailable or cannot be read.
[WARNING] Report skipped: no report was written because the destination was unsafe for report output.
[WARNING] Report skipped: no report was written because the destination was unsafe for report output.
[INFO] Validating transfer requirements...
Test Case '-[FishSockTransferTests.TransferViewModelRuntimeXCTests testErrorStateNotExternallyVisibleUntilWorkflowOwnershipReleasedThenImmediateRetryAdmits]' passed (0.055 seconds).
Test Case '-[FishSockTransferTests.TransferViewModelRuntimeXCTests testFreshViewModelRestoresSourceAndDestinationFromSameIsolatedStore]' started.
[ERROR] TRANSFER ERROR: The source location is unavailable or cannot be read.
[WARNING] Report skipped: no report was written because the destination was unsafe for report output.
Test Case '-[FishSockTransferTests.TransferViewModelRuntimeXCTests testFreshViewModelRestoresSourceAndDestinationFromSameIsolatedStore]' passed (0.047 seconds).
Test Case '-[FishSockTransferTests.TransferViewModelRuntimeXCTests testFullWorkflowRetryValidatesCopiesAndVerifiesAgainUsingCurrentConfiguration]' started.
[INFO] Validating transfer requirements...
[ERROR] TRANSFER ERROR: The source location is unavailable or cannot be read.
[SYSTEM] Report saved: /var/folders/89/bwjml4px7bd8_gc4y493myh80000gn/T/FSTFullWorkflowRetry-B657296F-D5A0-4857-B7F9-8E40E7567220/destination/FST_Report_FST-20261002-162826-6C969A6D.txt
[INFO] Validating transfer requirements...
[PROGRESS] DIAG [OBSERVER] OBSERVER started: /var/folders/89/bwjml4px7bd8_gc4y493myh80000gn/T/FSTFullWorkflowRetry-B657296F-D5A0-4857-B7F9-8E40E7567220/destination/real-source
[INFO] Transfer Started
[FILE] 
[PROGRESS] DIAG [COORDINATOR] COORDINATOR FORWARDED speed event: 0.00 MB/s at +0s
[PROGRESS] Speed 0.00 MB/s
[PROGRESS] DIAG [COORDINATOR] COORDINATOR FORWARDED rsync time event: --:-- at +0s
[PROGRESS] Rsync Time --:--
[TRANSFER] Bundled rsync path: /var/folders/89/bwjml4px7bd8_gc4y493myh80000gn/T/FSTFullWorkflowRetry-B657296F-D5A0-4857-B7F9-8E40E7567220/fake-rsync
[PROGRESS] DIAG [OBSERVER] OBSERVER sample: copiedBytes=0 files=0 currentItem=- speed=- eta=-
[TRANSFER] Bundled rsync version: 3.4.4
[TRANSFER] Using bundled rsync 3.4.4 at /var/folders/89/bwjml4px7bd8_gc4y493myh80000gn/T/FSTFullWorkflowRetry-B657296F-D5A0-4857-B7F9-8E40E7567220/fake-rsync
[TRANSFER] Selected Limit: Unlimited | Converted Limit: none | Rsync Bwlimit Argument: none | Rsync Version: bundled rsync 3.4.4
[TRANSFER] Rsync Args: -a -h --info=name1,progress2 --outbuf=N --exclude=.DS_Store --exclude=._* --exclude=.Spotlight-V100 --exclude=.Trashes --exclude=.fseventsd --exclude=.TemporaryItems /var/folders/89/bwjml4px7bd8_gc4y493myh80000gn/T/FSTFullWorkflowRetry-B657296F-D5A0-4857-B7F9-8E40E7567220/real-source /var/folders/89/bwjml4px7bd8_gc4y493myh80000gn/T/FSTFullWorkflowRetry-B657296F-D5A0-4857-B7F9-8E40E7567220/destination/
[TRANSFER] Rsync Command: /var/folders/89/bwjml4px7bd8_gc4y493myh80000gn/T/FSTFullWorkflowRetry-B657296F-D5A0-4857-B7F9-8E40E7567220/fake-rsync -a -h --info=name1,progress2 --outbuf=N --exclude=.DS_Store --exclude=._* --exclude=.Spotlight-V100 --exclude=.Trashes --exclude=.fseventsd --exclude=.TemporaryItems /var/folders/89/bwjml4px7bd8_gc4y493myh80000gn/T/FSTFullWorkflowRetry-B657296F-D5A0-4857-B7F9-8E40E7567220/real-source /var/folders/89/bwjml4px7bd8_gc4y493myh80000gn/T/FSTFullWorkflowRetry-B657296F-D5A0-4857-B7F9-8E40E7567220/destination/
[TRANSFER] DIAG [RSYNC TIMING] Rsync process started at +0s
[PROGRESS] DIAG [COORDINATOR] COORDINATOR FORWARDED progress event: 100.0% at +0s
[PROGRESS] DIAG [COORDINATOR] First progress forwarded: 100.0% at +0s
[PROGRESS] Progress 100%
[FILE] 
[PROGRESS] Speed 0.00 MB/s
[PROGRESS] Rsync Time --:--
[SUCCESS] Transfer Completed
[PROGRESS] DIAG [OBSERVER] OBSERVER stopped: rsync completed
[VERIFY] Verification Started
[VERIFY] [VERIFY DIAG] Verification Mode: xxHash64 Full 100%
[VERIFY] [VERIFY DIAG] Verification Coverage: Full 100%
[VERIFY] [VERIFY DIAG] Hash Algorithm: xxHash64
[VERIFY] [VERIFY DIAG] Hash Note: Fast non-cryptographic hash verification
[VERIFY] [VERIFY DIAG] Source Path: /var/folders/89/bwjml4px7bd8_gc4y493myh80000gn/T/FSTFullWorkflowRetry-B657296F-D5A0-4857-B7F9-8E40E7567220/real-source
[VERIFY] [VERIFY DIAG] Destination Path: /var/folders/89/bwjml4px7bd8_gc4y493myh80000gn/T/FSTFullWorkflowRetry-B657296F-D5A0-4857-B7F9-8E40E7567220/destination/real-source
[VERIFY] [VERIFY DIAG] Phase: Verification run initialized
[VERIFY] [VERIFY DIAG] Phase: Source inventory build started
[VERIFY] [VERIFY DIAG] Source Folder Count: 0
[VERIFY] [VERIFY DIAG] Source File Count: 1
[VERIFY] [VERIFY DIAG] Phase: Source inventory build completed
[VERIFY] [VERIFY DIAG] Source File Count: 1
[VERIFY] [VERIFY DIAG] Phase: Destination inventory build started
[VERIFY] [VERIFY DIAG] Destination Folder Count: 0
[VERIFY] [VERIFY DIAG] Destination File Count: 1
[VERIFY] [VERIFY DIAG] Phase: Destination inventory build completed
[VERIFY] [VERIFY DIAG] Destination File Count: 1
[VERIFY] [VERIFY DIAG] Phase: File count comparison started
[VERIFY] [VERIFY DIAG] Phase: File count comparison completed
[VERIFY] [VERIFY DIAG] Phase: Relative path and size comparison started
[VERIFY] [VERIFY DIAG] Phase: Relative path and size comparison completed
[VERIFY] [VERIFY DIAG] Phase: Verification sample selection started
[VERIFY] [VERIFY DIAG] Phase: Verification sample selection completed
[VERIFY] [VERIFY DIAG] Files selected for hash verification: 1
[VERIFY] [VERIFY DIAG] Phase: Hash comparison started
[FILE] A001_C001.mov
[VERIFY] [VERIFY DIAG] Hash comparison started: A001_C001.mov
[VERIFY] [VERIFY DIAG] Hash source path: /var/folders/89/bwjml4px7bd8_gc4y493myh80000gn/T/FSTFullWorkflowRetry-B657296F-D5A0-4857-B7F9-8E40E7567220/real-source/A001_C001.mov
[VERIFY] [VERIFY DIAG] Hash destination path: /var/folders/89/bwjml4px7bd8_gc4y493myh80000gn/T/FSTFullWorkflowRetry-B657296F-D5A0-4857-B7F9-8E40E7567220/destination/real-source/A001_C001.mov
[VERIFY] [VERIFY DIAG] Hash generated: Source A001_C001.mov xxHash64 1c9b5a5539703aef
[VERIFY] [VERIFY DIAG] Hash generated: Destination A001_C001.mov xxHash64 1c9b5a5539703aef
[VERIFY] Hash matched for A001_C001.mov
[PROGRESS] Verification 100%
[VERIFY] [VERIFY DIAG] Phase: Hash comparison completed
[SUCCESS] Verification Completed
[SYSTEM] Verification Passed. SAFE TO EJECT.
[SYSTEM] Report saved: /var/folders/89/bwjml4px7bd8_gc4y493myh80000gn/T/FSTFullWorkflowRetry-B657296F-D5A0-4857-B7F9-8E40E7567220/destination/FST_Report_FST-20261002-162826-77532EBB.txt
Test Case '-[FishSockTransferTests.TransferViewModelRuntimeXCTests testFullWorkflowRetryValidatesCopiesAndVerifiesAgainUsingCurrentConfiguration]' passed (0.287 seconds).
Test Case '-[FishSockTransferTests.TransferViewModelRuntimeXCTests testIdenticalTelegramWarningsAreRateLimited]' started.
Test Case '-[FishSockTransferTests.TransferViewModelRuntimeXCTests testIdenticalTelegramWarningsAreRateLimited]' passed (0.055 seconds).
Test Case '-[FishSockTransferTests.TransferViewModelRuntimeXCTests testInvalidDestinationSelectionIsNotPersisted]' started.
Test Case '-[FishSockTransferTests.TransferViewModelRuntimeXCTests testInvalidDestinationSelectionIsNotPersisted]' passed (0.009 seconds).
Test Case '-[FishSockTransferTests.TransferViewModelRuntimeXCTests testInvalidOperatorBandwidthBlocksStartWithoutTrapping]' started.
Test Case '-[FishSockTransferTests.TransferViewModelRuntimeXCTests testInvalidOperatorBandwidthBlocksStartWithoutTrapping]' passed (0.009 seconds).
Test Case '-[FishSockTransferTests.TransferViewModelRuntimeXCTests testInvalidSourceSelectionIsNotPersisted]' started.
Test Case '-[FishSockTransferTests.TransferViewModelRuntimeXCTests testInvalidSourceSelectionIsNotPersisted]' passed (0.005 seconds).
Test Case '-[FishSockTransferTests.TransferViewModelRuntimeXCTests testLateDestinationSaveCannotOverwriteNewerSelectionOnRelaunch]' started.
Test Case '-[FishSockTransferTests.TransferViewModelRuntimeXCTests testLateDestinationSaveCannotOverwriteNewerSelectionOnRelaunch]' passed (0.014 seconds).
Test Case '-[FishSockTransferTests.TransferViewModelRuntimeXCTests testLateSourceSaveCannotOverwriteNewerSelectionOnRelaunch]' started.
Test Case '-[FishSockTransferTests.TransferViewModelRuntimeXCTests testLateSourceSaveCannotOverwriteNewerSelectionOnRelaunch]' passed (0.011 seconds).
Test Case '-[FishSockTransferTests.TransferViewModelRuntimeXCTests testManualDestinationSelectionWinsOverLateRestore]' started.
Test Case '-[FishSockTransferTests.TransferViewModelRuntimeXCTests testManualDestinationSelectionWinsOverLateRestore]' passed (0.034 seconds).
Test Case '-[FishSockTransferTests.TransferViewModelRuntimeXCTests testManualSourceSelectionWinsOverLateRestore]' started.
Test Case '-[FishSockTransferTests.TransferViewModelRuntimeXCTests testManualSourceSelectionWinsOverLateRestore]' passed (0.007 seconds).
Test Case '-[FishSockTransferTests.TransferViewModelRuntimeXCTests testNonActiveStatesHaveNoPhaseHeroOrProgressBarContract]' started.
Test Case '-[FishSockTransferTests.TransferViewModelRuntimeXCTests testNonActiveStatesHaveNoPhaseHeroOrProgressBarContract]' passed (0.001 seconds).
Test Case '-[FishSockTransferTests.TransferViewModelRuntimeXCTests testObserverMetricsDoNotAffectSafeToEjectGate]' started.
Test Case '-[FishSockTransferTests.TransferViewModelRuntimeXCTests testObserverMetricsDoNotAffectSafeToEjectGate]' passed (0.008 seconds).
Test Case '-[FishSockTransferTests.TransferViewModelRuntimeXCTests testProgress2CheckpointsPreserveLiveViewModelEstimatesUntilNextLiveOrStateClear]' started.
Test Case '-[FishSockTransferTests.TransferViewModelRuntimeXCTests testProgress2CheckpointsPreserveLiveViewModelEstimatesUntilNextLiveOrStateClear]' passed (0.009 seconds).
Test Case '-[FishSockTransferTests.TransferViewModelRuntimeXCTests testRepeatedCopyingStateDoesNotClearRuntimeProgressMetrics]' started.
Test Case '-[FishSockTransferTests.TransferViewModelRuntimeXCTests testRepeatedCopyingStateDoesNotClearRuntimeProgressMetrics]' passed (0.005 seconds).
Test Case '-[FishSockTransferTests.TransferViewModelRuntimeXCTests testReplacingSourceReleasesOldAccessExactlyOnceAndPreservesDestination]' started.
Test Case '-[FishSockTransferTests.TransferViewModelRuntimeXCTests testReplacingSourceReleasesOldAccessExactlyOnceAndPreservesDestination]' passed (0.006 seconds).
Test Case '-[FishSockTransferTests.TransferViewModelRuntimeXCTests testRsyncTimePresentationDoesNotUseETAWording]' started.
Test Case '-[FishSockTransferTests.TransferViewModelRuntimeXCTests testRsyncTimePresentationDoesNotUseETAWording]' passed (0.000 seconds).
Test Case '-[FishSockTransferTests.TransferViewModelRuntimeXCTests testRuntimeDiagnosticsAreAppliedOnlyOncePerMetric]' started.
Test Case '-[FishSockTransferTests.TransferViewModelRuntimeXCTests testRuntimeDiagnosticsAreAppliedOnlyOncePerMetric]' passed (0.005 seconds).
Test Case '-[FishSockTransferTests.TransferViewModelRuntimeXCTests testScannedLogicalSizeDrivesStorageStartGateAndObserverProgress]' started.
Test Case '-[FishSockTransferTests.TransferViewModelRuntimeXCTests testScannedLogicalSizeDrivesStorageStartGateAndObserverProgress]' passed (0.011 seconds).
Test Case '-[FishSockTransferTests.TransferViewModelRuntimeXCTests testSlowTerminalCleanupNeverTimesOutAndRetryStartsImmediatelyAfterRelease]' started.
[INFO] Validating transfer requirements...
[ERROR] TRANSFER ERROR: The source location is unavailable or cannot be read.
[WARNING] Report skipped: no report was written because the destination was unsafe for report output.
Test Case '-[FishSockTransferTests.TransferViewModelRuntimeXCTests testSlowTerminalCleanupNeverTimesOutAndRetryStartsImmediatelyAfterRelease]' passed (0.057 seconds).
Test Case '-[FishSockTransferTests.TransferViewModelRuntimeXCTests testStaleDestinationMetadataTaskCannotRepopulateClearedDestination]' started.
[INFO] Validating transfer requirements...
[ERROR] TRANSFER ERROR: The source location is unavailable or cannot be read.
[WARNING] Report skipped: no report was written because the destination was unsafe for report output.
Test Case '-[FishSockTransferTests.TransferViewModelRuntimeXCTests testStaleDestinationMetadataTaskCannotRepopulateClearedDestination]' passed (0.043 seconds).
Test Case '-[FishSockTransferTests.TransferViewModelRuntimeXCTests testStaleRefreshFailureRemovesOnlyTheBadRoleAndPreservesTheOther]' started.
Test Case '-[FishSockTransferTests.TransferViewModelRuntimeXCTests testStaleRefreshFailureRemovesOnlyTheBadRoleAndPreservesTheOther]' passed (0.031 seconds).
Test Case '-[FishSockTransferTests.TransferViewModelRuntimeXCTests testStaleSourceMetadataTaskCannotRepopulateClearedSource]' started.
Test Case '-[FishSockTransferTests.TransferViewModelRuntimeXCTests testStaleSourceMetadataTaskCannotRepopulateClearedSource]' passed (0.007 seconds).
Test Case '-[FishSockTransferTests.TransferViewModelRuntimeXCTests testStaleUsableSourceBookmarkRefreshesAndRestoresSelection]' started.
Test Case '-[FishSockTransferTests.TransferViewModelRuntimeXCTests testStaleUsableSourceBookmarkRefreshesAndRestoresSelection]' passed (0.014 seconds).
Test Case '-[FishSockTransferTests.TransferViewModelRuntimeXCTests testTelegramTestMessageIsIgnoredWhileSendIsInFlight]' started.
Test Case '-[FishSockTransferTests.TransferViewModelRuntimeXCTests testTelegramTestMessageIsIgnoredWhileSendIsInFlight]' passed (0.175 seconds).
Test Case '-[FishSockTransferTests.TransferViewModelRuntimeXCTests testTerminalActionLabelsAreSeparateAndRespectExistingAdmission]' started.
Test Case '-[FishSockTransferTests.TransferViewModelRuntimeXCTests testTerminalActionLabelsAreSeparateAndRespectExistingAdmission]' passed (0.012 seconds).
Test Case '-[FishSockTransferTests.TransferViewModelRuntimeXCTests testTerminalAndVerifyTransitionsClearCurrentItemAndRuntimeMetrics]' started.
Test Case '-[FishSockTransferTests.TransferViewModelRuntimeXCTests testTerminalAndVerifyTransitionsClearCurrentItemAndRuntimeMetrics]' passed (0.007 seconds).
Test Case '-[FishSockTransferTests.TransferViewModelRuntimeXCTests testValidDestinationSelectionSavesDestinationBookmark]' started.
Test Case '-[FishSockTransferTests.TransferViewModelRuntimeXCTests testValidDestinationSelectionSavesDestinationBookmark]' passed (0.007 seconds).
Test Case '-[FishSockTransferTests.TransferViewModelRuntimeXCTests testValidSourceAndCorruptDestinationRestoresOnlySource]' started.
Test Case '-[FishSockTransferTests.TransferViewModelRuntimeXCTests testValidSourceAndCorruptDestinationRestoresOnlySource]' passed (0.008 seconds).
Test Case '-[FishSockTransferTests.TransferViewModelRuntimeXCTests testValidSourceSelectionSavesSourceBookmark]' started.
Test Case '-[FishSockTransferTests.TransferViewModelRuntimeXCTests testValidSourceSelectionSavesSourceBookmark]' passed (0.014 seconds).
Test Case '-[FishSockTransferTests.TransferViewModelRuntimeXCTests testVerifyETAAt25PercentAfter30SecondsIs90Seconds]' started.
Test Case '-[FishSockTransferTests.TransferViewModelRuntimeXCTests testVerifyETAAt25PercentAfter30SecondsIs90Seconds]' passed (0.007 seconds).
Test Case '-[FishSockTransferTests.TransferViewModelRuntimeXCTests testVerifyETABeforeProgressIsEstimating]' started.
Test Case '-[FishSockTransferTests.TransferViewModelRuntimeXCTests testVerifyETABeforeProgressIsEstimating]' passed (0.009 seconds).
Test Case '-[FishSockTransferTests.TransferViewModelRuntimeXCTests testVerifyETAClearsOnCancelFailureResetNewJob]' started.
Test Case '-[FishSockTransferTests.TransferViewModelRuntimeXCTests testVerifyETAClearsOnCancelFailureResetNewJob]' passed (0.005 seconds).
Test Case '-[FishSockTransferTests.TransferViewModelRuntimeXCTests testVerifyETAClearsOnVerifyCompleted]' started.
Test Case '-[FishSockTransferTests.TransferViewModelRuntimeXCTests testVerifyETAClearsOnVerifyCompleted]' passed (0.009 seconds).
Test Case '-[FishSockTransferTests.TransferViewModelRuntimeXCTests testVerifyETAHundredPercentHandledSafely]' started.
Test Case '-[FishSockTransferTests.TransferViewModelRuntimeXCTests testVerifyETAHundredPercentHandledSafely]' passed (0.004 seconds).
Test Case '-[FishSockTransferTests.TransferViewModelRuntimeXCTests testVerifyETAZeroPercentDoesNotDivideByZero]' started.
Test Case '-[FishSockTransferTests.TransferViewModelRuntimeXCTests testVerifyETAZeroPercentDoesNotDivideByZero]' passed (0.004 seconds).
Test Case '-[FishSockTransferTests.TransferViewModelRuntimeXCTests testVerifyPhaseClearsObserverMetricsAndUsesVerifyPresentation]' started.
Test Case '-[FishSockTransferTests.TransferViewModelRuntimeXCTests testVerifyPhaseClearsObserverMetricsAndUsesVerifyPresentation]' passed (0.008 seconds).
Test Case '-[FishSockTransferTests.TransferViewModelRuntimeXCTests testViewModelDuplicateRetryRequestsAdmitOnlyOneWorkflow]' started.
[INFO] Validating transfer requirements...
[ERROR] TRANSFER ERROR: The source location is unavailable or cannot be read.
[SYSTEM] Report saved: /var/folders/89/bwjml4px7bd8_gc4y493myh80000gn/T/FSTViewModelDuplicateRetry-1DC06182-1A7B-4CAF-AE61-B68C1512181D/destination/FST_Report_FST-20261002-162827-049690EA.txt
[INFO] Validating transfer requirements...
[PROGRESS] DIAG [OBSERVER] OBSERVER started: /var/folders/89/bwjml4px7bd8_gc4y493myh80000gn/T/FSTViewModelDuplicateRetry-1DC06182-1A7B-4CAF-AE61-B68C1512181D/destination/source
[INFO] Transfer Started
[PROGRESS] DIAG [OBSERVER] OBSERVER sample: copiedBytes=0 files=0 currentItem=- speed=- eta=-
[FILE] 
[PROGRESS] DIAG [COORDINATOR] COORDINATOR FORWARDED speed event: 0.00 MB/s at +0s
[PROGRESS] Speed 0.00 MB/s
[PROGRESS] DIAG [COORDINATOR] COORDINATOR FORWARDED rsync time event: --:-- at +0s
[PROGRESS] Rsync Time --:--
[TRANSFER] Bundled rsync path: /var/folders/89/bwjml4px7bd8_gc4y493myh80000gn/T/FSTViewModelDuplicateRetry-1DC06182-1A7B-4CAF-AE61-B68C1512181D/fake-rsync
[TRANSFER] Bundled rsync version: 3.4.4
[TRANSFER] Using bundled rsync 3.4.4 at /var/folders/89/bwjml4px7bd8_gc4y493myh80000gn/T/FSTViewModelDuplicateRetry-1DC06182-1A7B-4CAF-AE61-B68C1512181D/fake-rsync
[TRANSFER] Selected Limit: Unlimited | Converted Limit: none | Rsync Bwlimit Argument: none | Rsync Version: bundled rsync 3.4.4
[TRANSFER] Rsync Args: -a -h --info=name1,progress2 --outbuf=N --exclude=.DS_Store --exclude=._* --exclude=.Spotlight-V100 --exclude=.Trashes --exclude=.fseventsd --exclude=.TemporaryItems /var/folders/89/bwjml4px7bd8_gc4y493myh80000gn/T/FSTViewModelDuplicateRetry-1DC06182-1A7B-4CAF-AE61-B68C1512181D/source /var/folders/89/bwjml4px7bd8_gc4y493myh80000gn/T/FSTViewModelDuplicateRetry-1DC06182-1A7B-4CAF-AE61-B68C1512181D/destination/
[TRANSFER] Rsync Command: /var/folders/89/bwjml4px7bd8_gc4y493myh80000gn/T/FSTViewModelDuplicateRetry-1DC06182-1A7B-4CAF-AE61-B68C1512181D/fake-rsync -a -h --info=name1,progress2 --outbuf=N --exclude=.DS_Store --exclude=._* --exclude=.Spotlight-V100 --exclude=.Trashes --exclude=.fseventsd --exclude=.TemporaryItems /var/folders/89/bwjml4px7bd8_gc4y493myh80000gn/T/FSTViewModelDuplicateRetry-1DC06182-1A7B-4CAF-AE61-B68C1512181D/source /var/folders/89/bwjml4px7bd8_gc4y493myh80000gn/T/FSTViewModelDuplicateRetry-1DC06182-1A7B-4CAF-AE61-B68C1512181D/destination/
[TRANSFER] DIAG [RSYNC TIMING] Rsync process started at +0s
[PROGRESS] DIAG [OBSERVER] OBSERVER stopped: cancel requested
[FILE] 
[PROGRESS] Speed 0.00 MB/s
[PROGRESS] Rsync Time --:--
[WARNING] Transfer Cancelled
[SYSTEM] Report saved: /var/folders/89/bwjml4px7bd8_gc4y493myh80000gn/T/FSTViewModelDuplicateRetry-1DC06182-1A7B-4CAF-AE61-B68C1512181D/destination/FST_Report_FST-20261002-162827-52A69336.txt
Test Case '-[FishSockTransferTests.TransferViewModelRuntimeXCTests testViewModelDuplicateRetryRequestsAdmitOnlyOneWorkflow]' passed (0.330 seconds).
Test Case '-[FishSockTransferTests.TransferViewModelRuntimeXCTests testViewModelPrefersRsyncCurrentFileWhenObserverAlsoHasCurrentItem]' started.
Test Case '-[FishSockTransferTests.TransferViewModelRuntimeXCTests testViewModelPrefersRsyncCurrentFileWhenObserverAlsoHasCurrentItem]' passed (0.005 seconds).
Test Case '-[FishSockTransferTests.TransferViewModelRuntimeXCTests testViewModelUsesObserverMetricsWhenRsyncProgressUnavailable]' started.
Test Case '-[FishSockTransferTests.TransferViewModelRuntimeXCTests testViewModelUsesObserverMetricsWhenRsyncProgressUnavailable]' passed (0.008 seconds).
Test Case '-[FishSockTransferTests.TransferViewModelRuntimeXCTests testZeroPercentProgressWithSpeedAndTimeStillUpdatesRuntimeMetrics]' started.
Test Case '-[FishSockTransferTests.TransferViewModelRuntimeXCTests testZeroPercentProgressWithSpeedAndTimeStillUpdatesRuntimeMetrics]' passed (0.005 seconds).
Test Suite 'TransferViewModelRuntimeXCTests' passed at 2026-10-02 16:28:27.990.
	 Executed 82 tests, with 0 failures (0 unexpected) in 3.659 (3.684) seconds
Test Suite 'VerificationHashStrategyXCTests' started at 2026-10-02 16:28:27.990.
Test Case '-[FishSockTransferTests.VerificationHashStrategyXCTests testCancelBetweenFilesStopsBeforeNextFileAndEmitsExactlyOneCancelledEvent]' started.
Test Case '-[FishSockTransferTests.VerificationHashStrategyXCTests testCancelBetweenFilesStopsBeforeNextFileAndEmitsExactlyOneCancelledEvent]' passed (0.005 seconds).
Test Case '-[FishSockTransferTests.VerificationHashStrategyXCTests testDirectNoneModeVerificationDoesNotHashAndEmitsZeroVerifiedPassed]' started.
Test Case '-[FishSockTransferTests.VerificationHashStrategyXCTests testDirectNoneModeVerificationDoesNotHashAndEmitsZeroVerifiedPassed]' passed (0.004 seconds).
Test Case '-[FishSockTransferTests.VerificationHashStrategyXCTests testFullVerificationUsesXXHash64AndFailsAlteredSameSizeDestinationFile]' started.
Test Case '-[FishSockTransferTests.VerificationHashStrategyXCTests testFullVerificationUsesXXHash64AndFailsAlteredSameSizeDestinationFile]' passed (0.004 seconds).
Test Case '-[FishSockTransferTests.VerificationHashStrategyXCTests testReportDisclosesSelectedHashAlgorithmAndStrength]' started.
Test Case '-[FishSockTransferTests.VerificationHashStrategyXCTests testReportDisclosesSelectedHashAlgorithmAndStrength]' passed (0.002 seconds).
Test Case '-[FishSockTransferTests.VerificationHashStrategyXCTests testSHA256HashGenerationRemainsUnchanged]' started.
Test Case '-[FishSockTransferTests.VerificationHashStrategyXCTests testSHA256HashGenerationRemainsUnchanged]' passed (0.002 seconds).
Test Case '-[FishSockTransferTests.VerificationHashStrategyXCTests testVerificationModeHashMappingAndLabels]' started.
Test Case '-[FishSockTransferTests.VerificationHashStrategyXCTests testVerificationModeHashMappingAndLabels]' passed (0.000 seconds).
Test Case '-[FishSockTransferTests.VerificationHashStrategyXCTests testVerificationSelectionLabelsPreserveTechnicalIdentity]' started.
Test Case '-[FishSockTransferTests.VerificationHashStrategyXCTests testVerificationSelectionLabelsPreserveTechnicalIdentity]' passed (0.000 seconds).
Test Case '-[FishSockTransferTests.VerificationHashStrategyXCTests testXXHash64ChunkedUpdateMatchesSingleUpdateAndHexShape]' started.
Test Case '-[FishSockTransferTests.VerificationHashStrategyXCTests testXXHash64ChunkedUpdateMatchesSingleUpdateAndHexShape]' passed (0.001 seconds).
Test Case '-[FishSockTransferTests.VerificationHashStrategyXCTests testXXHash64StandardVectorsSeedZero]' started.
Test Case '-[FishSockTransferTests.VerificationHashStrategyXCTests testXXHash64StandardVectorsSeedZero]' passed (0.001 seconds).
Test Suite 'VerificationHashStrategyXCTests' passed at 2026-10-02 16:28:28.010.
	 Executed 9 tests, with 0 failures (0 unexpected) in 0.018 (0.020) seconds
Test Suite 'FishSockTransferTests.xctest' passed at 2026-10-02 16:28:28.010.
	 Executed 285 tests, with 0 failures (0 unexpected) in 27.462 (27.612) seconds
Test Suite 'All tests' passed at 2026-10-02 16:28:28.011.
	 Executed 285 tests, with 0 failures (0 unexpected) in 27.462 (27.614) seconds
2026-10-02 16:28:28.304 xcodebuild[62961:85504582] [MT] IDETestOperationsObserverDebug: 29.452 elapsed -- Testing started completed.
2026-10-02 16:28:28.304 xcodebuild[62961:85504582] [MT] IDETestOperationsObserverDebug: 0.000 sec, +0.000 sec -- start
2026-10-02 16:28:28.304 xcodebuild[62961:85504582] [MT] IDETestOperationsObserverDebug: 29.452 sec, +29.452 sec -- end

Test session results, code coverage, and logs:
	/tmp/fst-patch3-verify-full-20261002-1628.xcresult

** TEST SUCCEEDED **

Testing started
