Command line invocation:
    /Applications/Xcode.app/Contents/Developer/usr/bin/xcodebuild -project FishSockTransfer/FishSockTransfer.xcodeproj -scheme FishSockTransfer -configuration Debug -destination platform=macOS,arch=arm64 -derivedDataPath /tmp/fst-patch3-verify-isolated-20261002-1627-derived -resultBundlePath /tmp/fst-patch3-verify-isolated-20261002-1627.xcresult -parallel-testing-enabled NO "-only-testing:FishSockTransferTests/DestinationCapacityImageRuntimeXCTests/testDisposableAPFSAdmissionAndVerifiedCopy" test

Writing result bundle at path:
	/tmp/fst-patch3-verify-isolated-20261002-1627.xcresult

ComputePackagePrebuildTargetDependencyGraph

Prepare packages

CreateBuildRequest

SendProjectDescription

CreateBuildOperation

ComputeTargetDependencyGraph
note: Building targets in dependency order
note: Target dependency graph (2 targets)
    Target 'FishSockTransferTests' in project 'FishSockTransfer' (no dependencies)
    Target 'FishSockTransfer' in project 'FishSockTransfer' (no dependencies)

GatherProvisioningInputs

CreateBuildDescription

ExecuteExternalTool /Applications/Xcode.app/Contents/Developer/Toolchains/XcodeDefault.xctoolchain/usr/bin/clang -v -E -dM -isysroot /Applications/Xcode.app/Contents/Developer/Platforms/MacOSX.platform/Developer/SDKs/MacOSX26.2.sdk -x c -c /dev/null

ExecuteExternalTool /Applications/Xcode.app/Contents/Developer/Toolchains/XcodeDefault.xctoolchain/usr/bin/swiftc --version

ExecuteExternalTool /Applications/Xcode.app/Contents/Developer/usr/bin/actool --version --output-format xml1

ExecuteExternalTool /Applications/Xcode.app/Contents/Developer/Toolchains/XcodeDefault.xctoolchain/usr/bin/ld -version_details

Build description signature: ed355e5be5bc92c8929b1cf3e6bc3fe4
Build description path: /tmp/fst-patch3-verify-isolated-20261002-1627-derived/Build/Intermediates.noindex/XCBuildData/ed355e5be5bc92c8929b1cf3e6bc3fe4.xcbuilddata
ClangStatCache /Applications/Xcode.app/Contents/Developer/Toolchains/XcodeDefault.xctoolchain/usr/bin/clang-stat-cache /Applications/Xcode.app/Contents/Developer/Platforms/MacOSX.platform/Developer/SDKs/MacOSX26.2.sdk /tmp/fst-patch3-verify-isolated-20261002-1627-derived/SDKStatCaches.noindex/macosx26.2-25C58-00fa09913b459cbbc988d1f6730289ae.sdkstatcache
    cd /Users/cenvu/DEV/FST_V2/FishSockTransfer/FishSockTransfer.xcodeproj
    /Applications/Xcode.app/Contents/Developer/Toolchains/XcodeDefault.xctoolchain/usr/bin/clang-stat-cache /Applications/Xcode.app/Contents/Developer/Platforms/MacOSX.platform/Developer/SDKs/MacOSX26.2.sdk -o /tmp/fst-patch3-verify-isolated-20261002-1627-derived/SDKStatCaches.noindex/macosx26.2-25C58-00fa09913b459cbbc988d1f6730289ae.sdkstatcache

CreateBuildDirectory /tmp/fst-patch3-verify-isolated-20261002-1627-derived/Build/Intermediates.noindex
    cd /Users/cenvu/DEV/FST_V2/FishSockTransfer/FishSockTransfer.xcodeproj
    builtin-create-build-directory /tmp/fst-patch3-verify-isolated-20261002-1627-derived/Build/Intermediates.noindex

CreateBuildDirectory /tmp/fst-patch3-verify-isolated-20261002-1627-derived/Build/Products
    cd /Users/cenvu/DEV/FST_V2/FishSockTransfer/FishSockTransfer.xcodeproj
    builtin-create-build-directory /tmp/fst-patch3-verify-isolated-20261002-1627-derived/Build/Products

CreateBuildDirectory /tmp/fst-patch3-verify-isolated-20261002-1627-derived/Build/Intermediates.noindex/ExplicitPrecompiledModules
    cd /Users/cenvu/DEV/FST_V2/FishSockTransfer/FishSockTransfer.xcodeproj
    builtin-create-build-directory /tmp/fst-patch3-verify-isolated-20261002-1627-derived/Build/Intermediates.noindex/ExplicitPrecompiledModules

CreateBuildDirectory /tmp/fst-patch3-verify-isolated-20261002-1627-derived/Build/Intermediates.noindex/SwiftExplicitPrecompiledModules
    cd /Users/cenvu/DEV/FST_V2/FishSockTransfer/FishSockTransfer.xcodeproj
    builtin-create-build-directory /tmp/fst-patch3-verify-isolated-20261002-1627-derived/Build/Intermediates.noindex/SwiftExplicitPrecompiledModules

CreateBuildDirectory /tmp/fst-patch3-verify-isolated-20261002-1627-derived/Build/Intermediates.noindex/EagerLinkingTBDs/Debug
    cd /Users/cenvu/DEV/FST_V2/FishSockTransfer/FishSockTransfer.xcodeproj
    builtin-create-build-directory /tmp/fst-patch3-verify-isolated-20261002-1627-derived/Build/Intermediates.noindex/EagerLinkingTBDs/Debug

WriteAuxiliaryFile /tmp/fst-patch3-verify-isolated-20261002-1627-derived/Build/Intermediates.noindex/FishSockTransfer.build/Debug/FishSockTransfer-7b781d80cc4a72f320f94452b7409f22-VFS/all-product-headers.yaml
    cd /Users/cenvu/DEV/FST_V2/FishSockTransfer/FishSockTransfer.xcodeproj
    write-file /tmp/fst-patch3-verify-isolated-20261002-1627-derived/Build/Intermediates.noindex/FishSockTransfer.build/Debug/FishSockTransfer-7b781d80cc4a72f320f94452b7409f22-VFS/all-product-headers.yaml

CreateBuildDirectory /tmp/fst-patch3-verify-isolated-20261002-1627-derived/Build/Products/Debug
    cd /Users/cenvu/DEV/FST_V2/FishSockTransfer/FishSockTransfer.xcodeproj
    builtin-create-build-directory /tmp/fst-patch3-verify-isolated-20261002-1627-derived/Build/Products/Debug

WriteAuxiliaryFile /tmp/fst-patch3-verify-isolated-20261002-1627-derived/Build/Intermediates.noindex/FishSockTransfer.build/Debug/FishSockTransfer.build/empty-FishSockTransfer.plist (in target 'FishSockTransfer' from project 'FishSockTransfer')
    cd /Users/cenvu/DEV/FST_V2/FishSockTransfer
    write-file /tmp/fst-patch3-verify-isolated-20261002-1627-derived/Build/Intermediates.noindex/FishSockTransfer.build/Debug/FishSockTransfer.build/empty-FishSockTransfer.plist

WriteAuxiliaryFile /tmp/fst-patch3-verify-isolated-20261002-1627-derived/Build/Intermediates.noindex/FishSockTransfer.build/Debug/FishSockTransfer.build/d90f8c6335967b04e85ded9a4b01cd9b.sb (in target 'FishSockTransfer' from project 'FishSockTransfer')
    cd /Users/cenvu/DEV/FST_V2/FishSockTransfer
    write-file /tmp/fst-patch3-verify-isolated-20261002-1627-derived/Build/Intermediates.noindex/FishSockTransfer.build/Debug/FishSockTransfer.build/d90f8c6335967b04e85ded9a4b01cd9b.sb

WriteAuxiliaryFile /tmp/fst-patch3-verify-isolated-20261002-1627-derived/Build/Intermediates.noindex/FishSockTransfer.build/Debug/FishSockTransfer.build/Script-7D9475CD2FDF280000F41AE2.sh (in target 'FishSockTransfer' from project 'FishSockTransfer')
    cd /Users/cenvu/DEV/FST_V2/FishSockTransfer
    write-file /tmp/fst-patch3-verify-isolated-20261002-1627-derived/Build/Intermediates.noindex/FishSockTransfer.build/Debug/FishSockTransfer.build/Script-7D9475CD2FDF280000F41AE2.sh

WriteAuxiliaryFile /tmp/fst-patch3-verify-isolated-20261002-1627-derived/Build/Intermediates.noindex/FishSockTransfer.build/Debug/FishSockTransferTests.build/empty-FishSockTransferTests.plist (in target 'FishSockTransferTests' from project 'FishSockTransfer')
    cd /Users/cenvu/DEV/FST_V2/FishSockTransfer
    write-file /tmp/fst-patch3-verify-isolated-20261002-1627-derived/Build/Intermediates.noindex/FishSockTransfer.build/Debug/FishSockTransferTests.build/empty-FishSockTransferTests.plist

WriteAuxiliaryFile /tmp/fst-patch3-verify-isolated-20261002-1627-derived/Build/Intermediates.noindex/FishSockTransfer.build/Debug/FishSockTransfer.build/Objects-normal/arm64/FishSockTransfer_const_extract_protocols.json (in target 'FishSockTransfer' from project 'FishSockTransfer')
    cd /Users/cenvu/DEV/FST_V2/FishSockTransfer
    write-file /tmp/fst-patch3-verify-isolated-20261002-1627-derived/Build/Intermediates.noindex/FishSockTransfer.build/Debug/FishSockTransfer.build/Objects-normal/arm64/FishSockTransfer_const_extract_protocols.json

WriteAuxiliaryFile /tmp/fst-patch3-verify-isolated-20261002-1627-derived/Build/Intermediates.noindex/FishSockTransfer.build/Debug/FishSockTransferTests.build/Objects-normal/arm64/FishSockTransferTests.SwiftFileList (in target 'FishSockTransferTests' from project 'FishSockTransfer')
    cd /Users/cenvu/DEV/FST_V2/FishSockTransfer
    write-file /tmp/fst-patch3-verify-isolated-20261002-1627-derived/Build/Intermediates.noindex/FishSockTransfer.build/Debug/FishSockTransferTests.build/Objects-normal/arm64/FishSockTransferTests.SwiftFileList

WriteAuxiliaryFile /tmp/fst-patch3-verify-isolated-20261002-1627-derived/Build/Intermediates.noindex/FishSockTransfer.build/Debug/FishSockTransferTests.build/Objects-normal/arm64/FishSockTransferTests_const_extract_protocols.json (in target 'FishSockTransferTests' from project 'FishSockTransfer')
    cd /Users/cenvu/DEV/FST_V2/FishSockTransfer
    write-file /tmp/fst-patch3-verify-isolated-20261002-1627-derived/Build/Intermediates.noindex/FishSockTransfer.build/Debug/FishSockTransferTests.build/Objects-normal/arm64/FishSockTransferTests_const_extract_protocols.json

WriteAuxiliaryFile /tmp/fst-patch3-verify-isolated-20261002-1627-derived/Build/Intermediates.noindex/FishSockTransfer.build/Debug/FishSockTransferTests.build/Objects-normal/arm64/FishSockTransferTests.SwiftConstValuesFileList (in target 'FishSockTransferTests' from project 'FishSockTransfer')
    cd /Users/cenvu/DEV/FST_V2/FishSockTransfer
    write-file /tmp/fst-patch3-verify-isolated-20261002-1627-derived/Build/Intermediates.noindex/FishSockTransfer.build/Debug/FishSockTransferTests.build/Objects-normal/arm64/FishSockTransferTests.SwiftConstValuesFileList

WriteAuxiliaryFile /tmp/fst-patch3-verify-isolated-20261002-1627-derived/Build/Intermediates.noindex/FishSockTransfer.build/Debug/FishSockTransfer.build/Objects-normal/arm64/FishSockTransfer-OutputFileMap.json (in target 'FishSockTransfer' from project 'FishSockTransfer')
    cd /Users/cenvu/DEV/FST_V2/FishSockTransfer
    write-file /tmp/fst-patch3-verify-isolated-20261002-1627-derived/Build/Intermediates.noindex/FishSockTransfer.build/Debug/FishSockTransfer.build/Objects-normal/arm64/FishSockTransfer-OutputFileMap.json

WriteAuxiliaryFile /tmp/fst-patch3-verify-isolated-20261002-1627-derived/Build/Intermediates.noindex/FishSockTransfer.build/Debug/FishSockTransferTests.build/Objects-normal/arm64/FishSockTransferTests.LinkFileList (in target 'FishSockTransferTests' from project 'FishSockTransfer')
    cd /Users/cenvu/DEV/FST_V2/FishSockTransfer
    write-file /tmp/fst-patch3-verify-isolated-20261002-1627-derived/Build/Intermediates.noindex/FishSockTransfer.build/Debug/FishSockTransferTests.build/Objects-normal/arm64/FishSockTransferTests.LinkFileList

WriteAuxiliaryFile /tmp/fst-patch3-verify-isolated-20261002-1627-derived/Build/Intermediates.noindex/FishSockTransfer.build/Debug/FishSockTransferTests.build/Objects-normal/arm64/FishSockTransferTests-OutputFileMap.json (in target 'FishSockTransferTests' from project 'FishSockTransfer')
    cd /Users/cenvu/DEV/FST_V2/FishSockTransfer
    write-file /tmp/fst-patch3-verify-isolated-20261002-1627-derived/Build/Intermediates.noindex/FishSockTransfer.build/Debug/FishSockTransferTests.build/Objects-normal/arm64/FishSockTransferTests-OutputFileMap.json

WriteAuxiliaryFile /tmp/fst-patch3-verify-isolated-20261002-1627-derived/Build/Intermediates.noindex/FishSockTransfer.build/Debug/FishSockTransferTests.build/FishSockTransferTests.hmap (in target 'FishSockTransferTests' from project 'FishSockTransfer')
    cd /Users/cenvu/DEV/FST_V2/FishSockTransfer
    write-file /tmp/fst-patch3-verify-isolated-20261002-1627-derived/Build/Intermediates.noindex/FishSockTransfer.build/Debug/FishSockTransferTests.build/FishSockTransferTests.hmap

WriteAuxiliaryFile /tmp/fst-patch3-verify-isolated-20261002-1627-derived/Build/Intermediates.noindex/FishSockTransfer.build/Debug/FishSockTransferTests.build/FishSockTransferTests.DependencyStaticMetadataFileList (in target 'FishSockTransferTests' from project 'FishSockTransfer')
    cd /Users/cenvu/DEV/FST_V2/FishSockTransfer
    write-file /tmp/fst-patch3-verify-isolated-20261002-1627-derived/Build/Intermediates.noindex/FishSockTransfer.build/Debug/FishSockTransferTests.build/FishSockTransferTests.DependencyStaticMetadataFileList

WriteAuxiliaryFile /tmp/fst-patch3-verify-isolated-20261002-1627-derived/Build/Intermediates.noindex/FishSockTransfer.build/Debug/FishSockTransferTests.build/FishSockTransferTests.DependencyMetadataFileList (in target 'FishSockTransferTests' from project 'FishSockTransfer')
    cd /Users/cenvu/DEV/FST_V2/FishSockTransfer
    write-file /tmp/fst-patch3-verify-isolated-20261002-1627-derived/Build/Intermediates.noindex/FishSockTransfer.build/Debug/FishSockTransferTests.build/FishSockTransferTests.DependencyMetadataFileList

WriteAuxiliaryFile /tmp/fst-patch3-verify-isolated-20261002-1627-derived/Build/Intermediates.noindex/FishSockTransfer.build/Debug/FishSockTransferTests.build/FishSockTransferTests-project-headers.hmap (in target 'FishSockTransferTests' from project 'FishSockTransfer')
    cd /Users/cenvu/DEV/FST_V2/FishSockTransfer
    write-file /tmp/fst-patch3-verify-isolated-20261002-1627-derived/Build/Intermediates.noindex/FishSockTransfer.build/Debug/FishSockTransferTests.build/FishSockTransferTests-project-headers.hmap

WriteAuxiliaryFile /tmp/fst-patch3-verify-isolated-20261002-1627-derived/Build/Intermediates.noindex/FishSockTransfer.build/Debug/FishSockTransferTests.build/FishSockTransferTests-own-target-headers.hmap (in target 'FishSockTransferTests' from project 'FishSockTransfer')
    cd /Users/cenvu/DEV/FST_V2/FishSockTransfer
    write-file /tmp/fst-patch3-verify-isolated-20261002-1627-derived/Build/Intermediates.noindex/FishSockTransfer.build/Debug/FishSockTransferTests.build/FishSockTransferTests-own-target-headers.hmap

WriteAuxiliaryFile /tmp/fst-patch3-verify-isolated-20261002-1627-derived/Build/Intermediates.noindex/FishSockTransfer.build/Debug/FishSockTransferTests.build/FishSockTransferTests-generated-files.hmap (in target 'FishSockTransferTests' from project 'FishSockTransfer')
    cd /Users/cenvu/DEV/FST_V2/FishSockTransfer
    write-file /tmp/fst-patch3-verify-isolated-20261002-1627-derived/Build/Intermediates.noindex/FishSockTransfer.build/Debug/FishSockTransferTests.build/FishSockTransferTests-generated-files.hmap

WriteAuxiliaryFile /tmp/fst-patch3-verify-isolated-20261002-1627-derived/Build/Intermediates.noindex/FishSockTransfer.build/Debug/FishSockTransferTests.build/FishSockTransferTests-all-target-headers.hmap (in target 'FishSockTransferTests' from project 'FishSockTransfer')
    cd /Users/cenvu/DEV/FST_V2/FishSockTransfer
    write-file /tmp/fst-patch3-verify-isolated-20261002-1627-derived/Build/Intermediates.noindex/FishSockTransfer.build/Debug/FishSockTransferTests.build/FishSockTransferTests-all-target-headers.hmap

WriteAuxiliaryFile /tmp/fst-patch3-verify-isolated-20261002-1627-derived/Build/Intermediates.noindex/FishSockTransfer.build/Debug/FishSockTransferTests.build/FishSockTransferTests-all-non-framework-target-headers.hmap (in target 'FishSockTransferTests' from project 'FishSockTransfer')
    cd /Users/cenvu/DEV/FST_V2/FishSockTransfer
    write-file /tmp/fst-patch3-verify-isolated-20261002-1627-derived/Build/Intermediates.noindex/FishSockTransfer.build/Debug/FishSockTransferTests.build/FishSockTransferTests-all-non-framework-target-headers.hmap

WriteAuxiliaryFile /tmp/fst-patch3-verify-isolated-20261002-1627-derived/Build/Intermediates.noindex/FishSockTransfer.build/Debug/FishSockTransfer.build/Objects-normal/arm64/FishSockTransfer.SwiftFileList (in target 'FishSockTransfer' from project 'FishSockTransfer')
    cd /Users/cenvu/DEV/FST_V2/FishSockTransfer
    write-file /tmp/fst-patch3-verify-isolated-20261002-1627-derived/Build/Intermediates.noindex/FishSockTransfer.build/Debug/FishSockTransfer.build/Objects-normal/arm64/FishSockTransfer.SwiftFileList

WriteAuxiliaryFile /tmp/fst-patch3-verify-isolated-20261002-1627-derived/Build/Intermediates.noindex/FishSockTransfer.build/Debug/FishSockTransfer.build/Objects-normal/arm64/FishSockTransfer.SwiftConstValuesFileList (in target 'FishSockTransfer' from project 'FishSockTransfer')
    cd /Users/cenvu/DEV/FST_V2/FishSockTransfer
    write-file /tmp/fst-patch3-verify-isolated-20261002-1627-derived/Build/Intermediates.noindex/FishSockTransfer.build/Debug/FishSockTransfer.build/Objects-normal/arm64/FishSockTransfer.SwiftConstValuesFileList

WriteAuxiliaryFile /tmp/fst-patch3-verify-isolated-20261002-1627-derived/Build/Intermediates.noindex/FishSockTransfer.build/Debug/FishSockTransfer.build/Objects-normal/arm64/FishSockTransfer.LinkFileList (in target 'FishSockTransfer' from project 'FishSockTransfer')
    cd /Users/cenvu/DEV/FST_V2/FishSockTransfer
    write-file /tmp/fst-patch3-verify-isolated-20261002-1627-derived/Build/Intermediates.noindex/FishSockTransfer.build/Debug/FishSockTransfer.build/Objects-normal/arm64/FishSockTransfer.LinkFileList

WriteAuxiliaryFile /tmp/fst-patch3-verify-isolated-20261002-1627-derived/Build/Intermediates.noindex/FishSockTransfer.build/Debug/FishSockTransfer.build/FishSockTransfer.hmap (in target 'FishSockTransfer' from project 'FishSockTransfer')
    cd /Users/cenvu/DEV/FST_V2/FishSockTransfer
    write-file /tmp/fst-patch3-verify-isolated-20261002-1627-derived/Build/Intermediates.noindex/FishSockTransfer.build/Debug/FishSockTransfer.build/FishSockTransfer.hmap

WriteAuxiliaryFile /tmp/fst-patch3-verify-isolated-20261002-1627-derived/Build/Intermediates.noindex/FishSockTransfer.build/Debug/FishSockTransfer.build/FishSockTransfer.DependencyStaticMetadataFileList (in target 'FishSockTransfer' from project 'FishSockTransfer')
    cd /Users/cenvu/DEV/FST_V2/FishSockTransfer
    write-file /tmp/fst-patch3-verify-isolated-20261002-1627-derived/Build/Intermediates.noindex/FishSockTransfer.build/Debug/FishSockTransfer.build/FishSockTransfer.DependencyStaticMetadataFileList

WriteAuxiliaryFile /tmp/fst-patch3-verify-isolated-20261002-1627-derived/Build/Intermediates.noindex/FishSockTransfer.build/Debug/FishSockTransfer.build/FishSockTransfer.DependencyMetadataFileList (in target 'FishSockTransfer' from project 'FishSockTransfer')
    cd /Users/cenvu/DEV/FST_V2/FishSockTransfer
    write-file /tmp/fst-patch3-verify-isolated-20261002-1627-derived/Build/Intermediates.noindex/FishSockTransfer.build/Debug/FishSockTransfer.build/FishSockTransfer.DependencyMetadataFileList

WriteAuxiliaryFile /tmp/fst-patch3-verify-isolated-20261002-1627-derived/Build/Intermediates.noindex/FishSockTransfer.build/Debug/FishSockTransfer.build/FishSockTransfer-project-headers.hmap (in target 'FishSockTransfer' from project 'FishSockTransfer')
    cd /Users/cenvu/DEV/FST_V2/FishSockTransfer
    write-file /tmp/fst-patch3-verify-isolated-20261002-1627-derived/Build/Intermediates.noindex/FishSockTransfer.build/Debug/FishSockTransfer.build/FishSockTransfer-project-headers.hmap

WriteAuxiliaryFile /tmp/fst-patch3-verify-isolated-20261002-1627-derived/Build/Intermediates.noindex/FishSockTransfer.build/Debug/FishSockTransfer.build/FishSockTransfer-own-target-headers.hmap (in target 'FishSockTransfer' from project 'FishSockTransfer')
    cd /Users/cenvu/DEV/FST_V2/FishSockTransfer
    write-file /tmp/fst-patch3-verify-isolated-20261002-1627-derived/Build/Intermediates.noindex/FishSockTransfer.build/Debug/FishSockTransfer.build/FishSockTransfer-own-target-headers.hmap

WriteAuxiliaryFile /tmp/fst-patch3-verify-isolated-20261002-1627-derived/Build/Intermediates.noindex/FishSockTransfer.build/Debug/FishSockTransfer.build/FishSockTransfer-generated-files.hmap (in target 'FishSockTransfer' from project 'FishSockTransfer')
    cd /Users/cenvu/DEV/FST_V2/FishSockTransfer
    write-file /tmp/fst-patch3-verify-isolated-20261002-1627-derived/Build/Intermediates.noindex/FishSockTransfer.build/Debug/FishSockTransfer.build/FishSockTransfer-generated-files.hmap

WriteAuxiliaryFile /tmp/fst-patch3-verify-isolated-20261002-1627-derived/Build/Intermediates.noindex/FishSockTransfer.build/Debug/FishSockTransfer.build/FishSockTransfer-all-target-headers.hmap (in target 'FishSockTransfer' from project 'FishSockTransfer')
    cd /Users/cenvu/DEV/FST_V2/FishSockTransfer
    write-file /tmp/fst-patch3-verify-isolated-20261002-1627-derived/Build/Intermediates.noindex/FishSockTransfer.build/Debug/FishSockTransfer.build/FishSockTransfer-all-target-headers.hmap

WriteAuxiliaryFile /tmp/fst-patch3-verify-isolated-20261002-1627-derived/Build/Intermediates.noindex/FishSockTransfer.build/Debug/FishSockTransfer.build/FishSockTransfer-all-non-framework-target-headers.hmap (in target 'FishSockTransfer' from project 'FishSockTransfer')
    cd /Users/cenvu/DEV/FST_V2/FishSockTransfer
    write-file /tmp/fst-patch3-verify-isolated-20261002-1627-derived/Build/Intermediates.noindex/FishSockTransfer.build/Debug/FishSockTransfer.build/FishSockTransfer-all-non-framework-target-headers.hmap

WriteAuxiliaryFile /tmp/fst-patch3-verify-isolated-20261002-1627-derived/Build/Intermediates.noindex/FishSockTransfer.build/Debug/FishSockTransfer.build/FishSockTransfer-DebugDylibPath-normal-arm64.txt (in target 'FishSockTransfer' from project 'FishSockTransfer')
    cd /Users/cenvu/DEV/FST_V2/FishSockTransfer
    write-file /tmp/fst-patch3-verify-isolated-20261002-1627-derived/Build/Intermediates.noindex/FishSockTransfer.build/Debug/FishSockTransfer.build/FishSockTransfer-DebugDylibPath-normal-arm64.txt

WriteAuxiliaryFile /tmp/fst-patch3-verify-isolated-20261002-1627-derived/Build/Intermediates.noindex/FishSockTransfer.build/Debug/FishSockTransfer.build/FishSockTransfer-DebugDylibInstallName-normal-arm64.txt (in target 'FishSockTransfer' from project 'FishSockTransfer')
    cd /Users/cenvu/DEV/FST_V2/FishSockTransfer
    write-file /tmp/fst-patch3-verify-isolated-20261002-1627-derived/Build/Intermediates.noindex/FishSockTransfer.build/Debug/FishSockTransfer.build/FishSockTransfer-DebugDylibInstallName-normal-arm64.txt

WriteAuxiliaryFile /tmp/fst-patch3-verify-isolated-20261002-1627-derived/Build/Intermediates.noindex/FishSockTransfer.build/Debug/FishSockTransfer.build/DerivedSources/Entitlements.plist (in target 'FishSockTransfer' from project 'FishSockTransfer')
    cd /Users/cenvu/DEV/FST_V2/FishSockTransfer
    write-file /tmp/fst-patch3-verify-isolated-20261002-1627-derived/Build/Intermediates.noindex/FishSockTransfer.build/Debug/FishSockTransfer.build/DerivedSources/Entitlements.plist

MkDir /tmp/fst-patch3-verify-isolated-20261002-1627-derived/Build/Products/Debug/FishSockTransferTests.xctest/Contents (in target 'FishSockTransferTests' from project 'FishSockTransfer')
    cd /Users/cenvu/DEV/FST_V2/FishSockTransfer
    /bin/mkdir -p /tmp/fst-patch3-verify-isolated-20261002-1627-derived/Build/Products/Debug/FishSockTransferTests.xctest/Contents

MkDir /tmp/fst-patch3-verify-isolated-20261002-1627-derived/Build/Products/Debug/FishSockTransferTests.xctest/Contents/MacOS (in target 'FishSockTransferTests' from project 'FishSockTransfer')
    cd /Users/cenvu/DEV/FST_V2/FishSockTransfer
    /bin/mkdir -p /tmp/fst-patch3-verify-isolated-20261002-1627-derived/Build/Products/Debug/FishSockTransferTests.xctest/Contents/MacOS

MkDir /tmp/fst-patch3-verify-isolated-20261002-1627-derived/Build/Products/Debug/FishSockTransferTests.xctest (in target 'FishSockTransferTests' from project 'FishSockTransfer')
    cd /Users/cenvu/DEV/FST_V2/FishSockTransfer
    /bin/mkdir -p /tmp/fst-patch3-verify-isolated-20261002-1627-derived/Build/Products/Debug/FishSockTransferTests.xctest

MkDir /tmp/fst-patch3-verify-isolated-20261002-1627-derived/Build/Products/Debug/FishSockTransfer.app/Contents/MacOS (in target 'FishSockTransfer' from project 'FishSockTransfer')
    cd /Users/cenvu/DEV/FST_V2/FishSockTransfer
    /bin/mkdir -p /tmp/fst-patch3-verify-isolated-20261002-1627-derived/Build/Products/Debug/FishSockTransfer.app/Contents/MacOS

MkDir /tmp/fst-patch3-verify-isolated-20261002-1627-derived/Build/Products/Debug/FishSockTransfer.app/Contents/Resources (in target 'FishSockTransfer' from project 'FishSockTransfer')
    cd /Users/cenvu/DEV/FST_V2/FishSockTransfer
    /bin/mkdir -p /tmp/fst-patch3-verify-isolated-20261002-1627-derived/Build/Products/Debug/FishSockTransfer.app/Contents/Resources

MkDir /tmp/fst-patch3-verify-isolated-20261002-1627-derived/Build/Products/Debug/FishSockTransfer.app/Contents (in target 'FishSockTransfer' from project 'FishSockTransfer')
    cd /Users/cenvu/DEV/FST_V2/FishSockTransfer
    /bin/mkdir -p /tmp/fst-patch3-verify-isolated-20261002-1627-derived/Build/Products/Debug/FishSockTransfer.app/Contents

MkDir /tmp/fst-patch3-verify-isolated-20261002-1627-derived/Build/Products/Debug/FishSockTransfer.app (in target 'FishSockTransfer' from project 'FishSockTransfer')
    cd /Users/cenvu/DEV/FST_V2/FishSockTransfer
    /bin/mkdir -p /tmp/fst-patch3-verify-isolated-20261002-1627-derived/Build/Products/Debug/FishSockTransfer.app

ProcessProductPackaging /Users/cenvu/DEV/FST_V2/FishSockTransfer/FishSockTransfer/FishSockTransfer.entitlements /tmp/fst-patch3-verify-isolated-20261002-1627-derived/Build/Intermediates.noindex/FishSockTransfer.build/Debug/FishSockTransfer.build/FishSockTransfer.app.xcent (in target 'FishSockTransfer' from project 'FishSockTransfer')
    cd /Users/cenvu/DEV/FST_V2/FishSockTransfer
    
    Entitlements:
    
    {
    "com.apple.security.app-sandbox" = 1;
    "com.apple.security.files.bookmarks.app-scope" = 1;
    "com.apple.security.files.user-selected.read-write" = 1;
    "com.apple.security.get-task-allow" = 1;
    "com.apple.security.network.client" = 1;
}
    
    builtin-productPackagingUtility /Users/cenvu/DEV/FST_V2/FishSockTransfer/FishSockTransfer/FishSockTransfer.entitlements -entitlements -format xml -o /tmp/fst-patch3-verify-isolated-20261002-1627-derived/Build/Intermediates.noindex/FishSockTransfer.build/Debug/FishSockTransfer.build/FishSockTransfer.app.xcent

ProcessInfoPlistFile /tmp/fst-patch3-verify-isolated-20261002-1627-derived/Build/Products/Debug/FishSockTransferTests.xctest/Contents/Info.plist /tmp/fst-patch3-verify-isolated-20261002-1627-derived/Build/Intermediates.noindex/FishSockTransfer.build/Debug/FishSockTransferTests.build/empty-FishSockTransferTests.plist (in target 'FishSockTransferTests' from project 'FishSockTransfer')
    cd /Users/cenvu/DEV/FST_V2/FishSockTransfer
    builtin-infoPlistUtility /tmp/fst-patch3-verify-isolated-20261002-1627-derived/Build/Intermediates.noindex/FishSockTransfer.build/Debug/FishSockTransferTests.build/empty-FishSockTransferTests.plist -producttype com.apple.product-type.bundle.unit-test -expandbuildsettings -platform macosx -o /tmp/fst-patch3-verify-isolated-20261002-1627-derived/Build/Products/Debug/FishSockTransferTests.xctest/Contents/Info.plist

ProcessProductPackagingDER /tmp/fst-patch3-verify-isolated-20261002-1627-derived/Build/Intermediates.noindex/FishSockTransfer.build/Debug/FishSockTransfer.build/FishSockTransfer.app.xcent /tmp/fst-patch3-verify-isolated-20261002-1627-derived/Build/Intermediates.noindex/FishSockTransfer.build/Debug/FishSockTransfer.build/FishSockTransfer.app.xcent.der (in target 'FishSockTransfer' from project 'FishSockTransfer')
    cd /Users/cenvu/DEV/FST_V2/FishSockTransfer
    /usr/bin/derq query -f xml -i /tmp/fst-patch3-verify-isolated-20261002-1627-derived/Build/Intermediates.noindex/FishSockTransfer.build/Debug/FishSockTransfer.build/FishSockTransfer.app.xcent -o /tmp/fst-patch3-verify-isolated-20261002-1627-derived/Build/Intermediates.noindex/FishSockTransfer.build/Debug/FishSockTransfer.build/FishSockTransfer.app.xcent.der --raw

Ld /tmp/fst-patch3-verify-isolated-20261002-1627-derived/Build/Products/Debug/FishSockTransfer.app/Contents/MacOS/__preview.dylib normal (in target 'FishSockTransfer' from project 'FishSockTransfer')
    cd /Users/cenvu/DEV/FST_V2/FishSockTransfer
    /Applications/Xcode.app/Contents/Developer/Toolchains/XcodeDefault.xctoolchain/usr/bin/clang -Xlinker -reproducible -target arm64-apple-macos13.5 -dynamiclib -isysroot /Applications/Xcode.app/Contents/Developer/Platforms/MacOSX.platform/Developer/SDKs/MacOSX26.2.sdk -O0 -L/tmp/fst-patch3-verify-isolated-20261002-1627-derived/Build/Products/Debug -L/Users/cenvu/DEV/FST_V2/FishSockTransfer/FishSockTransfer -F/tmp/fst-patch3-verify-isolated-20261002-1627-derived/Build/Products/Debug -install_name @rpath/FishSockTransfer.debug.dylib -rdynamic -Xlinker -no_deduplicate -Xlinker -debug_variant -Xlinker -dependency_info -Xlinker /tmp/fst-patch3-verify-isolated-20261002-1627-derived/Build/Intermediates.noindex/FishSockTransfer.build/Debug/FishSockTransfer.build/Objects-normal/arm64/FishSockTransfer_dependency_info.dat -Xlinker -no_adhoc_codesign -o /tmp/fst-patch3-verify-isolated-20261002-1627-derived/Build/Products/Debug/FishSockTransfer.app/Contents/MacOS/__preview.dylib

GenerateAssetSymbols /Users/cenvu/DEV/FST_V2/FishSockTransfer/FishSockTransfer/Assets.xcassets (in target 'FishSockTransfer' from project 'FishSockTransfer')
    cd /Users/cenvu/DEV/FST_V2/FishSockTransfer
    /Applications/Xcode.app/Contents/Developer/usr/bin/actool /Users/cenvu/DEV/FST_V2/FishSockTransfer/FishSockTransfer/Assets.xcassets --compile /tmp/fst-patch3-verify-isolated-20261002-1627-derived/Build/Products/Debug/FishSockTransfer.app/Contents/Resources --output-format human-readable-text --notices --warnings --export-dependency-info /tmp/fst-patch3-verify-isolated-20261002-1627-derived/Build/Intermediates.noindex/FishSockTransfer.build/Debug/FishSockTransfer.build/assetcatalog_dependencies --output-partial-info-plist /tmp/fst-patch3-verify-isolated-20261002-1627-derived/Build/Intermediates.noindex/FishSockTransfer.build/Debug/FishSockTransfer.build/assetcatalog_generated_info.plist --app-icon AppIcon --accent-color AccentColor --enable-on-demand-resources NO --development-region en --target-device mac --minimum-deployment-target 13.5 --platform macosx --bundle-identifier com.cen.FishSockTransfer --generate-swift-asset-symbols /tmp/fst-patch3-verify-isolated-20261002-1627-derived/Build/Intermediates.noindex/FishSockTransfer.build/Debug/FishSockTransfer.build/DerivedSources/GeneratedAssetSymbols.swift --generate-objc-asset-symbols /tmp/fst-patch3-verify-isolated-20261002-1627-derived/Build/Intermediates.noindex/FishSockTransfer.build/Debug/FishSockTransfer.build/DerivedSources/GeneratedAssetSymbols.h --generate-asset-symbol-index /tmp/fst-patch3-verify-isolated-20261002-1627-derived/Build/Intermediates.noindex/FishSockTransfer.build/Debug/FishSockTransfer.build/DerivedSources/GeneratedAssetSymbols-Index.plist
/* com.apple.actool.compilation-results */
/tmp/fst-patch3-verify-isolated-20261002-1627-derived/Build/Intermediates.noindex/FishSockTransfer.build/Debug/FishSockTransfer.build/DerivedSources/GeneratedAssetSymbols-Index.plist
/tmp/fst-patch3-verify-isolated-20261002-1627-derived/Build/Intermediates.noindex/FishSockTransfer.build/Debug/FishSockTransfer.build/DerivedSources/GeneratedAssetSymbols.h
/tmp/fst-patch3-verify-isolated-20261002-1627-derived/Build/Intermediates.noindex/FishSockTransfer.build/Debug/FishSockTransfer.build/DerivedSources/GeneratedAssetSymbols.swift


CpResource /tmp/fst-patch3-verify-isolated-20261002-1627-derived/Build/Products/Debug/FishSockTransfer.app/Contents/Resources/rsync /Users/cenvu/DEV/FST_V2/FishSockTransfer/FishSockTransfer/rsync (in target 'FishSockTransfer' from project 'FishSockTransfer')
    cd /Users/cenvu/DEV/FST_V2/FishSockTransfer
    builtin-copy -exclude .DS_Store -exclude CVS -exclude .svn -exclude .git -exclude .hg -resolve-src-symlinks /Users/cenvu/DEV/FST_V2/FishSockTransfer/FishSockTransfer/rsync /tmp/fst-patch3-verify-isolated-20261002-1627-derived/Build/Products/Debug/FishSockTransfer.app/Contents/Resources

CpResource /tmp/fst-patch3-verify-isolated-20261002-1627-derived/Build/Products/Debug/FishSockTransfer.app/Contents/Resources/PrivacyInfo.xcprivacy /Users/cenvu/DEV/FST_V2/FishSockTransfer/FishSockTransfer/PrivacyInfo.xcprivacy (in target 'FishSockTransfer' from project 'FishSockTransfer')
    cd /Users/cenvu/DEV/FST_V2/FishSockTransfer
    builtin-copy -exclude .DS_Store -exclude CVS -exclude .svn -exclude .git -exclude .hg -resolve-src-symlinks /Users/cenvu/DEV/FST_V2/FishSockTransfer/FishSockTransfer/PrivacyInfo.xcprivacy /tmp/fst-patch3-verify-isolated-20261002-1627-derived/Build/Products/Debug/FishSockTransfer.app/Contents/Resources

MkDir /tmp/fst-patch3-verify-isolated-20261002-1627-derived/Build/Intermediates.noindex/FishSockTransfer.build/Debug/FishSockTransfer.build/assetcatalog_output/thinned (in target 'FishSockTransfer' from project 'FishSockTransfer')
    cd /Users/cenvu/DEV/FST_V2/FishSockTransfer
    /bin/mkdir -p /tmp/fst-patch3-verify-isolated-20261002-1627-derived/Build/Intermediates.noindex/FishSockTransfer.build/Debug/FishSockTransfer.build/assetcatalog_output/thinned

MkDir /tmp/fst-patch3-verify-isolated-20261002-1627-derived/Build/Intermediates.noindex/FishSockTransfer.build/Debug/FishSockTransfer.build/assetcatalog_output/unthinned (in target 'FishSockTransfer' from project 'FishSockTransfer')
    cd /Users/cenvu/DEV/FST_V2/FishSockTransfer
    /bin/mkdir -p /tmp/fst-patch3-verify-isolated-20261002-1627-derived/Build/Intermediates.noindex/FishSockTransfer.build/Debug/FishSockTransfer.build/assetcatalog_output/unthinned

CompileAssetCatalogVariant thinned /tmp/fst-patch3-verify-isolated-20261002-1627-derived/Build/Products/Debug/FishSockTransfer.app/Contents/Resources /Users/cenvu/DEV/FST_V2/FishSockTransfer/FishSockTransfer/Assets.xcassets (in target 'FishSockTransfer' from project 'FishSockTransfer')
    cd /Users/cenvu/DEV/FST_V2/FishSockTransfer
    /Applications/Xcode.app/Contents/Developer/usr/bin/actool /Users/cenvu/DEV/FST_V2/FishSockTransfer/FishSockTransfer/Assets.xcassets --compile /tmp/fst-patch3-verify-isolated-20261002-1627-derived/Build/Intermediates.noindex/FishSockTransfer.build/Debug/FishSockTransfer.build/assetcatalog_output/thinned --output-format human-readable-text --notices --warnings --export-dependency-info /tmp/fst-patch3-verify-isolated-20261002-1627-derived/Build/Intermediates.noindex/FishSockTransfer.build/Debug/FishSockTransfer.build/assetcatalog_dependencies_thinned --output-partial-info-plist /tmp/fst-patch3-verify-isolated-20261002-1627-derived/Build/Intermediates.noindex/FishSockTransfer.build/Debug/FishSockTransfer.build/assetcatalog_generated_info.plist_thinned --app-icon AppIcon --accent-color AccentColor --enable-on-demand-resources NO --development-region en --target-device mac --minimum-deployment-target 13.5 --platform macosx
dyld[62722]: symbol '_kFigCaptionRegionDisplayAlign_Before' missing from root that overrides /System/Library/Frameworks/CoreMedia.framework/Versions/A/CoreMedia. Use of that symbol in /System/Library/PrivateFrameworks/AVFCore.framework/Versions/A/AVFCore is being set to 0xBAD4007.
dyld[62722]: symbol '_kFigCaptionRegionDisplayAlign_After' missing from root that overrides /System/Library/Frameworks/CoreMedia.framework/Versions/A/CoreMedia. Use of that symbol in /System/Library/PrivateFrameworks/AVFCore.framework/Versions/A/AVFCore is being set to 0xBAD4007.
dyld[62722]: symbol '_kFigCaptionRegionDisplayAlign_Center' missing from root that overrides /System/Library/Frameworks/CoreMedia.framework/Versions/A/CoreMedia. Use of that symbol in /System/Library/PrivateFrameworks/AVFCore.framework/Versions/A/AVFCore is being set to 0xBAD4007.
dyld[62722]: symbol '_kFigCaptionTextAlign_Start' missing from root that overrides /System/Library/Frameworks/CoreMedia.framework/Versions/A/CoreMedia. Use of that symbol in /System/Library/PrivateFrameworks/AVFCore.framework/Versions/A/AVFCore is being set to 0xBAD4007.
dyld[62722]: symbol '_kFigCaptionTextAlign_End' missing from root that overrides /System/Library/Frameworks/CoreMedia.framework/Versions/A/CoreMedia. Use of that symbol in /System/Library/PrivateFrameworks/AVFCore.framework/Versions/A/AVFCore is being set to 0xBAD4007.
dyld[62722]: symbol '_kFigCaptionTextAlign_Center' missing from root that overrides /System/Library/Frameworks/CoreMedia.framework/Versions/A/CoreMedia. Use of that symbol in /System/Library/PrivateFrameworks/AVFCore.framework/Versions/A/AVFCore is being set to 0xBAD4007.
dyld[62722]: symbol '_kFigCaptionTextAlign_Left' missing from root that overrides /System/Library/Frameworks/CoreMedia.framework/Versions/A/CoreMedia. Use of that symbol in /System/Library/PrivateFrameworks/AVFCore.framework/Versions/A/AVFCore is being set to 0xBAD4007.
dyld[62722]: symbol '_kFigCaptionTextAlign_Right' missing from root that overrides /System/Library/Frameworks/CoreMedia.framework/Versions/A/CoreMedia. Use of that symbol in /System/Library/PrivateFrameworks/AVFCore.framework/Versions/A/AVFCore is being set to 0xBAD4007.
dyld[62722]: symbol '_kFigEndpointNotification_AuthenticationSucceeded' missing from root that overrides /System/Library/Frameworks/CoreMedia.framework/Versions/A/CoreMedia. Use of that symbol in /System/Library/PrivateFrameworks/AVFCore.framework/Versions/A/AVFCore is being set to 0xBAD4007.
dyld[62722]: symbol '_kFigEndpointNotification_iOSUIRequested' missing from root that overrides /System/Library/Frameworks/CoreMedia.framework/Versions/A/CoreMedia. Use of that symbol in /System/Library/PrivateFrameworks/AVFCore.framework/Versions/A/AVFCore is being set to 0xBAD4007.
dyld[62722]: symbol '_kFigEndpointNotification_SiriRequested' missing from root that overrides /System/Library/Frameworks/CoreMedia.framework/Versions/A/CoreMedia. Use of that symbol in /System/Library/PrivateFrameworks/AVFCore.framework/Versions/A/AVFCore is being set to 0xBAD4007.
dyld[62722]: symbol '_kFigEndPointNotification_EnhancedSiriParametersChanged' missing from root that overrides /System/Library/Frameworks/CoreMedia.framework/Versions/A/CoreMedia. Use of that symbol in /System/Library/PrivateFrameworks/AVFCore.framework/Versions/A/AVFCore is being set to 0xBAD4007.
dyld[62722]: symbol '_kFigEndpointNotification_NightModeChanged' missing from root that overrides /System/Library/Frameworks/CoreMedia.framework/Versions/A/CoreMedia. Use of that symbol in /System/Library/PrivateFrameworks/AVFCore.framework/Versions/A/AVFCore is being set to 0xBAD4007.
dyld[62722]: symbol '_kFigEndpointNotification_LimitedUIChanged' missing from root that overrides /System/Library/Frameworks/CoreMedia.framework/Versions/A/CoreMedia. Use of that symbol in /System/Library/PrivateFrameworks/AVFCore.framework/Versions/A/AVFCore is being set to 0xBAD4007.
dyld[62722]: symbol '_kFigEndpointNotification_PerformanceReportPosted' missing from root that overrides /System/Library/Frameworks/CoreMedia.framework/Versions/A/CoreMedia. Use of that symbol in /System/Library/PrivateFrameworks/AVFCore.framework/Versions/A/AVFCore is being set to 0xBAD4007.
dyld[62722]: symbol '_kFigEndpointNotification_UnhandledRemoteEvent' missing from root that overrides /System/Library/Frameworks/CoreMedia.framework/Versions/A/CoreMedia. Use of that symbol in /System/Library/PrivateFrameworks/AVFCore.framework/Versions/A/AVFCore is being set to 0xBAD4007.
dyld[62722]: symbol '_kFigEndpointNotification_CarPlayTest' missing from root that overrides /System/Library/Frameworks/CoreMedia.framework/Versions/A/CoreMedia. Use of that symbol in /System/Library/PrivateFrameworks/AVFCore.framework/Versions/A/AVFCore is being set to 0xBAD4007.
dyld[62722]: symbol '_kFigVideoQueueNotification_NowBelowLowWaterLevel' missing from root that overrides /System/Library/Frameworks/MediaToolbox.framework/Versions/A/MediaToolbox. Use of that symbol in /System/Library/PrivateFrameworks/AVFCore.framework/Versions/A/AVFCore is being set to 0xBAD4007.
dyld[62722]: symbol '_kFigVideoQueueNotification_DecodeError' missing from root that overrides /System/Library/Frameworks/MediaToolbox.framework/Versions/A/MediaToolbox. Use of that symbol in /System/Library/PrivateFrameworks/AVFCore.framework/Versions/A/AVFCore is being set to 0xBAD4007.
dyld[62722]: symbol '_kFigVideoQueueNotification_Failed' missing from root that overrides /System/Library/Frameworks/MediaToolbox.framework/Versions/A/MediaToolbox. Use of that symbol in /System/Library/PrivateFrameworks/AVFCore.framework/Versions/A/AVFCore is being set to 0xBAD4007.
dyld[62722]: symbol '_kFigVideoQueueNotification_ExternalProtectionStatusChanged' missing from root that overrides /System/Library/Frameworks/MediaToolbox.framework/Versions/A/MediaToolbox. Use of that symbol in /System/Library/PrivateFrameworks/AVFCore.framework/Versions/A/AVFCore is being set to 0xBAD4007.
dyld[62722]: symbol '_kFigVideoQueueNotification_FlushComplete' missing from root that overrides /System/Library/Frameworks/MediaToolbox.framework/Versions/A/MediaToolbox. Use of that symbol in /System/Library/PrivateFrameworks/AVFCore.framework/Versions/A/AVFCore is being set to 0xBAD4007.
dyld[62722]: symbol '_kFigVideoQueueNotification_CompletedDecodeForPreroll' missing from root that overrides /System/Library/Frameworks/MediaToolbox.framework/Versions/A/MediaToolbox. Use of that symbol in /System/Library/PrivateFrameworks/AVFCore.framework/Versions/A/AVFCore is being set to 0xBAD4007.
dyld[62722]: symbol '_kFigVideoQueueNotification_FirstVideoFrameEnqueued' missing from root that overrides /System/Library/Frameworks/MediaToolbox.framework/Versions/A/MediaToolbox. Use of that symbol in /System/Library/PrivateFrameworks/AVFCore.framework/Versions/A/AVFCore is being set to 0xBAD4007.
dyld[62722]: symbol '_kFigVideoQueueNotification_LostDecoderState' missing from root that overrides /System/Library/Frameworks/MediaToolbox.framework/Versions/A/MediaToolbox. Use of that symbol in /System/Library/PrivateFrameworks/AVFCore.framework/Versions/A/AVFCore is being set to 0xBAD4007.
dyld[62722]: symbol '_OBJC_CLASS_$_FigBaseCALayer' missing from root that overrides /System/Library/Frameworks/MediaToolbox.framework/Versions/A/MediaToolbox. Use of that symbol in /System/Library/PrivateFrameworks/AVFCore.framework/Versions/A/AVFCore is being set to 0xBAD4007.
dyld[62722]: symbol '_OBJC_METACLASS_$_FigBaseCALayer' missing from root that overrides /System/Library/Frameworks/MediaToolbox.framework/Versions/A/MediaToolbox. Use of that symbol in /System/Library/PrivateFrameworks/AVFCore.framework/Versions/A/AVFCore is being set to 0xBAD4007.
/* com.apple.actool.compilation-results */
/tmp/fst-patch3-verify-isolated-20261002-1627-derived/Build/Intermediates.noindex/FishSockTransfer.build/Debug/FishSockTransfer.build/assetcatalog_generated_info.plist_thinned
/tmp/fst-patch3-verify-isolated-20261002-1627-derived/Build/Intermediates.noindex/FishSockTransfer.build/Debug/FishSockTransfer.build/assetcatalog_output/thinned/AppIcon.icns
/tmp/fst-patch3-verify-isolated-20261002-1627-derived/Build/Intermediates.noindex/FishSockTransfer.build/Debug/FishSockTransfer.build/assetcatalog_output/thinned/Assets.car


LinkAssetCatalog /Users/cenvu/DEV/FST_V2/FishSockTransfer/FishSockTransfer/Assets.xcassets (in target 'FishSockTransfer' from project 'FishSockTransfer')
    cd /Users/cenvu/DEV/FST_V2/FishSockTransfer
    builtin-linkAssetCatalog --thinned /tmp/fst-patch3-verify-isolated-20261002-1627-derived/Build/Intermediates.noindex/FishSockTransfer.build/Debug/FishSockTransfer.build/assetcatalog_output/thinned --thinned-dependencies /tmp/fst-patch3-verify-isolated-20261002-1627-derived/Build/Intermediates.noindex/FishSockTransfer.build/Debug/FishSockTransfer.build/assetcatalog_dependencies_thinned --thinned-info-plist-content /tmp/fst-patch3-verify-isolated-20261002-1627-derived/Build/Intermediates.noindex/FishSockTransfer.build/Debug/FishSockTransfer.build/assetcatalog_generated_info.plist_thinned --unthinned /tmp/fst-patch3-verify-isolated-20261002-1627-derived/Build/Intermediates.noindex/FishSockTransfer.build/Debug/FishSockTransfer.build/assetcatalog_output/unthinned --unthinned-dependencies /tmp/fst-patch3-verify-isolated-20261002-1627-derived/Build/Intermediates.noindex/FishSockTransfer.build/Debug/FishSockTransfer.build/assetcatalog_dependencies_unthinned --unthinned-info-plist-content /tmp/fst-patch3-verify-isolated-20261002-1627-derived/Build/Intermediates.noindex/FishSockTransfer.build/Debug/FishSockTransfer.build/assetcatalog_generated_info.plist_unthinned --output /tmp/fst-patch3-verify-isolated-20261002-1627-derived/Build/Products/Debug/FishSockTransfer.app/Contents/Resources --plist-output /tmp/fst-patch3-verify-isolated-20261002-1627-derived/Build/Intermediates.noindex/FishSockTransfer.build/Debug/FishSockTransfer.build/assetcatalog_generated_info.plist
note: Emplaced /tmp/fst-patch3-verify-isolated-20261002-1627-derived/Build/Products/Debug/FishSockTransfer.app/Contents/Resources/Assets.car (in target 'FishSockTransfer' from project 'FishSockTransfer')
note: Emplaced /tmp/fst-patch3-verify-isolated-20261002-1627-derived/Build/Products/Debug/FishSockTransfer.app/Contents/Resources/AppIcon.icns (in target 'FishSockTransfer' from project 'FishSockTransfer')

ProcessInfoPlistFile /tmp/fst-patch3-verify-isolated-20261002-1627-derived/Build/Products/Debug/FishSockTransfer.app/Contents/Info.plist /tmp/fst-patch3-verify-isolated-20261002-1627-derived/Build/Intermediates.noindex/FishSockTransfer.build/Debug/FishSockTransfer.build/empty-FishSockTransfer.plist (in target 'FishSockTransfer' from project 'FishSockTransfer')
    cd /Users/cenvu/DEV/FST_V2/FishSockTransfer
    builtin-infoPlistUtility /tmp/fst-patch3-verify-isolated-20261002-1627-derived/Build/Intermediates.noindex/FishSockTransfer.build/Debug/FishSockTransfer.build/empty-FishSockTransfer.plist -producttype com.apple.product-type.application -genpkginfo /tmp/fst-patch3-verify-isolated-20261002-1627-derived/Build/Products/Debug/FishSockTransfer.app/Contents/PkgInfo -expandbuildsettings -platform macosx -additionalcontentfile /tmp/fst-patch3-verify-isolated-20261002-1627-derived/Build/Intermediates.noindex/FishSockTransfer.build/Debug/FishSockTransfer.build/assetcatalog_generated_info.plist -o /tmp/fst-patch3-verify-isolated-20261002-1627-derived/Build/Products/Debug/FishSockTransfer.app/Contents/Info.plist

SwiftDriver FishSockTransferTests normal arm64 com.apple.xcode.tools.swift.compiler (in target 'FishSockTransferTests' from project 'FishSockTransfer')
    cd /Users/cenvu/DEV/FST_V2/FishSockTransfer
    builtin-SwiftDriver -- /Applications/Xcode.app/Contents/Developer/Toolchains/XcodeDefault.xctoolchain/usr/bin/swiftc -module-name FishSockTransferTests -Onone -enforce-exclusivity\=checked @/tmp/fst-patch3-verify-isolated-20261002-1627-derived/Build/Intermediates.noindex/FishSockTransfer.build/Debug/FishSockTransferTests.build/Objects-normal/arm64/FishSockTransferTests.SwiftFileList -DDEBUG -plugin-path /Applications/Xcode.app/Contents/Developer/Toolchains/XcodeDefault.xctoolchain/usr/lib/swift/host/plugins/testing -enable-bare-slash-regex -enable-experimental-feature DebugDescriptionMacro -sdk /Applications/Xcode.app/Contents/Developer/Platforms/MacOSX.platform/Developer/SDKs/MacOSX26.2.sdk -target arm64-apple-macos13.5 -g -module-cache-path /tmp/fst-patch3-verify-isolated-20261002-1627-derived/ModuleCache.noindex -Xfrontend -serialize-debugging-options -profile-coverage-mapping -profile-generate -enable-testing -index-store-path /tmp/fst-patch3-verify-isolated-20261002-1627-derived/Index.noindex/DataStore -Xcc -D_LIBCPP_HARDENING_MODE\=_LIBCPP_HARDENING_MODE_DEBUG -swift-version 5 -I /tmp/fst-patch3-verify-isolated-20261002-1627-derived/Build/Products/Debug -Isystem /Applications/Xcode.app/Contents/Developer/Platforms/MacOSX.platform/Developer/usr/lib -F /tmp/fst-patch3-verify-isolated-20261002-1627-derived/Build/Products/Debug -F /Applications/Xcode.app/Contents/Developer/Platforms/MacOSX.platform/Developer/Library/Frameworks -c -j10 -enable-batch-mode -incremental -Xcc -ivfsstatcache -Xcc /tmp/fst-patch3-verify-isolated-20261002-1627-derived/SDKStatCaches.noindex/macosx26.2-25C58-00fa09913b459cbbc988d1f6730289ae.sdkstatcache -output-file-map /tmp/fst-patch3-verify-isolated-20261002-1627-derived/Build/Intermediates.noindex/FishSockTransfer.build/Debug/FishSockTransferTests.build/Objects-normal/arm64/FishSockTransferTests-OutputFileMap.json -use-frontend-parseable-output -save-temps -no-color-diagnostics -explicit-module-build -module-cache-path /tmp/fst-patch3-verify-isolated-20261002-1627-derived/Build/Intermediates.noindex/SwiftExplicitPrecompiledModules -clang-scanner-module-cache-path /tmp/fst-patch3-verify-isolated-20261002-1627-derived/ModuleCache.noindex -sdk-module-cache-path /tmp/fst-patch3-verify-isolated-20261002-1627-derived/ModuleCache.noindex -serialize-diagnostics -emit-dependencies -emit-module -emit-module-path /tmp/fst-patch3-verify-isolated-20261002-1627-derived/Build/Intermediates.noindex/FishSockTransfer.build/Debug/FishSockTransferTests.build/Objects-normal/arm64/FishSockTransferTests.swiftmodule -validate-clang-modules-once -clang-build-session-file /tmp/fst-patch3-verify-isolated-20261002-1627-derived/ModuleCache.noindex/Session.modulevalidation -Xcc -I/tmp/fst-patch3-verify-isolated-20261002-1627-derived/Build/Intermediates.noindex/FishSockTransfer.build/Debug/FishSockTransferTests.build/swift-overrides.hmap -emit-const-values -Xfrontend -const-gather-protocols-file -Xfrontend /tmp/fst-patch3-verify-isolated-20261002-1627-derived/Build/Intermediates.noindex/FishSockTransfer.build/Debug/FishSockTransferTests.build/Objects-normal/arm64/FishSockTransferTests_const_extract_protocols.json -Xcc -iquote -Xcc /tmp/fst-patch3-verify-isolated-20261002-1627-derived/Build/Intermediates.noindex/FishSockTransfer.build/Debug/FishSockTransferTests.build/FishSockTransferTests-generated-files.hmap -Xcc -I/tmp/fst-patch3-verify-isolated-20261002-1627-derived/Build/Intermediates.noindex/FishSockTransfer.build/Debug/FishSockTransferTests.build/FishSockTransferTests-own-target-headers.hmap -Xcc -I/tmp/fst-patch3-verify-isolated-20261002-1627-derived/Build/Intermediates.noindex/FishSockTransfer.build/Debug/FishSockTransferTests.build/FishSockTransferTests-all-target-headers.hmap -Xcc -iquote -Xcc /tmp/fst-patch3-verify-isolated-20261002-1627-derived/Build/Intermediates.noindex/FishSockTransfer.build/Debug/FishSockTransferTests.build/FishSockTransferTests-project-headers.hmap -Xcc -I/tmp/fst-patch3-verify-isolated-20261002-1627-derived/Build/Products/Debug/include -Xcc -I/tmp/fst-patch3-verify-isolated-20261002-1627-derived/Build/Intermediates.noindex/FishSockTransfer.build/Debug/FishSockTransferTests.build/DerivedSources-normal/arm64 -Xcc -I/tmp/fst-patch3-verify-isolated-20261002-1627-derived/Build/Intermediates.noindex/FishSockTransfer.build/Debug/FishSockTransferTests.build/DerivedSources/arm64 -Xcc -I/tmp/fst-patch3-verify-isolated-20261002-1627-derived/Build/Intermediates.noindex/FishSockTransfer.build/Debug/FishSockTransferTests.build/DerivedSources -Xcc -DDEBUG\=1 -emit-objc-header -emit-objc-header-path /tmp/fst-patch3-verify-isolated-20261002-1627-derived/Build/Intermediates.noindex/FishSockTransfer.build/Debug/FishSockTransferTests.build/Objects-normal/arm64/FishSockTransferTests-Swift.h -working-directory /Users/cenvu/DEV/FST_V2/FishSockTransfer -experimental-emit-module-separately -disable-cmo

SwiftDriver FishSockTransfer normal arm64 com.apple.xcode.tools.swift.compiler (in target 'FishSockTransfer' from project 'FishSockTransfer')
    cd /Users/cenvu/DEV/FST_V2/FishSockTransfer
    builtin-SwiftDriver -- /Applications/Xcode.app/Contents/Developer/Toolchains/XcodeDefault.xctoolchain/usr/bin/swiftc -module-name FishSockTransfer -Onone -enforce-exclusivity\=checked @/tmp/fst-patch3-verify-isolated-20261002-1627-derived/Build/Intermediates.noindex/FishSockTransfer.build/Debug/FishSockTransfer.build/Objects-normal/arm64/FishSockTransfer.SwiftFileList -DDEBUG -default-isolation\=MainActor -enable-bare-slash-regex -enable-upcoming-feature DisableOutwardActorInference -enable-upcoming-feature InferSendableFromCaptures -enable-upcoming-feature GlobalActorIsolatedTypesUsability -enable-upcoming-feature MemberImportVisibility -enable-upcoming-feature InferIsolatedConformances -enable-upcoming-feature NonisolatedNonsendingByDefault -enable-experimental-feature DebugDescriptionMacro -sdk /Applications/Xcode.app/Contents/Developer/Platforms/MacOSX.platform/Developer/SDKs/MacOSX26.2.sdk -target arm64-apple-macos13.5 -g -module-cache-path /tmp/fst-patch3-verify-isolated-20261002-1627-derived/ModuleCache.noindex -Xfrontend -serialize-debugging-options -profile-coverage-mapping -profile-generate -enable-testing -index-store-path /tmp/fst-patch3-verify-isolated-20261002-1627-derived/Index.noindex/DataStore -Xcc -D_LIBCPP_HARDENING_MODE\=_LIBCPP_HARDENING_MODE_DEBUG -swift-version 5 -I /tmp/fst-patch3-verify-isolated-20261002-1627-derived/Build/Products/Debug -F /tmp/fst-patch3-verify-isolated-20261002-1627-derived/Build/Products/Debug -emit-localized-strings -emit-localized-strings-path /tmp/fst-patch3-verify-isolated-20261002-1627-derived/Build/Intermediates.noindex/FishSockTransfer.build/Debug/FishSockTransfer.build/Objects-normal/arm64 -c -j10 -enable-batch-mode -incremental -Xcc -ivfsstatcache -Xcc /tmp/fst-patch3-verify-isolated-20261002-1627-derived/SDKStatCaches.noindex/macosx26.2-25C58-00fa09913b459cbbc988d1f6730289ae.sdkstatcache -output-file-map /tmp/fst-patch3-verify-isolated-20261002-1627-derived/Build/Intermediates.noindex/FishSockTransfer.build/Debug/FishSockTransfer.build/Objects-normal/arm64/FishSockTransfer-OutputFileMap.json -use-frontend-parseable-output -save-temps -no-color-diagnostics -explicit-module-build -module-cache-path /tmp/fst-patch3-verify-isolated-20261002-1627-derived/Build/Intermediates.noindex/SwiftExplicitPrecompiledModules -clang-scanner-module-cache-path /tmp/fst-patch3-verify-isolated-20261002-1627-derived/ModuleCache.noindex -sdk-module-cache-path /tmp/fst-patch3-verify-isolated-20261002-1627-derived/ModuleCache.noindex -serialize-diagnostics -emit-dependencies -emit-module -emit-module-path /tmp/fst-patch3-verify-isolated-20261002-1627-derived/Build/Intermediates.noindex/FishSockTransfer.build/Debug/FishSockTransfer.build/Objects-normal/arm64/FishSockTransfer.swiftmodule -validate-clang-modules-once -clang-build-session-file /tmp/fst-patch3-verify-isolated-20261002-1627-derived/ModuleCache.noindex/Session.modulevalidation -Xcc -I/tmp/fst-patch3-verify-isolated-20261002-1627-derived/Build/Intermediates.noindex/FishSockTransfer.build/Debug/FishSockTransfer.build/swift-overrides.hmap -emit-const-values -Xfrontend -const-gather-protocols-file -Xfrontend /tmp/fst-patch3-verify-isolated-20261002-1627-derived/Build/Intermediates.noindex/FishSockTransfer.build/Debug/FishSockTransfer.build/Objects-normal/arm64/FishSockTransfer_const_extract_protocols.json -Xcc -iquote -Xcc /tmp/fst-patch3-verify-isolated-20261002-1627-derived/Build/Intermediates.noindex/FishSockTransfer.build/Debug/FishSockTransfer.build/FishSockTransfer-generated-files.hmap -Xcc -I/tmp/fst-patch3-verify-isolated-20261002-1627-derived/Build/Intermediates.noindex/FishSockTransfer.build/Debug/FishSockTransfer.build/FishSockTransfer-own-target-headers.hmap -Xcc -I/tmp/fst-patch3-verify-isolated-20261002-1627-derived/Build/Intermediates.noindex/FishSockTransfer.build/Debug/FishSockTransfer.build/FishSockTransfer-all-target-headers.hmap -Xcc -iquote -Xcc /tmp/fst-patch3-verify-isolated-20261002-1627-derived/Build/Intermediates.noindex/FishSockTransfer.build/Debug/FishSockTransfer.build/FishSockTransfer-project-headers.hmap -Xcc -I/tmp/fst-patch3-verify-isolated-20261002-1627-derived/Build/Products/Debug/include -Xcc -I/tmp/fst-patch3-verify-isolated-20261002-1627-derived/Build/Intermediates.noindex/FishSockTransfer.build/Debug/FishSockTransfer.build/DerivedSources-normal/arm64 -Xcc -I/tmp/fst-patch3-verify-isolated-20261002-1627-derived/Build/Intermediates.noindex/FishSockTransfer.build/Debug/FishSockTransfer.build/DerivedSources/arm64 -Xcc -I/tmp/fst-patch3-verify-isolated-20261002-1627-derived/Build/Intermediates.noindex/FishSockTransfer.build/Debug/FishSockTransfer.build/DerivedSources -Xcc -DDEBUG\=1 -emit-objc-header -emit-objc-header-path /tmp/fst-patch3-verify-isolated-20261002-1627-derived/Build/Intermediates.noindex/FishSockTransfer.build/Debug/FishSockTransfer.build/Objects-normal/arm64/FishSockTransfer-Swift.h -working-directory /Users/cenvu/DEV/FST_V2/FishSockTransfer -experimental-emit-module-separately -disable-cmo

SwiftExplicitDependencyGeneratePcm arm64 /tmp/fst-patch3-verify-isolated-20261002-1627-derived/ModuleCache.noindex/ptrcheck-71VUF6WGWQFAGG2N1YYS2A70T.pcm

SwiftExplicitDependencyGeneratePcm arm64 /tmp/fst-patch3-verify-isolated-20261002-1627-derived/ModuleCache.noindex/_AvailabilityInternal-ACUTQUZNW3C3ZC08WUU8PP3QV.pcm

SwiftExplicitDependencyGeneratePcm arm64 /tmp/fst-patch3-verify-isolated-20261002-1627-derived/ModuleCache.noindex/_Builtin_stdarg-39GMS41U4MOH8FLDCHYG054LD.pcm

SwiftExplicitDependencyGeneratePcm arm64 /tmp/fst-patch3-verify-isolated-20261002-1627-derived/ModuleCache.noindex/_Builtin_stdbool-B97ZSRA2NJ4LXLOPZR5CVXQCK.pcm

SwiftExplicitDependencyGeneratePcm arm64 /tmp/fst-patch3-verify-isolated-20261002-1627-derived/ModuleCache.noindex/DeveloperToolsSupport-6KUTB5NZ17NI5T3WU63T725CT.pcm

SwiftExplicitDependencyGeneratePcm arm64 /tmp/fst-patch3-verify-isolated-20261002-1627-derived/ModuleCache.noindex/SwiftShims-B1LKYQRLO5ZNBU2KS4V2VAEKS.pcm

SwiftExplicitDependencyGeneratePcm arm64 /tmp/fst-patch3-verify-isolated-20261002-1627-derived/ModuleCache.noindex/_SwiftConcurrencyShims-CW70WZ6DC91P9QHHTIK2M1NC6.pcm

SwiftExplicitDependencyGeneratePcm arm64 /tmp/fst-patch3-verify-isolated-20261002-1627-derived/ModuleCache.noindex/ptrauth-BWWDQ48454LI2ZQC5E4R7SX7Q.pcm

SwiftExplicitDependencyGeneratePcm arm64 /tmp/fst-patch3-verify-isolated-20261002-1627-derived/ModuleCache.noindex/_Builtin_float-4QDQG1YHVKXFTYNZUIMDV5FCZ.pcm

SwiftExplicitDependencyGeneratePcm arm64 /tmp/fst-patch3-verify-isolated-20261002-1627-derived/ModuleCache.noindex/_Builtin_stddef-88SR8FV19A3MCGS23T94D0320.pcm

SwiftExplicitDependencyGeneratePcm arm64 /tmp/fst-patch3-verify-isolated-20261002-1627-derived/ModuleCache.noindex/_DarwinFoundation1-3V45PO80M1FLGSVSOIA34Z6E6.pcm

SwiftExplicitDependencyGeneratePcm arm64 /tmp/fst-patch3-verify-isolated-20261002-1627-derived/ModuleCache.noindex/_DarwinFoundation2-AY7MWU8Z4YX1QK9DTZS5L7484.pcm

SwiftExplicitDependencyGeneratePcm arm64 /tmp/fst-patch3-verify-isolated-20261002-1627-derived/ModuleCache.noindex/_Builtin_limits-76NBBQUXROPMK87ALQAL4AEG3.pcm

SwiftExplicitDependencyGeneratePcm arm64 /tmp/fst-patch3-verify-isolated-20261002-1627-derived/ModuleCache.noindex/_Builtin_tgmath-6PYE14M9E0KNE8BQMTGTCIAWN.pcm

SwiftExplicitDependencyGeneratePcm arm64 /tmp/fst-patch3-verify-isolated-20261002-1627-derived/ModuleCache.noindex/_Builtin_stdint-3SWQ2KZILUQKZC3Y6MJ2GWNSI.pcm

SwiftExplicitDependencyGeneratePcm arm64 /tmp/fst-patch3-verify-isolated-20261002-1627-derived/ModuleCache.noindex/sys_types-BHX62G4V978FCJVOIWJ6Z4PD5.pcm

SwiftExplicitDependencyGeneratePcm arm64 /tmp/fst-patch3-verify-isolated-20261002-1627-derived/ModuleCache.noindex/libDER-3KWCLZRN3Z1G4EYBK2HU9JU7J.pcm

SwiftExplicitDependencyGeneratePcm arm64 /tmp/fst-patch3-verify-isolated-20261002-1627-derived/ModuleCache.noindex/OpenGL-9C47U12Z727K7HXA6BOC4IDPL.pcm

SwiftExplicitDependencyGeneratePcm arm64 /tmp/fst-patch3-verify-isolated-20261002-1627-derived/ModuleCache.noindex/_Builtin_intrinsics-L1SVJRRWDSCW2ESMUSB2LDII.pcm

SwiftExplicitDependencyGeneratePcm arm64 /tmp/fst-patch3-verify-isolated-20261002-1627-derived/ModuleCache.noindex/_Builtin_stdatomic-6D8CU2W7CTQTJOSF9N5RG8RXX.pcm

SwiftExplicitDependencyGeneratePcm arm64 /tmp/fst-patch3-verify-isolated-20261002-1627-derived/ModuleCache.noindex/_DarwinFoundation3-CJ1M25NOZ0ORRME7RZSIYDK3G.pcm

SwiftExplicitDependencyGeneratePcm arm64 /tmp/fst-patch3-verify-isolated-20261002-1627-derived/ModuleCache.noindex/_Builtin_inttypes-2NLXO9P86SCHZP7T84HMD1MYO.pcm

SwiftExplicitDependencyGeneratePcm arm64 /tmp/fst-patch3-verify-isolated-20261002-1627-derived/ModuleCache.noindex/Darwin-38GW64I9B7SN7150TVK46IVI0.pcm

SwiftExplicitDependencyGeneratePcm arm64 /tmp/fst-patch3-verify-isolated-20261002-1627-derived/ModuleCache.noindex/simd-6YB2R81L5PMY4USTON2KTGTQT.pcm

SwiftExplicitDependencyGeneratePcm arm64 /tmp/fst-patch3-verify-isolated-20261002-1627-derived/ModuleCache.noindex/libkern-ATMA67J3UY9OUN6XVUA5M2R1X.pcm

SwiftExplicitDependencyGeneratePcm arm64 /tmp/fst-patch3-verify-isolated-20261002-1627-derived/ModuleCache.noindex/MachO-JIW63RRDPR35WR8UAL0WYO3B.pcm

SwiftExplicitDependencyGeneratePcm arm64 /tmp/fst-patch3-verify-isolated-20261002-1627-derived/ModuleCache.noindex/CUPS-DC44FZJO6FB9U18ROH6JIWMM9.pcm

SwiftExplicitDependencyGeneratePcm arm64 /tmp/fst-patch3-verify-isolated-20261002-1627-derived/ModuleCache.noindex/launch-YZPJTJN4AAJ15I3QWCWAIY14.pcm

SwiftExplicitDependencyGeneratePcm arm64 /tmp/fst-patch3-verify-isolated-20261002-1627-derived/ModuleCache.noindex/Spatial-1WJNBCOEMQDKGRK4PFY76X36C.pcm

SwiftExplicitDependencyGeneratePcm arm64 /tmp/fst-patch3-verify-isolated-20261002-1627-derived/ModuleCache.noindex/ObjectiveC-AR1CZB0VCXU4HWQ9RC3XYH62W.pcm

SwiftExplicitDependencyGeneratePcm arm64 /tmp/fst-patch3-verify-isolated-20261002-1627-derived/ModuleCache.noindex/os_object-E4F20XYB0RSMO51KZBU3BFLV0.pcm

SwiftExplicitDependencyGeneratePcm arm64 /tmp/fst-patch3-verify-isolated-20261002-1627-derived/ModuleCache.noindex/os_workgroup-5AKM8P0KP174A5OZ6E0BMJILX.pcm

SwiftExplicitDependencyGeneratePcm arm64 /tmp/fst-patch3-verify-isolated-20261002-1627-derived/ModuleCache.noindex/Dispatch-9N2OYGGS7TCAEQFKHRHAFN8CO.pcm

SwiftExplicitDependencyGeneratePcm arm64 /tmp/fst-patch3-verify-isolated-20261002-1627-derived/ModuleCache.noindex/XPC-7HD4XTBSA0RK86SR7R9F0DIXJ.pcm

SwiftExplicitDependencyGeneratePcm arm64 /tmp/fst-patch3-verify-isolated-20261002-1627-derived/ModuleCache.noindex/CoreFoundation-5IXRCTCASZFU04M1FV2NE8ZAM.pcm

SwiftExplicitDependencyGeneratePcm arm64 /tmp/fst-patch3-verify-isolated-20261002-1627-derived/ModuleCache.noindex/os-DC5CRFGJVH2LZUO3MGAT6F5MJ.pcm

SwiftExplicitDependencyGeneratePcm arm64 /tmp/fst-patch3-verify-isolated-20261002-1627-derived/ModuleCache.noindex/Security-7Q5IBSG6T8JMSCBRIUANQX2Q4.pcm

SwiftExplicitDependencyGeneratePcm arm64 /tmp/fst-patch3-verify-isolated-20261002-1627-derived/ModuleCache.noindex/ColorSync-BPPLTIZFA818C9Z4WRKI4EL89.pcm

SwiftExplicitDependencyGeneratePcm arm64 /tmp/fst-patch3-verify-isolated-20261002-1627-derived/ModuleCache.noindex/CFNetwork-4MEX0BD37TS3RFHTFDO7S9KIW.pcm

SwiftExplicitDependencyGeneratePcm arm64 /tmp/fst-patch3-verify-isolated-20261002-1627-derived/ModuleCache.noindex/IOKit-69PZL9AQJAT7Z4BSNH1XTUXKO.pcm

SwiftExplicitDependencyGeneratePcm arm64 /tmp/fst-patch3-verify-isolated-20261002-1627-derived/ModuleCache.noindex/CoreGraphics-4ZE6K95QXRQL93274WK4BU2GU.pcm

SwiftExplicitDependencyGeneratePcm arm64 /tmp/fst-patch3-verify-isolated-20261002-1627-derived/ModuleCache.noindex/DiskArbitration-1LPY3ATNJSMT4BFJP4IDY05RG.pcm

SwiftExplicitDependencyGeneratePcm arm64 /tmp/fst-patch3-verify-isolated-20261002-1627-derived/ModuleCache.noindex/CoreServices-2NPQ6NFZF1RK6O2WB544H3Y55.pcm

SwiftExplicitDependencyGeneratePcm arm64 /tmp/fst-patch3-verify-isolated-20261002-1627-derived/ModuleCache.noindex/ImageIO-2BQU207G4KEZX03Y8O11VR2Z6.pcm

SwiftExplicitDependencyGeneratePcm arm64 /tmp/fst-patch3-verify-isolated-20261002-1627-derived/ModuleCache.noindex/CoreText-18MVFHJYG5JZFU7SC5PQZUQAM.pcm

SwiftExplicitDependencyGeneratePcm arm64 /tmp/fst-patch3-verify-isolated-20261002-1627-derived/ModuleCache.noindex/Foundation-7QE3L77TUVJRYW7LWFZWX2KM1.pcm

SwiftExplicitDependencyGeneratePcm arm64 /tmp/fst-patch3-verify-isolated-20261002-1627-derived/ModuleCache.noindex/ApplicationServices-EVDS93MO1HJBXBWHE1XGA8E2C.pcm

SwiftExplicitDependencyGeneratePcm arm64 /tmp/fst-patch3-verify-isolated-20261002-1627-derived/ModuleCache.noindex/IOSurface-E3G8PZ9AE6UFY0ATTL9UGLKRH.pcm

SwiftExplicitDependencyGeneratePcm arm64 /tmp/fst-patch3-verify-isolated-20261002-1627-derived/ModuleCache.noindex/LocalAuthentication-ALA8VNHZ669J2IDOHPLJRFC1V.pcm

SwiftExplicitDependencyGeneratePcm arm64 /tmp/fst-patch3-verify-isolated-20261002-1627-derived/ModuleCache.noindex/Symbols-3HK8G90FRYH71TVLJWVLWDW5F.pcm

SwiftExplicitDependencyGeneratePcm arm64 /tmp/fst-patch3-verify-isolated-20261002-1627-derived/ModuleCache.noindex/CoreTransferable-3SLZSAILMVSW6B4D8OC7BLAF7.pcm

SwiftExplicitDependencyGeneratePcm arm64 /tmp/fst-patch3-verify-isolated-20261002-1627-derived/ModuleCache.noindex/Accessibility-70PFIFIOLTOUKJMP0XOBUTHC4.pcm

SwiftExplicitDependencyGeneratePcm arm64 /tmp/fst-patch3-verify-isolated-20261002-1627-derived/ModuleCache.noindex/OSLog-ALJD1D1B96TQOP76LMLY4MZIZ.pcm

SwiftExplicitDependencyGeneratePcm arm64 /tmp/fst-patch3-verify-isolated-20261002-1627-derived/ModuleCache.noindex/UniformTypeIdentifiers-A01C89XYEYVWUNOWQLBLXVF2W.pcm

SwiftExplicitDependencyGeneratePcm arm64 /tmp/fst-patch3-verify-isolated-20261002-1627-derived/ModuleCache.noindex/DataDetection-CGAXHSTISWYHNEACT7Y2SWG7L.pcm

SwiftExplicitDependencyGeneratePcm arm64 /tmp/fst-patch3-verify-isolated-20261002-1627-derived/ModuleCache.noindex/CoreData-BL2UQMEJCMSX4XKAG5T3EETCR.pcm

SwiftExplicitDependencyGeneratePcm arm64 /tmp/fst-patch3-verify-isolated-20261002-1627-derived/ModuleCache.noindex/Metal-EVT75ORHQODF4D1S0S9A8XM00.pcm

SwiftExplicitDependencyGeneratePcm arm64 /tmp/fst-patch3-verify-isolated-20261002-1627-derived/ModuleCache.noindex/CoreVideo-8P83VTQPUISFMI1HOX5A3NDHA.pcm

SwiftExplicitDependencyGeneratePcm arm64 /tmp/fst-patch3-verify-isolated-20261002-1627-derived/ModuleCache.noindex/CoreImage-1DN6X7NNTTVSPPP00MKL8U6YD.pcm

SwiftExplicitDependencyGeneratePcm arm64 /tmp/fst-patch3-verify-isolated-20261002-1627-derived/ModuleCache.noindex/QuartzCore-8NU7QKVI5Q1DDEZKLA4R46ZLC.pcm

SwiftExplicitDependencyGeneratePcm arm64 /tmp/fst-patch3-verify-isolated-20261002-1627-derived/ModuleCache.noindex/SwiftUICore-CC1Z9Y6EBBYYPFKTLRONXEXRE.pcm

SwiftExplicitDependencyGeneratePcm arm64 /tmp/fst-patch3-verify-isolated-20261002-1627-derived/ModuleCache.noindex/AppKit-AW9CNEN5RFNRP7VGMIZQ2YEGT.pcm

SwiftExplicitDependencyGeneratePcm arm64 /tmp/fst-patch3-verify-isolated-20261002-1627-derived/ModuleCache.noindex/SwiftUI-2HES5LX0V2RVUX7B7V9IQIG46.pcm

SwiftExplicitDependencyGeneratePcm arm64 /tmp/fst-patch3-verify-isolated-20261002-1627-derived/Build/Intermediates.noindex/SwiftExplicitPrecompiledModules/XCUIAutomation-1U7K4MUMC6EEHEXMDYZRCSZQ3.pcm

SwiftEmitModule normal arm64 Emitting\ module\ for\ FishSockTransfer (in target 'FishSockTransfer' from project 'FishSockTransfer')

EmitSwiftModule normal arm64 (in target 'FishSockTransfer' from project 'FishSockTransfer')
    cd /Users/cenvu/DEV/FST_V2/FishSockTransfer
    

SwiftCompile normal arm64 Compiling\ TerminalLogsView.swift,\ TransferControlsView.swift,\ FishSockTransferApp.swift,\ GeneratedAssetSymbols.swift /Users/cenvu/DEV/FST_V2/FishSockTransfer/FishSockTransfer/Views/TerminalLogsView.swift /Users/cenvu/DEV/FST_V2/FishSockTransfer/FishSockTransfer/Views/TransferControlsView.swift /Users/cenvu/DEV/FST_V2/FishSockTransfer/FishSockTransfer/FishSockTransferApp.swift /tmp/fst-patch3-verify-isolated-20261002-1627-derived/Build/Intermediates.noindex/FishSockTransfer.build/Debug/FishSockTransfer.build/DerivedSources/GeneratedAssetSymbols.swift (in target 'FishSockTransfer' from project 'FishSockTransfer')
SwiftCompile normal arm64 /Users/cenvu/DEV/FST_V2/FishSockTransfer/FishSockTransfer/Views/TerminalLogsView.swift (in target 'FishSockTransfer' from project 'FishSockTransfer')
    cd /Users/cenvu/DEV/FST_V2/FishSockTransfer
    

SwiftCompile normal arm64 /Users/cenvu/DEV/FST_V2/FishSockTransfer/FishSockTransfer/Views/TransferControlsView.swift (in target 'FishSockTransfer' from project 'FishSockTransfer')
    cd /Users/cenvu/DEV/FST_V2/FishSockTransfer
    

SwiftCompile normal arm64 /Users/cenvu/DEV/FST_V2/FishSockTransfer/FishSockTransfer/FishSockTransferApp.swift (in target 'FishSockTransfer' from project 'FishSockTransfer')
    cd /Users/cenvu/DEV/FST_V2/FishSockTransfer
    

SwiftCompile normal arm64 /tmp/fst-patch3-verify-isolated-20261002-1627-derived/Build/Intermediates.noindex/FishSockTransfer.build/Debug/FishSockTransfer.build/DerivedSources/GeneratedAssetSymbols.swift (in target 'FishSockTransfer' from project 'FishSockTransfer')
    cd /Users/cenvu/DEV/FST_V2/FishSockTransfer
    

SwiftCompile normal arm64 Compiling\ Color+State.swift,\ ContentView.swift,\ DestinationCardView.swift,\ FolderPicker.swift /Users/cenvu/DEV/FST_V2/FishSockTransfer/FishSockTransfer/Views/Color+State.swift /Users/cenvu/DEV/FST_V2/FishSockTransfer/FishSockTransfer/Views/ContentView.swift /Users/cenvu/DEV/FST_V2/FishSockTransfer/FishSockTransfer/Views/DestinationCardView.swift /Users/cenvu/DEV/FST_V2/FishSockTransfer/FishSockTransfer/Views/FolderPicker.swift (in target 'FishSockTransfer' from project 'FishSockTransfer')

SwiftCompile normal arm64 /Users/cenvu/DEV/FST_V2/FishSockTransfer/FishSockTransfer/Views/Color+State.swift (in target 'FishSockTransfer' from project 'FishSockTransfer')
    cd /Users/cenvu/DEV/FST_V2/FishSockTransfer
    

SwiftCompile normal arm64 /Users/cenvu/DEV/FST_V2/FishSockTransfer/FishSockTransfer/Views/ContentView.swift (in target 'FishSockTransfer' from project 'FishSockTransfer')
    cd /Users/cenvu/DEV/FST_V2/FishSockTransfer
    

SwiftCompile normal arm64 /Users/cenvu/DEV/FST_V2/FishSockTransfer/FishSockTransfer/Views/DestinationCardView.swift (in target 'FishSockTransfer' from project 'FishSockTransfer')
    cd /Users/cenvu/DEV/FST_V2/FishSockTransfer
    

SwiftCompile normal arm64 /Users/cenvu/DEV/FST_V2/FishSockTransfer/FishSockTransfer/Views/FolderPicker.swift (in target 'FishSockTransfer' from project 'FishSockTransfer')
    cd /Users/cenvu/DEV/FST_V2/FishSockTransfer
    

SwiftCompile normal arm64 Compiling\ NotificationTabView.swift,\ PanelStyle.swift,\ SourceCardView.swift,\ StorageAnalysisView.swift /Users/cenvu/DEV/FST_V2/FishSockTransfer/FishSockTransfer/Views/NotificationTabView.swift /Users/cenvu/DEV/FST_V2/FishSockTransfer/FishSockTransfer/Views/PanelStyle.swift /Users/cenvu/DEV/FST_V2/FishSockTransfer/FishSockTransfer/Views/SourceCardView.swift /Users/cenvu/DEV/FST_V2/FishSockTransfer/FishSockTransfer/Views/StorageAnalysisView.swift (in target 'FishSockTransfer' from project 'FishSockTransfer')

SwiftCompile normal arm64 /Users/cenvu/DEV/FST_V2/FishSockTransfer/FishSockTransfer/Views/NotificationTabView.swift (in target 'FishSockTransfer' from project 'FishSockTransfer')
    cd /Users/cenvu/DEV/FST_V2/FishSockTransfer
    

SwiftCompile normal arm64 /Users/cenvu/DEV/FST_V2/FishSockTransfer/FishSockTransfer/Views/PanelStyle.swift (in target 'FishSockTransfer' from project 'FishSockTransfer')
    cd /Users/cenvu/DEV/FST_V2/FishSockTransfer
    

SwiftCompile normal arm64 /Users/cenvu/DEV/FST_V2/FishSockTransfer/FishSockTransfer/Views/SourceCardView.swift (in target 'FishSockTransfer' from project 'FishSockTransfer')
    cd /Users/cenvu/DEV/FST_V2/FishSockTransfer
    

SwiftCompile normal arm64 /Users/cenvu/DEV/FST_V2/FishSockTransfer/FishSockTransfer/Views/StorageAnalysisView.swift (in target 'FishSockTransfer' from project 'FishSockTransfer')
    cd /Users/cenvu/DEV/FST_V2/FishSockTransfer
    

SwiftCompile normal arm64 Compiling\ LoggerService.swift,\ TelegramNotificationService.swift,\ TechnicalLogsUpdateViewModel.swift,\ TransferViewModel.swift /Users/cenvu/DEV/FST_V2/FishSockTransfer/FishSockTransfer/Services/LoggerService.swift /Users/cenvu/DEV/FST_V2/FishSockTransfer/FishSockTransfer/Services/TelegramNotificationService.swift /Users/cenvu/DEV/FST_V2/FishSockTransfer/FishSockTransfer/ViewModels/TechnicalLogsUpdateViewModel.swift /Users/cenvu/DEV/FST_V2/FishSockTransfer/FishSockTransfer/ViewModels/TransferViewModel.swift (in target 'FishSockTransfer' from project 'FishSockTransfer')

SwiftCompile normal arm64 /Users/cenvu/DEV/FST_V2/FishSockTransfer/FishSockTransfer/Services/LoggerService.swift (in target 'FishSockTransfer' from project 'FishSockTransfer')
    cd /Users/cenvu/DEV/FST_V2/FishSockTransfer
    

SwiftCompile normal arm64 /Users/cenvu/DEV/FST_V2/FishSockTransfer/FishSockTransfer/Services/TelegramNotificationService.swift (in target 'FishSockTransfer' from project 'FishSockTransfer')
    cd /Users/cenvu/DEV/FST_V2/FishSockTransfer
    

SwiftCompile normal arm64 /Users/cenvu/DEV/FST_V2/FishSockTransfer/FishSockTransfer/ViewModels/TechnicalLogsUpdateViewModel.swift (in target 'FishSockTransfer' from project 'FishSockTransfer')
    cd /Users/cenvu/DEV/FST_V2/FishSockTransfer
    

SwiftCompile normal arm64 /Users/cenvu/DEV/FST_V2/FishSockTransfer/FishSockTransfer/ViewModels/TransferViewModel.swift (in target 'FishSockTransfer' from project 'FishSockTransfer')
    cd /Users/cenvu/DEV/FST_V2/FishSockTransfer
    

SwiftCompile normal arm64 Compiling\ LogEntry.swift,\ LogVisibilityFilter.swift,\ NotificationSettings.swift,\ RsyncBandwidthLimit.swift,\ SemanticVersion.swift /Users/cenvu/DEV/FST_V2/FishSockTransfer/FishSockTransfer/Models/LogEntry.swift /Users/cenvu/DEV/FST_V2/FishSockTransfer/FishSockTransfer/Models/LogVisibilityFilter.swift /Users/cenvu/DEV/FST_V2/FishSockTransfer/FishSockTransfer/Models/NotificationSettings.swift /Users/cenvu/DEV/FST_V2/FishSockTransfer/FishSockTransfer/Models/RsyncBandwidthLimit.swift /Users/cenvu/DEV/FST_V2/FishSockTransfer/FishSockTransfer/Models/SemanticVersion.swift (in target 'FishSockTransfer' from project 'FishSockTransfer')

SwiftCompile normal arm64 /Users/cenvu/DEV/FST_V2/FishSockTransfer/FishSockTransfer/Models/LogEntry.swift (in target 'FishSockTransfer' from project 'FishSockTransfer')
    cd /Users/cenvu/DEV/FST_V2/FishSockTransfer
    

SwiftCompile normal arm64 /Users/cenvu/DEV/FST_V2/FishSockTransfer/FishSockTransfer/Models/LogVisibilityFilter.swift (in target 'FishSockTransfer' from project 'FishSockTransfer')
    cd /Users/cenvu/DEV/FST_V2/FishSockTransfer
    

SwiftCompile normal arm64 /Users/cenvu/DEV/FST_V2/FishSockTransfer/FishSockTransfer/Models/NotificationSettings.swift (in target 'FishSockTransfer' from project 'FishSockTransfer')
    cd /Users/cenvu/DEV/FST_V2/FishSockTransfer
    

SwiftCompile normal arm64 /Users/cenvu/DEV/FST_V2/FishSockTransfer/FishSockTransfer/Models/RsyncBandwidthLimit.swift (in target 'FishSockTransfer' from project 'FishSockTransfer')
    cd /Users/cenvu/DEV/FST_V2/FishSockTransfer
    

SwiftCompile normal arm64 /Users/cenvu/DEV/FST_V2/FishSockTransfer/FishSockTransfer/Models/SemanticVersion.swift (in target 'FishSockTransfer' from project 'FishSockTransfer')
    cd /Users/cenvu/DEV/FST_V2/FishSockTransfer
    

SwiftCompile normal arm64 Compiling\ NotificationCoordinator.swift,\ TransferCoordinator.swift,\ ProgressParser.swift,\ ReportEngine.swift,\ RsyncEngine.swift /Users/cenvu/DEV/FST_V2/FishSockTransfer/FishSockTransfer/Coordinators/NotificationCoordinator.swift /Users/cenvu/DEV/FST_V2/FishSockTransfer/FishSockTransfer/Coordinators/TransferCoordinator.swift /Users/cenvu/DEV/FST_V2/FishSockTransfer/FishSockTransfer/Engines/ProgressParser.swift /Users/cenvu/DEV/FST_V2/FishSockTransfer/FishSockTransfer/Engines/ReportEngine.swift /Users/cenvu/DEV/FST_V2/FishSockTransfer/FishSockTransfer/Engines/RsyncEngine.swift (in target 'FishSockTransfer' from project 'FishSockTransfer')

SwiftCompile normal arm64 /Users/cenvu/DEV/FST_V2/FishSockTransfer/FishSockTransfer/Coordinators/NotificationCoordinator.swift (in target 'FishSockTransfer' from project 'FishSockTransfer')
    cd /Users/cenvu/DEV/FST_V2/FishSockTransfer
    

SwiftCompile normal arm64 /Users/cenvu/DEV/FST_V2/FishSockTransfer/FishSockTransfer/Coordinators/TransferCoordinator.swift (in target 'FishSockTransfer' from project 'FishSockTransfer')
    cd /Users/cenvu/DEV/FST_V2/FishSockTransfer
    

SwiftCompile normal arm64 /Users/cenvu/DEV/FST_V2/FishSockTransfer/FishSockTransfer/Engines/ProgressParser.swift (in target 'FishSockTransfer' from project 'FishSockTransfer')
    cd /Users/cenvu/DEV/FST_V2/FishSockTransfer
    

SwiftCompile normal arm64 /Users/cenvu/DEV/FST_V2/FishSockTransfer/FishSockTransfer/Engines/ReportEngine.swift (in target 'FishSockTransfer' from project 'FishSockTransfer')
    cd /Users/cenvu/DEV/FST_V2/FishSockTransfer
    

SwiftCompile normal arm64 /Users/cenvu/DEV/FST_V2/FishSockTransfer/FishSockTransfer/Engines/RsyncEngine.swift (in target 'FishSockTransfer' from project 'FishSockTransfer')
    cd /Users/cenvu/DEV/FST_V2/FishSockTransfer
    

SwiftCompile normal arm64 Compiling\ TransferEvent.swift,\ VerificationEvent.swift,\ VerifyEngine.swift,\ AppUpdateState.swift,\ GitHubRelease.swift /Users/cenvu/DEV/FST_V2/FishSockTransfer/FishSockTransfer/Engines/TransferEvent.swift /Users/cenvu/DEV/FST_V2/FishSockTransfer/FishSockTransfer/Engines/VerificationEvent.swift /Users/cenvu/DEV/FST_V2/FishSockTransfer/FishSockTransfer/Engines/VerifyEngine.swift /Users/cenvu/DEV/FST_V2/FishSockTransfer/FishSockTransfer/Models/AppUpdateState.swift /Users/cenvu/DEV/FST_V2/FishSockTransfer/FishSockTransfer/Models/GitHubRelease.swift (in target 'FishSockTransfer' from project 'FishSockTransfer')

SwiftCompile normal arm64 /Users/cenvu/DEV/FST_V2/FishSockTransfer/FishSockTransfer/Engines/TransferEvent.swift (in target 'FishSockTransfer' from project 'FishSockTransfer')
    cd /Users/cenvu/DEV/FST_V2/FishSockTransfer
    

SwiftCompile normal arm64 /Users/cenvu/DEV/FST_V2/FishSockTransfer/FishSockTransfer/Engines/VerificationEvent.swift (in target 'FishSockTransfer' from project 'FishSockTransfer')
    cd /Users/cenvu/DEV/FST_V2/FishSockTransfer
    

SwiftCompile normal arm64 /Users/cenvu/DEV/FST_V2/FishSockTransfer/FishSockTransfer/Engines/VerifyEngine.swift (in target 'FishSockTransfer' from project 'FishSockTransfer')
    cd /Users/cenvu/DEV/FST_V2/FishSockTransfer
    

SwiftCompile normal arm64 /Users/cenvu/DEV/FST_V2/FishSockTransfer/FishSockTransfer/Models/AppUpdateState.swift (in target 'FishSockTransfer' from project 'FishSockTransfer')
    cd /Users/cenvu/DEV/FST_V2/FishSockTransfer
    

SwiftCompile normal arm64 /Users/cenvu/DEV/FST_V2/FishSockTransfer/FishSockTransfer/Models/GitHubRelease.swift (in target 'FishSockTransfer' from project 'FishSockTransfer')
    cd /Users/cenvu/DEV/FST_V2/FishSockTransfer
    

SwiftCompile normal arm64 Compiling\ TransferState.swift,\ VerificationMode.swift,\ VerificationRequest.swift,\ VerificationResult.swift /Users/cenvu/DEV/FST_V2/FishSockTransfer/FishSockTransfer/Models/TransferState.swift /Users/cenvu/DEV/FST_V2/FishSockTransfer/FishSockTransfer/Models/VerificationMode.swift /Users/cenvu/DEV/FST_V2/FishSockTransfer/FishSockTransfer/Models/VerificationRequest.swift /Users/cenvu/DEV/FST_V2/FishSockTransfer/FishSockTransfer/Models/VerificationResult.swift (in target 'FishSockTransfer' from project 'FishSockTransfer')

SwiftCompile normal arm64 /Users/cenvu/DEV/FST_V2/FishSockTransfer/FishSockTransfer/Models/TransferState.swift (in target 'FishSockTransfer' from project 'FishSockTransfer')
    cd /Users/cenvu/DEV/FST_V2/FishSockTransfer
    

SwiftCompile normal arm64 /Users/cenvu/DEV/FST_V2/FishSockTransfer/FishSockTransfer/Models/VerificationMode.swift (in target 'FishSockTransfer' from project 'FishSockTransfer')
    cd /Users/cenvu/DEV/FST_V2/FishSockTransfer
    

SwiftCompile normal arm64 /Users/cenvu/DEV/FST_V2/FishSockTransfer/FishSockTransfer/Models/VerificationRequest.swift (in target 'FishSockTransfer' from project 'FishSockTransfer')
    cd /Users/cenvu/DEV/FST_V2/FishSockTransfer
    

SwiftCompile normal arm64 /Users/cenvu/DEV/FST_V2/FishSockTransfer/FishSockTransfer/Models/VerificationResult.swift (in target 'FishSockTransfer' from project 'FishSockTransfer')
    cd /Users/cenvu/DEV/FST_V2/FishSockTransfer
    

SwiftCompile normal arm64 Compiling\ AppUpdateService.swift,\ BookmarkService.swift,\ BundledRsyncService.swift,\ DriveService.swift /Users/cenvu/DEV/FST_V2/FishSockTransfer/FishSockTransfer/Services/AppUpdateService.swift /Users/cenvu/DEV/FST_V2/FishSockTransfer/FishSockTransfer/Services/BookmarkService.swift /Users/cenvu/DEV/FST_V2/FishSockTransfer/FishSockTransfer/Services/BundledRsyncService.swift /Users/cenvu/DEV/FST_V2/FishSockTransfer/FishSockTransfer/Services/DriveService.swift (in target 'FishSockTransfer' from project 'FishSockTransfer')

SwiftCompile normal arm64 /Users/cenvu/DEV/FST_V2/FishSockTransfer/FishSockTransfer/Services/AppUpdateService.swift (in target 'FishSockTransfer' from project 'FishSockTransfer')
    cd /Users/cenvu/DEV/FST_V2/FishSockTransfer
    

SwiftCompile normal arm64 /Users/cenvu/DEV/FST_V2/FishSockTransfer/FishSockTransfer/Services/BookmarkService.swift (in target 'FishSockTransfer' from project 'FishSockTransfer')
    cd /Users/cenvu/DEV/FST_V2/FishSockTransfer
    

SwiftCompile normal arm64 /Users/cenvu/DEV/FST_V2/FishSockTransfer/FishSockTransfer/Services/BundledRsyncService.swift (in target 'FishSockTransfer' from project 'FishSockTransfer')
    cd /Users/cenvu/DEV/FST_V2/FishSockTransfer
    

SwiftCompile normal arm64 /Users/cenvu/DEV/FST_V2/FishSockTransfer/FishSockTransfer/Services/DriveService.swift (in target 'FishSockTransfer' from project 'FishSockTransfer')
    cd /Users/cenvu/DEV/FST_V2/FishSockTransfer
    

SwiftExplicitDependencyCompileModuleFromInterface arm64 /tmp/fst-patch3-verify-isolated-20261002-1627-derived/Build/Intermediates.noindex/SwiftExplicitPrecompiledModules/XCUIAutomation-1EOJAKLZWY5N.swiftmodule

SwiftDriverJobDiscovery normal arm64 Emitting module for FishSockTransfer (in target 'FishSockTransfer' from project 'FishSockTransfer')

SwiftDriver\ Compilation\ Requirements FishSockTransfer normal arm64 com.apple.xcode.tools.swift.compiler (in target 'FishSockTransfer' from project 'FishSockTransfer')
    cd /Users/cenvu/DEV/FST_V2/FishSockTransfer
    builtin-Swift-Compilation-Requirements -- /Applications/Xcode.app/Contents/Developer/Toolchains/XcodeDefault.xctoolchain/usr/bin/swiftc -module-name FishSockTransfer -Onone -enforce-exclusivity\=checked @/tmp/fst-patch3-verify-isolated-20261002-1627-derived/Build/Intermediates.noindex/FishSockTransfer.build/Debug/FishSockTransfer.build/Objects-normal/arm64/FishSockTransfer.SwiftFileList -DDEBUG -default-isolation\=MainActor -enable-bare-slash-regex -enable-upcoming-feature DisableOutwardActorInference -enable-upcoming-feature InferSendableFromCaptures -enable-upcoming-feature GlobalActorIsolatedTypesUsability -enable-upcoming-feature MemberImportVisibility -enable-upcoming-feature InferIsolatedConformances -enable-upcoming-feature NonisolatedNonsendingByDefault -enable-experimental-feature DebugDescriptionMacro -sdk /Applications/Xcode.app/Contents/Developer/Platforms/MacOSX.platform/Developer/SDKs/MacOSX26.2.sdk -target arm64-apple-macos13.5 -g -module-cache-path /tmp/fst-patch3-verify-isolated-20261002-1627-derived/ModuleCache.noindex -Xfrontend -serialize-debugging-options -profile-coverage-mapping -profile-generate -enable-testing -index-store-path /tmp/fst-patch3-verify-isolated-20261002-1627-derived/Index.noindex/DataStore -Xcc -D_LIBCPP_HARDENING_MODE\=_LIBCPP_HARDENING_MODE_DEBUG -swift-version 5 -I /tmp/fst-patch3-verify-isolated-20261002-1627-derived/Build/Products/Debug -F /tmp/fst-patch3-verify-isolated-20261002-1627-derived/Build/Products/Debug -emit-localized-strings -emit-localized-strings-path /tmp/fst-patch3-verify-isolated-20261002-1627-derived/Build/Intermediates.noindex/FishSockTransfer.build/Debug/FishSockTransfer.build/Objects-normal/arm64 -c -j10 -enable-batch-mode -incremental -Xcc -ivfsstatcache -Xcc /tmp/fst-patch3-verify-isolated-20261002-1627-derived/SDKStatCaches.noindex/macosx26.2-25C58-00fa09913b459cbbc988d1f6730289ae.sdkstatcache -output-file-map /tmp/fst-patch3-verify-isolated-20261002-1627-derived/Build/Intermediates.noindex/FishSockTransfer.build/Debug/FishSockTransfer.build/Objects-normal/arm64/FishSockTransfer-OutputFileMap.json -use-frontend-parseable-output -save-temps -no-color-diagnostics -explicit-module-build -module-cache-path /tmp/fst-patch3-verify-isolated-20261002-1627-derived/Build/Intermediates.noindex/SwiftExplicitPrecompiledModules -clang-scanner-module-cache-path /tmp/fst-patch3-verify-isolated-20261002-1627-derived/ModuleCache.noindex -sdk-module-cache-path /tmp/fst-patch3-verify-isolated-20261002-1627-derived/ModuleCache.noindex -serialize-diagnostics -emit-dependencies -emit-module -emit-module-path /tmp/fst-patch3-verify-isolated-20261002-1627-derived/Build/Intermediates.noindex/FishSockTransfer.build/Debug/FishSockTransfer.build/Objects-normal/arm64/FishSockTransfer.swiftmodule -validate-clang-modules-once -clang-build-session-file /tmp/fst-patch3-verify-isolated-20261002-1627-derived/ModuleCache.noindex/Session.modulevalidation -Xcc -I/tmp/fst-patch3-verify-isolated-20261002-1627-derived/Build/Intermediates.noindex/FishSockTransfer.build/Debug/FishSockTransfer.build/swift-overrides.hmap -emit-const-values -Xfrontend -const-gather-protocols-file -Xfrontend /tmp/fst-patch3-verify-isolated-20261002-1627-derived/Build/Intermediates.noindex/FishSockTransfer.build/Debug/FishSockTransfer.build/Objects-normal/arm64/FishSockTransfer_const_extract_protocols.json -Xcc -iquote -Xcc /tmp/fst-patch3-verify-isolated-20261002-1627-derived/Build/Intermediates.noindex/FishSockTransfer.build/Debug/FishSockTransfer.build/FishSockTransfer-generated-files.hmap -Xcc -I/tmp/fst-patch3-verify-isolated-20261002-1627-derived/Build/Intermediates.noindex/FishSockTransfer.build/Debug/FishSockTransfer.build/FishSockTransfer-own-target-headers.hmap -Xcc -I/tmp/fst-patch3-verify-isolated-20261002-1627-derived/Build/Intermediates.noindex/FishSockTransfer.build/Debug/FishSockTransfer.build/FishSockTransfer-all-target-headers.hmap -Xcc -iquote -Xcc /tmp/fst-patch3-verify-isolated-20261002-1627-derived/Build/Intermediates.noindex/FishSockTransfer.build/Debug/FishSockTransfer.build/FishSockTransfer-project-headers.hmap -Xcc -I/tmp/fst-patch3-verify-isolated-20261002-1627-derived/Build/Products/Debug/include -Xcc -I/tmp/fst-patch3-verify-isolated-20261002-1627-derived/Build/Intermediates.noindex/FishSockTransfer.build/Debug/FishSockTransfer.build/DerivedSources-normal/arm64 -Xcc -I/tmp/fst-patch3-verify-isolated-20261002-1627-derived/Build/Intermediates.noindex/FishSockTransfer.build/Debug/FishSockTransfer.build/DerivedSources/arm64 -Xcc -I/tmp/fst-patch3-verify-isolated-20261002-1627-derived/Build/Intermediates.noindex/FishSockTransfer.build/Debug/FishSockTransfer.build/DerivedSources -Xcc -DDEBUG\=1 -emit-objc-header -emit-objc-header-path /tmp/fst-patch3-verify-isolated-20261002-1627-derived/Build/Intermediates.noindex/FishSockTransfer.build/Debug/FishSockTransfer.build/Objects-normal/arm64/FishSockTransfer-Swift.h -working-directory /Users/cenvu/DEV/FST_V2/FishSockTransfer -experimental-emit-module-separately -disable-cmo

SwiftExplicitDependencyGeneratePcm arm64 /tmp/fst-patch3-verify-isolated-20261002-1627-derived/Build/Intermediates.noindex/SwiftExplicitPrecompiledModules/XCTest-9D4O2HH92GM7IDQQ5HXTEE7JR.pcm

SwiftMergeGeneratedHeaders /tmp/fst-patch3-verify-isolated-20261002-1627-derived/Build/Intermediates.noindex/FishSockTransfer.build/Debug/FishSockTransfer.build/DerivedSources/FishSockTransfer-Swift.h /tmp/fst-patch3-verify-isolated-20261002-1627-derived/Build/Intermediates.noindex/FishSockTransfer.build/Debug/FishSockTransfer.build/Objects-normal/arm64/FishSockTransfer-Swift.h (in target 'FishSockTransfer' from project 'FishSockTransfer')
    cd /Users/cenvu/DEV/FST_V2/FishSockTransfer
    builtin-swiftHeaderTool -arch arm64 /tmp/fst-patch3-verify-isolated-20261002-1627-derived/Build/Intermediates.noindex/FishSockTransfer.build/Debug/FishSockTransfer.build/Objects-normal/arm64/FishSockTransfer-Swift.h -o /tmp/fst-patch3-verify-isolated-20261002-1627-derived/Build/Intermediates.noindex/FishSockTransfer.build/Debug/FishSockTransfer.build/DerivedSources/FishSockTransfer-Swift.h

Copy /tmp/fst-patch3-verify-isolated-20261002-1627-derived/Build/Products/Debug/FishSockTransfer.swiftmodule/arm64-apple-macos.swiftmodule /tmp/fst-patch3-verify-isolated-20261002-1627-derived/Build/Intermediates.noindex/FishSockTransfer.build/Debug/FishSockTransfer.build/Objects-normal/arm64/FishSockTransfer.swiftmodule (in target 'FishSockTransfer' from project 'FishSockTransfer')
    cd /Users/cenvu/DEV/FST_V2/FishSockTransfer
    builtin-copy -exclude .DS_Store -exclude CVS -exclude .svn -exclude .git -exclude .hg -resolve-src-symlinks -rename /tmp/fst-patch3-verify-isolated-20261002-1627-derived/Build/Intermediates.noindex/FishSockTransfer.build/Debug/FishSockTransfer.build/Objects-normal/arm64/FishSockTransfer.swiftmodule /tmp/fst-patch3-verify-isolated-20261002-1627-derived/Build/Products/Debug/FishSockTransfer.swiftmodule/arm64-apple-macos.swiftmodule

Copy /tmp/fst-patch3-verify-isolated-20261002-1627-derived/Build/Products/Debug/FishSockTransfer.swiftmodule/arm64-apple-macos.swiftdoc /tmp/fst-patch3-verify-isolated-20261002-1627-derived/Build/Intermediates.noindex/FishSockTransfer.build/Debug/FishSockTransfer.build/Objects-normal/arm64/FishSockTransfer.swiftdoc (in target 'FishSockTransfer' from project 'FishSockTransfer')
    cd /Users/cenvu/DEV/FST_V2/FishSockTransfer
    builtin-copy -exclude .DS_Store -exclude CVS -exclude .svn -exclude .git -exclude .hg -resolve-src-symlinks -rename /tmp/fst-patch3-verify-isolated-20261002-1627-derived/Build/Intermediates.noindex/FishSockTransfer.build/Debug/FishSockTransfer.build/Objects-normal/arm64/FishSockTransfer.swiftdoc /tmp/fst-patch3-verify-isolated-20261002-1627-derived/Build/Products/Debug/FishSockTransfer.swiftmodule/arm64-apple-macos.swiftdoc

Copy /tmp/fst-patch3-verify-isolated-20261002-1627-derived/Build/Products/Debug/FishSockTransfer.swiftmodule/arm64-apple-macos.abi.json /tmp/fst-patch3-verify-isolated-20261002-1627-derived/Build/Intermediates.noindex/FishSockTransfer.build/Debug/FishSockTransfer.build/Objects-normal/arm64/FishSockTransfer.abi.json (in target 'FishSockTransfer' from project 'FishSockTransfer')
    cd /Users/cenvu/DEV/FST_V2/FishSockTransfer
    builtin-copy -exclude .DS_Store -exclude CVS -exclude .svn -exclude .git -exclude .hg -resolve-src-symlinks -rename /tmp/fst-patch3-verify-isolated-20261002-1627-derived/Build/Intermediates.noindex/FishSockTransfer.build/Debug/FishSockTransfer.build/Objects-normal/arm64/FishSockTransfer.abi.json /tmp/fst-patch3-verify-isolated-20261002-1627-derived/Build/Products/Debug/FishSockTransfer.swiftmodule/arm64-apple-macos.abi.json

Copy /tmp/fst-patch3-verify-isolated-20261002-1627-derived/Build/Products/Debug/FishSockTransfer.swiftmodule/Project/arm64-apple-macos.swiftsourceinfo /tmp/fst-patch3-verify-isolated-20261002-1627-derived/Build/Intermediates.noindex/FishSockTransfer.build/Debug/FishSockTransfer.build/Objects-normal/arm64/FishSockTransfer.swiftsourceinfo (in target 'FishSockTransfer' from project 'FishSockTransfer')
    cd /Users/cenvu/DEV/FST_V2/FishSockTransfer
    builtin-copy -exclude .DS_Store -exclude CVS -exclude .svn -exclude .git -exclude .hg -resolve-src-symlinks -rename /tmp/fst-patch3-verify-isolated-20261002-1627-derived/Build/Intermediates.noindex/FishSockTransfer.build/Debug/FishSockTransfer.build/Objects-normal/arm64/FishSockTransfer.swiftsourceinfo /tmp/fst-patch3-verify-isolated-20261002-1627-derived/Build/Products/Debug/FishSockTransfer.swiftmodule/Project/arm64-apple-macos.swiftsourceinfo

SwiftExplicitDependencyCompileModuleFromInterface arm64 /tmp/fst-patch3-verify-isolated-20261002-1627-derived/Build/Intermediates.noindex/SwiftExplicitPrecompiledModules/XCTest-IVQQM9AMF7T8.swiftmodule

SwiftEmitModule normal arm64 Emitting\ module\ for\ FishSockTransferTests (in target 'FishSockTransferTests' from project 'FishSockTransfer')

EmitSwiftModule normal arm64 (in target 'FishSockTransferTests' from project 'FishSockTransfer')
    cd /Users/cenvu/DEV/FST_V2/FishSockTransfer
    

SwiftCompile normal arm64 Compiling\ ProgressParser.swift,\ ReportEngine.swift,\ TransferReport.swift,\ TransferState.swift /Users/cenvu/DEV/FST_V2/FishSockTransfer/FishSockTransfer/Engines/ProgressParser.swift /Users/cenvu/DEV/FST_V2/FishSockTransfer/FishSockTransfer/Engines/ReportEngine.swift /Users/cenvu/DEV/FST_V2/FishSockTransfer/FishSockTransfer/Models/TransferReport.swift /Users/cenvu/DEV/FST_V2/FishSockTransfer/FishSockTransfer/Models/TransferState.swift (in target 'FishSockTransferTests' from project 'FishSockTransfer')

SwiftCompile normal arm64 /Users/cenvu/DEV/FST_V2/FishSockTransfer/FishSockTransfer/Engines/ProgressParser.swift (in target 'FishSockTransferTests' from project 'FishSockTransfer')
    cd /Users/cenvu/DEV/FST_V2/FishSockTransfer
    

SwiftCompile normal arm64 /Users/cenvu/DEV/FST_V2/FishSockTransfer/FishSockTransfer/Engines/ReportEngine.swift (in target 'FishSockTransferTests' from project 'FishSockTransfer')
    cd /Users/cenvu/DEV/FST_V2/FishSockTransfer
    

SwiftCompile normal arm64 /Users/cenvu/DEV/FST_V2/FishSockTransfer/FishSockTransfer/Models/TransferReport.swift (in target 'FishSockTransferTests' from project 'FishSockTransfer')
    cd /Users/cenvu/DEV/FST_V2/FishSockTransfer
    

SwiftCompile normal arm64 /Users/cenvu/DEV/FST_V2/FishSockTransfer/FishSockTransfer/Models/TransferState.swift (in target 'FishSockTransferTests' from project 'FishSockTransfer')
    cd /Users/cenvu/DEV/FST_V2/FishSockTransfer
    

SwiftDriverJobDiscovery normal arm64 Emitting module for FishSockTransferTests (in target 'FishSockTransferTests' from project 'FishSockTransfer')

SwiftDriver\ Compilation\ Requirements FishSockTransferTests normal arm64 com.apple.xcode.tools.swift.compiler (in target 'FishSockTransferTests' from project 'FishSockTransfer')
    cd /Users/cenvu/DEV/FST_V2/FishSockTransfer
    builtin-Swift-Compilation-Requirements -- /Applications/Xcode.app/Contents/Developer/Toolchains/XcodeDefault.xctoolchain/usr/bin/swiftc -module-name FishSockTransferTests -Onone -enforce-exclusivity\=checked @/tmp/fst-patch3-verify-isolated-20261002-1627-derived/Build/Intermediates.noindex/FishSockTransfer.build/Debug/FishSockTransferTests.build/Objects-normal/arm64/FishSockTransferTests.SwiftFileList -DDEBUG -plugin-path /Applications/Xcode.app/Contents/Developer/Toolchains/XcodeDefault.xctoolchain/usr/lib/swift/host/plugins/testing -enable-bare-slash-regex -enable-experimental-feature DebugDescriptionMacro -sdk /Applications/Xcode.app/Contents/Developer/Platforms/MacOSX.platform/Developer/SDKs/MacOSX26.2.sdk -target arm64-apple-macos13.5 -g -module-cache-path /tmp/fst-patch3-verify-isolated-20261002-1627-derived/ModuleCache.noindex -Xfrontend -serialize-debugging-options -profile-coverage-mapping -profile-generate -enable-testing -index-store-path /tmp/fst-patch3-verify-isolated-20261002-1627-derived/Index.noindex/DataStore -Xcc -D_LIBCPP_HARDENING_MODE\=_LIBCPP_HARDENING_MODE_DEBUG -swift-version 5 -I /tmp/fst-patch3-verify-isolated-20261002-1627-derived/Build/Products/Debug -Isystem /Applications/Xcode.app/Contents/Developer/Platforms/MacOSX.platform/Developer/usr/lib -F /tmp/fst-patch3-verify-isolated-20261002-1627-derived/Build/Products/Debug -F /Applications/Xcode.app/Contents/Developer/Platforms/MacOSX.platform/Developer/Library/Frameworks -c -j10 -enable-batch-mode -incremental -Xcc -ivfsstatcache -Xcc /tmp/fst-patch3-verify-isolated-20261002-1627-derived/SDKStatCaches.noindex/macosx26.2-25C58-00fa09913b459cbbc988d1f6730289ae.sdkstatcache -output-file-map /tmp/fst-patch3-verify-isolated-20261002-1627-derived/Build/Intermediates.noindex/FishSockTransfer.build/Debug/FishSockTransferTests.build/Objects-normal/arm64/FishSockTransferTests-OutputFileMap.json -use-frontend-parseable-output -save-temps -no-color-diagnostics -explicit-module-build -module-cache-path /tmp/fst-patch3-verify-isolated-20261002-1627-derived/Build/Intermediates.noindex/SwiftExplicitPrecompiledModules -clang-scanner-module-cache-path /tmp/fst-patch3-verify-isolated-20261002-1627-derived/ModuleCache.noindex -sdk-module-cache-path /tmp/fst-patch3-verify-isolated-20261002-1627-derived/ModuleCache.noindex -serialize-diagnostics -emit-dependencies -emit-module -emit-module-path /tmp/fst-patch3-verify-isolated-20261002-1627-derived/Build/Intermediates.noindex/FishSockTransfer.build/Debug/FishSockTransferTests.build/Objects-normal/arm64/FishSockTransferTests.swiftmodule -validate-clang-modules-once -clang-build-session-file /tmp/fst-patch3-verify-isolated-20261002-1627-derived/ModuleCache.noindex/Session.modulevalidation -Xcc -I/tmp/fst-patch3-verify-isolated-20261002-1627-derived/Build/Intermediates.noindex/FishSockTransfer.build/Debug/FishSockTransferTests.build/swift-overrides.hmap -emit-const-values -Xfrontend -const-gather-protocols-file -Xfrontend /tmp/fst-patch3-verify-isolated-20261002-1627-derived/Build/Intermediates.noindex/FishSockTransfer.build/Debug/FishSockTransferTests.build/Objects-normal/arm64/FishSockTransferTests_const_extract_protocols.json -Xcc -iquote -Xcc /tmp/fst-patch3-verify-isolated-20261002-1627-derived/Build/Intermediates.noindex/FishSockTransfer.build/Debug/FishSockTransferTests.build/FishSockTransferTests-generated-files.hmap -Xcc -I/tmp/fst-patch3-verify-isolated-20261002-1627-derived/Build/Intermediates.noindex/FishSockTransfer.build/Debug/FishSockTransferTests.build/FishSockTransferTests-own-target-headers.hmap -Xcc -I/tmp/fst-patch3-verify-isolated-20261002-1627-derived/Build/Intermediates.noindex/FishSockTransfer.build/Debug/FishSockTransferTests.build/FishSockTransferTests-all-target-headers.hmap -Xcc -iquote -Xcc /tmp/fst-patch3-verify-isolated-20261002-1627-derived/Build/Intermediates.noindex/FishSockTransfer.build/Debug/FishSockTransferTests.build/FishSockTransferTests-project-headers.hmap -Xcc -I/tmp/fst-patch3-verify-isolated-20261002-1627-derived/Build/Products/Debug/include -Xcc -I/tmp/fst-patch3-verify-isolated-20261002-1627-derived/Build/Intermediates.noindex/FishSockTransfer.build/Debug/FishSockTransferTests.build/DerivedSources-normal/arm64 -Xcc -I/tmp/fst-patch3-verify-isolated-20261002-1627-derived/Build/Intermediates.noindex/FishSockTransfer.build/Debug/FishSockTransferTests.build/DerivedSources/arm64 -Xcc -I/tmp/fst-patch3-verify-isolated-20261002-1627-derived/Build/Intermediates.noindex/FishSockTransfer.build/Debug/FishSockTransferTests.build/DerivedSources -Xcc -DDEBUG\=1 -emit-objc-header -emit-objc-header-path /tmp/fst-patch3-verify-isolated-20261002-1627-derived/Build/Intermediates.noindex/FishSockTransfer.build/Debug/FishSockTransferTests.build/Objects-normal/arm64/FishSockTransferTests-Swift.h -working-directory /Users/cenvu/DEV/FST_V2/FishSockTransfer -experimental-emit-module-separately -disable-cmo

SwiftDriverJobDiscovery normal arm64 Compiling TransferState.swift, VerificationMode.swift, VerificationRequest.swift, VerificationResult.swift (in target 'FishSockTransfer' from project 'FishSockTransfer')

SwiftCompile normal arm64 Compiling\ SemanticVersion.swift,\ AppUpdateState.swift,\ GitHubRelease.swift,\ AppUpdateService.swift /Users/cenvu/DEV/FST_V2/FishSockTransfer/FishSockTransfer/Models/SemanticVersion.swift /Users/cenvu/DEV/FST_V2/FishSockTransfer/FishSockTransfer/Models/AppUpdateState.swift /Users/cenvu/DEV/FST_V2/FishSockTransfer/FishSockTransfer/Models/GitHubRelease.swift /Users/cenvu/DEV/FST_V2/FishSockTransfer/FishSockTransfer/Services/AppUpdateService.swift (in target 'FishSockTransferTests' from project 'FishSockTransfer')

SwiftCompile normal arm64 /Users/cenvu/DEV/FST_V2/FishSockTransfer/FishSockTransfer/Models/SemanticVersion.swift (in target 'FishSockTransferTests' from project 'FishSockTransfer')
    cd /Users/cenvu/DEV/FST_V2/FishSockTransfer
    

SwiftCompile normal arm64 /Users/cenvu/DEV/FST_V2/FishSockTransfer/FishSockTransfer/Models/AppUpdateState.swift (in target 'FishSockTransferTests' from project 'FishSockTransfer')
    cd /Users/cenvu/DEV/FST_V2/FishSockTransfer
    

SwiftCompile normal arm64 /Users/cenvu/DEV/FST_V2/FishSockTransfer/FishSockTransfer/Models/GitHubRelease.swift (in target 'FishSockTransferTests' from project 'FishSockTransfer')
    cd /Users/cenvu/DEV/FST_V2/FishSockTransfer
    

SwiftCompile normal arm64 /Users/cenvu/DEV/FST_V2/FishSockTransfer/FishSockTransfer/Services/AppUpdateService.swift (in target 'FishSockTransferTests' from project 'FishSockTransfer')
    cd /Users/cenvu/DEV/FST_V2/FishSockTransfer
    

SwiftMergeGeneratedHeaders /tmp/fst-patch3-verify-isolated-20261002-1627-derived/Build/Intermediates.noindex/FishSockTransfer.build/Debug/FishSockTransferTests.build/DerivedSources/FishSockTransferTests-Swift.h /tmp/fst-patch3-verify-isolated-20261002-1627-derived/Build/Intermediates.noindex/FishSockTransfer.build/Debug/FishSockTransferTests.build/Objects-normal/arm64/FishSockTransferTests-Swift.h (in target 'FishSockTransferTests' from project 'FishSockTransfer')
    cd /Users/cenvu/DEV/FST_V2/FishSockTransfer
    builtin-swiftHeaderTool -arch arm64 /tmp/fst-patch3-verify-isolated-20261002-1627-derived/Build/Intermediates.noindex/FishSockTransfer.build/Debug/FishSockTransferTests.build/Objects-normal/arm64/FishSockTransferTests-Swift.h -o /tmp/fst-patch3-verify-isolated-20261002-1627-derived/Build/Intermediates.noindex/FishSockTransfer.build/Debug/FishSockTransferTests.build/DerivedSources/FishSockTransferTests-Swift.h

SwiftDriverJobDiscovery normal arm64 Compiling LogEntry.swift, LogVisibilityFilter.swift, NotificationSettings.swift, RsyncBandwidthLimit.swift, SemanticVersion.swift (in target 'FishSockTransfer' from project 'FishSockTransfer')

Copy /tmp/fst-patch3-verify-isolated-20261002-1627-derived/Build/Products/Debug/FishSockTransferTests.swiftmodule/arm64-apple-macos.swiftmodule /tmp/fst-patch3-verify-isolated-20261002-1627-derived/Build/Intermediates.noindex/FishSockTransfer.build/Debug/FishSockTransferTests.build/Objects-normal/arm64/FishSockTransferTests.swiftmodule (in target 'FishSockTransferTests' from project 'FishSockTransfer')
    cd /Users/cenvu/DEV/FST_V2/FishSockTransfer
    builtin-copy -exclude .DS_Store -exclude CVS -exclude .svn -exclude .git -exclude .hg -resolve-src-symlinks -rename /tmp/fst-patch3-verify-isolated-20261002-1627-derived/Build/Intermediates.noindex/FishSockTransfer.build/Debug/FishSockTransferTests.build/Objects-normal/arm64/FishSockTransferTests.swiftmodule /tmp/fst-patch3-verify-isolated-20261002-1627-derived/Build/Products/Debug/FishSockTransferTests.swiftmodule/arm64-apple-macos.swiftmodule

Copy /tmp/fst-patch3-verify-isolated-20261002-1627-derived/Build/Products/Debug/FishSockTransferTests.swiftmodule/arm64-apple-macos.swiftdoc /tmp/fst-patch3-verify-isolated-20261002-1627-derived/Build/Intermediates.noindex/FishSockTransfer.build/Debug/FishSockTransferTests.build/Objects-normal/arm64/FishSockTransferTests.swiftdoc (in target 'FishSockTransferTests' from project 'FishSockTransfer')
    cd /Users/cenvu/DEV/FST_V2/FishSockTransfer
    builtin-copy -exclude .DS_Store -exclude CVS -exclude .svn -exclude .git -exclude .hg -resolve-src-symlinks -rename /tmp/fst-patch3-verify-isolated-20261002-1627-derived/Build/Intermediates.noindex/FishSockTransfer.build/Debug/FishSockTransferTests.build/Objects-normal/arm64/FishSockTransferTests.swiftdoc /tmp/fst-patch3-verify-isolated-20261002-1627-derived/Build/Products/Debug/FishSockTransferTests.swiftmodule/arm64-apple-macos.swiftdoc

Copy /tmp/fst-patch3-verify-isolated-20261002-1627-derived/Build/Products/Debug/FishSockTransferTests.swiftmodule/arm64-apple-macos.abi.json /tmp/fst-patch3-verify-isolated-20261002-1627-derived/Build/Intermediates.noindex/FishSockTransfer.build/Debug/FishSockTransferTests.build/Objects-normal/arm64/FishSockTransferTests.abi.json (in target 'FishSockTransferTests' from project 'FishSockTransfer')
    cd /Users/cenvu/DEV/FST_V2/FishSockTransfer
    builtin-copy -exclude .DS_Store -exclude CVS -exclude .svn -exclude .git -exclude .hg -resolve-src-symlinks -rename /tmp/fst-patch3-verify-isolated-20261002-1627-derived/Build/Intermediates.noindex/FishSockTransfer.build/Debug/FishSockTransferTests.build/Objects-normal/arm64/FishSockTransferTests.abi.json /tmp/fst-patch3-verify-isolated-20261002-1627-derived/Build/Products/Debug/FishSockTransferTests.swiftmodule/arm64-apple-macos.abi.json

Copy /tmp/fst-patch3-verify-isolated-20261002-1627-derived/Build/Products/Debug/FishSockTransferTests.swiftmodule/Project/arm64-apple-macos.swiftsourceinfo /tmp/fst-patch3-verify-isolated-20261002-1627-derived/Build/Intermediates.noindex/FishSockTransfer.build/Debug/FishSockTransferTests.build/Objects-normal/arm64/FishSockTransferTests.swiftsourceinfo (in target 'FishSockTransferTests' from project 'FishSockTransfer')
    cd /Users/cenvu/DEV/FST_V2/FishSockTransfer
    builtin-copy -exclude .DS_Store -exclude CVS -exclude .svn -exclude .git -exclude .hg -resolve-src-symlinks -rename /tmp/fst-patch3-verify-isolated-20261002-1627-derived/Build/Intermediates.noindex/FishSockTransfer.build/Debug/FishSockTransferTests.build/Objects-normal/arm64/FishSockTransferTests.swiftsourceinfo /tmp/fst-patch3-verify-isolated-20261002-1627-derived/Build/Products/Debug/FishSockTransferTests.swiftmodule/Project/arm64-apple-macos.swiftsourceinfo

SwiftCompile normal arm64 Compiling\ TelegramNotificationService.swift,\ NotificationCoordinator.swift,\ SemanticVersionXCTests.swift,\ AppUpdateServiceXCTests.swift /Users/cenvu/DEV/FST_V2/FishSockTransfer/FishSockTransfer/Services/TelegramNotificationService.swift /Users/cenvu/DEV/FST_V2/FishSockTransfer/FishSockTransfer/Coordinators/NotificationCoordinator.swift /Users/cenvu/DEV/FST_V2/FishSockTransfer/Tests/XCTest/SemanticVersionXCTests.swift /Users/cenvu/DEV/FST_V2/FishSockTransfer/Tests/XCTest/AppUpdateServiceXCTests.swift (in target 'FishSockTransferTests' from project 'FishSockTransfer')

SwiftCompile normal arm64 /Users/cenvu/DEV/FST_V2/FishSockTransfer/FishSockTransfer/Services/TelegramNotificationService.swift (in target 'FishSockTransferTests' from project 'FishSockTransfer')
    cd /Users/cenvu/DEV/FST_V2/FishSockTransfer
    

SwiftCompile normal arm64 /Users/cenvu/DEV/FST_V2/FishSockTransfer/FishSockTransfer/Coordinators/NotificationCoordinator.swift (in target 'FishSockTransferTests' from project 'FishSockTransfer')
    cd /Users/cenvu/DEV/FST_V2/FishSockTransfer
    

SwiftCompile normal arm64 /Users/cenvu/DEV/FST_V2/FishSockTransfer/Tests/XCTest/SemanticVersionXCTests.swift (in target 'FishSockTransferTests' from project 'FishSockTransfer')
    cd /Users/cenvu/DEV/FST_V2/FishSockTransfer
    

SwiftCompile normal arm64 /Users/cenvu/DEV/FST_V2/FishSockTransfer/Tests/XCTest/AppUpdateServiceXCTests.swift (in target 'FishSockTransferTests' from project 'FishSockTransfer')
    cd /Users/cenvu/DEV/FST_V2/FishSockTransfer
    

SwiftCompile normal arm64 Compiling\ VerificationMode.swift,\ VerificationResult.swift,\ TransferFileExclusionPolicy.swift,\ BundledRsyncService.swift /Users/cenvu/DEV/FST_V2/FishSockTransfer/FishSockTransfer/Models/VerificationMode.swift /Users/cenvu/DEV/FST_V2/FishSockTransfer/FishSockTransfer/Models/VerificationResult.swift /Users/cenvu/DEV/FST_V2/FishSockTransfer/FishSockTransfer/Models/TransferFileExclusionPolicy.swift /Users/cenvu/DEV/FST_V2/FishSockTransfer/FishSockTransfer/Services/BundledRsyncService.swift (in target 'FishSockTransferTests' from project 'FishSockTransfer')

SwiftCompile normal arm64 /Users/cenvu/DEV/FST_V2/FishSockTransfer/FishSockTransfer/Models/VerificationMode.swift (in target 'FishSockTransferTests' from project 'FishSockTransfer')
    cd /Users/cenvu/DEV/FST_V2/FishSockTransfer
    

SwiftCompile normal arm64 /Users/cenvu/DEV/FST_V2/FishSockTransfer/FishSockTransfer/Models/VerificationResult.swift (in target 'FishSockTransferTests' from project 'FishSockTransfer')
    cd /Users/cenvu/DEV/FST_V2/FishSockTransfer
    

SwiftCompile normal arm64 /Users/cenvu/DEV/FST_V2/FishSockTransfer/FishSockTransfer/Models/TransferFileExclusionPolicy.swift (in target 'FishSockTransferTests' from project 'FishSockTransfer')
    cd /Users/cenvu/DEV/FST_V2/FishSockTransfer
    

SwiftCompile normal arm64 /Users/cenvu/DEV/FST_V2/FishSockTransfer/FishSockTransfer/Services/BundledRsyncService.swift (in target 'FishSockTransferTests' from project 'FishSockTransfer')
    cd /Users/cenvu/DEV/FST_V2/FishSockTransfer
    

SwiftCompile normal arm64 Compiling\ LogVisibilityFilterXCTests.swift,\ LogVisibilityFilter.swift,\ NotificationCoordinatorXCTests.swift,\ NotificationSettings.swift /Users/cenvu/DEV/FST_V2/FishSockTransfer/Tests/XCTest/LogVisibilityFilterXCTests.swift /Users/cenvu/DEV/FST_V2/FishSockTransfer/FishSockTransfer/Models/LogVisibilityFilter.swift /Users/cenvu/DEV/FST_V2/FishSockTransfer/Tests/XCTest/NotificationCoordinatorXCTests.swift /Users/cenvu/DEV/FST_V2/FishSockTransfer/FishSockTransfer/Models/NotificationSettings.swift (in target 'FishSockTransferTests' from project 'FishSockTransfer')

SwiftCompile normal arm64 /Users/cenvu/DEV/FST_V2/FishSockTransfer/Tests/XCTest/LogVisibilityFilterXCTests.swift (in target 'FishSockTransferTests' from project 'FishSockTransfer')
    cd /Users/cenvu/DEV/FST_V2/FishSockTransfer
    

SwiftCompile normal arm64 /Users/cenvu/DEV/FST_V2/FishSockTransfer/FishSockTransfer/Models/LogVisibilityFilter.swift (in target 'FishSockTransferTests' from project 'FishSockTransfer')
    cd /Users/cenvu/DEV/FST_V2/FishSockTransfer
    

SwiftCompile normal arm64 /Users/cenvu/DEV/FST_V2/FishSockTransfer/Tests/XCTest/NotificationCoordinatorXCTests.swift (in target 'FishSockTransferTests' from project 'FishSockTransfer')
    cd /Users/cenvu/DEV/FST_V2/FishSockTransfer
    

SwiftCompile normal arm64 /Users/cenvu/DEV/FST_V2/FishSockTransfer/FishSockTransfer/Models/NotificationSettings.swift (in target 'FishSockTransferTests' from project 'FishSockTransfer')
    cd /Users/cenvu/DEV/FST_V2/FishSockTransfer
    

SwiftDriverJobDiscovery normal arm64 Compiling AppUpdateService.swift, BookmarkService.swift, BundledRsyncService.swift, DriveService.swift (in target 'FishSockTransfer' from project 'FishSockTransfer')

SwiftDriverJobDiscovery normal arm64 Compiling ProgressParser.swift, ReportEngine.swift, TransferReport.swift, TransferState.swift (in target 'FishSockTransferTests' from project 'FishSockTransfer')

SwiftDriverJobDiscovery normal arm64 Compiling NotificationCoordinator.swift, TransferCoordinator.swift, ProgressParser.swift, ReportEngine.swift, RsyncEngine.swift (in target 'FishSockTransfer' from project 'FishSockTransfer')

SwiftCompile normal arm64 Compiling\ RsyncBandwidthLimitXCTests.swift,\ ProgressParserXCTests.swift,\ ReportEngineXCTests.swift,\ BundledRsyncServiceXCTests.swift /Users/cenvu/DEV/FST_V2/FishSockTransfer/Tests/XCTest/RsyncBandwidthLimitXCTests.swift /Users/cenvu/DEV/FST_V2/FishSockTransfer/Tests/XCTest/ProgressParserXCTests.swift /Users/cenvu/DEV/FST_V2/FishSockTransfer/Tests/XCTest/ReportEngineXCTests.swift /Users/cenvu/DEV/FST_V2/FishSockTransfer/Tests/XCTest/BundledRsyncServiceXCTests.swift (in target 'FishSockTransferTests' from project 'FishSockTransfer')

SwiftCompile normal arm64 /Users/cenvu/DEV/FST_V2/FishSockTransfer/Tests/XCTest/RsyncBandwidthLimitXCTests.swift (in target 'FishSockTransferTests' from project 'FishSockTransfer')
    cd /Users/cenvu/DEV/FST_V2/FishSockTransfer
    

SwiftCompile normal arm64 /Users/cenvu/DEV/FST_V2/FishSockTransfer/Tests/XCTest/ProgressParserXCTests.swift (in target 'FishSockTransferTests' from project 'FishSockTransfer')
    cd /Users/cenvu/DEV/FST_V2/FishSockTransfer
    

SwiftCompile normal arm64 /Users/cenvu/DEV/FST_V2/FishSockTransfer/Tests/XCTest/ReportEngineXCTests.swift (in target 'FishSockTransferTests' from project 'FishSockTransfer')
    cd /Users/cenvu/DEV/FST_V2/FishSockTransfer
    

SwiftCompile normal arm64 /Users/cenvu/DEV/FST_V2/FishSockTransfer/Tests/XCTest/BundledRsyncServiceXCTests.swift (in target 'FishSockTransferTests' from project 'FishSockTransfer')
    cd /Users/cenvu/DEV/FST_V2/FishSockTransfer
    

SwiftCompile normal arm64 Compiling\ MetadataOnlySourceSafetyXCTests.swift,\ VerificationHashStrategyXCTests.swift,\ TransferViewModelRuntimeXCTests.swift,\ RsyncBandwidthLimit.swift /Users/cenvu/DEV/FST_V2/FishSockTransfer/Tests/XCTest/MetadataOnlySourceSafetyXCTests.swift /Users/cenvu/DEV/FST_V2/FishSockTransfer/Tests/XCTest/VerificationHashStrategyXCTests.swift /Users/cenvu/DEV/FST_V2/FishSockTransfer/Tests/XCTest/TransferViewModelRuntimeXCTests.swift /Users/cenvu/DEV/FST_V2/FishSockTransfer/FishSockTransfer/Models/RsyncBandwidthLimit.swift (in target 'FishSockTransferTests' from project 'FishSockTransfer')
SwiftCompile normal arm64 /Users/cenvu/DEV/FST_V2/FishSockTransfer/Tests/XCTest/MetadataOnlySourceSafetyXCTests.swift (in target 'FishSockTransferTests' from project 'FishSockTransfer')
    cd /Users/cenvu/DEV/FST_V2/FishSockTransfer
    

SwiftCompile normal arm64 /Users/cenvu/DEV/FST_V2/FishSockTransfer/Tests/XCTest/VerificationHashStrategyXCTests.swift (in target 'FishSockTransferTests' from project 'FishSockTransfer')
    cd /Users/cenvu/DEV/FST_V2/FishSockTransfer
    

SwiftCompile normal arm64 /Users/cenvu/DEV/FST_V2/FishSockTransfer/Tests/XCTest/TransferViewModelRuntimeXCTests.swift (in target 'FishSockTransferTests' from project 'FishSockTransfer')
    cd /Users/cenvu/DEV/FST_V2/FishSockTransfer
    

SwiftCompile normal arm64 /Users/cenvu/DEV/FST_V2/FishSockTransfer/FishSockTransfer/Models/RsyncBandwidthLimit.swift (in target 'FishSockTransferTests' from project 'FishSockTransfer')
    cd /Users/cenvu/DEV/FST_V2/FishSockTransfer
    

SwiftDriverJobDiscovery normal arm64 Compiling TransferEvent.swift, VerificationEvent.swift, VerifyEngine.swift, AppUpdateState.swift, GitHubRelease.swift (in target 'FishSockTransfer' from project 'FishSockTransfer')

SwiftCompile normal arm64 Compiling\ StorageMetadata.swift,\ VerificationRequest.swift,\ VerificationEvent.swift,\ VerifyEngine.swift /Users/cenvu/DEV/FST_V2/FishSockTransfer/FishSockTransfer/Models/StorageMetadata.swift /Users/cenvu/DEV/FST_V2/FishSockTransfer/FishSockTransfer/Models/VerificationRequest.swift /Users/cenvu/DEV/FST_V2/FishSockTransfer/FishSockTransfer/Engines/VerificationEvent.swift /Users/cenvu/DEV/FST_V2/FishSockTransfer/FishSockTransfer/Engines/VerifyEngine.swift (in target 'FishSockTransferTests' from project 'FishSockTransfer')

SwiftCompile normal arm64 /Users/cenvu/DEV/FST_V2/FishSockTransfer/FishSockTransfer/Models/StorageMetadata.swift (in target 'FishSockTransferTests' from project 'FishSockTransfer')
    cd /Users/cenvu/DEV/FST_V2/FishSockTransfer
    

SwiftCompile normal arm64 /Users/cenvu/DEV/FST_V2/FishSockTransfer/FishSockTransfer/Models/VerificationRequest.swift (in target 'FishSockTransferTests' from project 'FishSockTransfer')
    cd /Users/cenvu/DEV/FST_V2/FishSockTransfer
    

SwiftCompile normal arm64 /Users/cenvu/DEV/FST_V2/FishSockTransfer/FishSockTransfer/Engines/VerificationEvent.swift (in target 'FishSockTransferTests' from project 'FishSockTransfer')
    cd /Users/cenvu/DEV/FST_V2/FishSockTransfer
    

SwiftCompile normal arm64 /Users/cenvu/DEV/FST_V2/FishSockTransfer/FishSockTransfer/Engines/VerifyEngine.swift (in target 'FishSockTransferTests' from project 'FishSockTransfer')
    cd /Users/cenvu/DEV/FST_V2/FishSockTransfer
    

SwiftDriverJobDiscovery normal arm64 Compiling SemanticVersion.swift, AppUpdateState.swift, GitHubRelease.swift, AppUpdateService.swift (in target 'FishSockTransferTests' from project 'FishSockTransfer')

SwiftCompile normal arm64 Compiling\ DriveService.swift,\ TransferEvent.swift,\ LogEntry.swift,\ TransferRequest.swift /Users/cenvu/DEV/FST_V2/FishSockTransfer/FishSockTransfer/Services/DriveService.swift /Users/cenvu/DEV/FST_V2/FishSockTransfer/FishSockTransfer/Engines/TransferEvent.swift /Users/cenvu/DEV/FST_V2/FishSockTransfer/FishSockTransfer/Models/LogEntry.swift /Users/cenvu/DEV/FST_V2/FishSockTransfer/FishSockTransfer/Models/TransferRequest.swift (in target 'FishSockTransferTests' from project 'FishSockTransfer')

SwiftCompile normal arm64 /Users/cenvu/DEV/FST_V2/FishSockTransfer/FishSockTransfer/Services/DriveService.swift (in target 'FishSockTransferTests' from project 'FishSockTransfer')
    cd /Users/cenvu/DEV/FST_V2/FishSockTransfer
    

SwiftCompile normal arm64 /Users/cenvu/DEV/FST_V2/FishSockTransfer/FishSockTransfer/Engines/TransferEvent.swift (in target 'FishSockTransferTests' from project 'FishSockTransfer')
    cd /Users/cenvu/DEV/FST_V2/FishSockTransfer
    

SwiftCompile normal arm64 /Users/cenvu/DEV/FST_V2/FishSockTransfer/FishSockTransfer/Models/LogEntry.swift (in target 'FishSockTransferTests' from project 'FishSockTransfer')
    cd /Users/cenvu/DEV/FST_V2/FishSockTransfer
    

SwiftCompile normal arm64 /Users/cenvu/DEV/FST_V2/FishSockTransfer/FishSockTransfer/Models/TransferRequest.swift (in target 'FishSockTransferTests' from project 'FishSockTransfer')
    cd /Users/cenvu/DEV/FST_V2/FishSockTransfer
    

SwiftDriverJobDiscovery normal arm64 Compiling VerificationMode.swift, VerificationResult.swift, TransferFileExclusionPolicy.swift, BundledRsyncService.swift (in target 'FishSockTransferTests' from project 'FishSockTransfer')

SwiftCompile normal arm64 Compiling\ LoggerService.swift,\ RsyncEngine.swift,\ TransferCoordinator.swift,\ TransferViewModel.swift /Users/cenvu/DEV/FST_V2/FishSockTransfer/FishSockTransfer/Services/LoggerService.swift /Users/cenvu/DEV/FST_V2/FishSockTransfer/FishSockTransfer/Engines/RsyncEngine.swift /Users/cenvu/DEV/FST_V2/FishSockTransfer/FishSockTransfer/Coordinators/TransferCoordinator.swift /Users/cenvu/DEV/FST_V2/FishSockTransfer/FishSockTransfer/ViewModels/TransferViewModel.swift (in target 'FishSockTransferTests' from project 'FishSockTransfer')

SwiftCompile normal arm64 /Users/cenvu/DEV/FST_V2/FishSockTransfer/FishSockTransfer/Services/LoggerService.swift (in target 'FishSockTransferTests' from project 'FishSockTransfer')
    cd /Users/cenvu/DEV/FST_V2/FishSockTransfer
    

SwiftCompile normal arm64 /Users/cenvu/DEV/FST_V2/FishSockTransfer/FishSockTransfer/Engines/RsyncEngine.swift (in target 'FishSockTransferTests' from project 'FishSockTransfer')
    cd /Users/cenvu/DEV/FST_V2/FishSockTransfer
    

SwiftCompile normal arm64 /Users/cenvu/DEV/FST_V2/FishSockTransfer/FishSockTransfer/Coordinators/TransferCoordinator.swift (in target 'FishSockTransferTests' from project 'FishSockTransfer')
    cd /Users/cenvu/DEV/FST_V2/FishSockTransfer
    

SwiftCompile normal arm64 /Users/cenvu/DEV/FST_V2/FishSockTransfer/FishSockTransfer/ViewModels/TransferViewModel.swift (in target 'FishSockTransferTests' from project 'FishSockTransfer')
    cd /Users/cenvu/DEV/FST_V2/FishSockTransfer
    

SwiftDriverJobDiscovery normal arm64 Compiling TelegramNotificationService.swift, NotificationCoordinator.swift, SemanticVersionXCTests.swift, AppUpdateServiceXCTests.swift (in target 'FishSockTransferTests' from project 'FishSockTransfer')

SwiftCompile normal arm64 Compiling\ StorageMetadata.swift,\ TransferFileExclusionPolicy.swift,\ TransferReport.swift,\ TransferRequest.swift,\ TransferResult.swift /Users/cenvu/DEV/FST_V2/FishSockTransfer/FishSockTransfer/Models/StorageMetadata.swift /Users/cenvu/DEV/FST_V2/FishSockTransfer/FishSockTransfer/Models/TransferFileExclusionPolicy.swift /Users/cenvu/DEV/FST_V2/FishSockTransfer/FishSockTransfer/Models/TransferReport.swift /Users/cenvu/DEV/FST_V2/FishSockTransfer/FishSockTransfer/Models/TransferRequest.swift /Users/cenvu/DEV/FST_V2/FishSockTransfer/FishSockTransfer/Models/TransferResult.swift (in target 'FishSockTransfer' from project 'FishSockTransfer')

SwiftCompile normal arm64 /Users/cenvu/DEV/FST_V2/FishSockTransfer/FishSockTransfer/Models/StorageMetadata.swift (in target 'FishSockTransfer' from project 'FishSockTransfer')
    cd /Users/cenvu/DEV/FST_V2/FishSockTransfer
    

SwiftCompile normal arm64 /Users/cenvu/DEV/FST_V2/FishSockTransfer/FishSockTransfer/Models/TransferFileExclusionPolicy.swift (in target 'FishSockTransfer' from project 'FishSockTransfer')
    cd /Users/cenvu/DEV/FST_V2/FishSockTransfer
    

SwiftCompile normal arm64 /Users/cenvu/DEV/FST_V2/FishSockTransfer/FishSockTransfer/Models/TransferReport.swift (in target 'FishSockTransfer' from project 'FishSockTransfer')
    cd /Users/cenvu/DEV/FST_V2/FishSockTransfer
    

SwiftCompile normal arm64 /Users/cenvu/DEV/FST_V2/FishSockTransfer/FishSockTransfer/Models/TransferRequest.swift (in target 'FishSockTransfer' from project 'FishSockTransfer')
    cd /Users/cenvu/DEV/FST_V2/FishSockTransfer
    

SwiftCompile normal arm64 /Users/cenvu/DEV/FST_V2/FishSockTransfer/FishSockTransfer/Models/TransferResult.swift (in target 'FishSockTransfer' from project 'FishSockTransfer')
    cd /Users/cenvu/DEV/FST_V2/FishSockTransfer
    

SwiftDriverJobDiscovery normal arm64 Compiling DriveService.swift, TransferEvent.swift, LogEntry.swift, TransferRequest.swift (in target 'FishSockTransferTests' from project 'FishSockTransfer')

SwiftDriverJobDiscovery normal arm64 Compiling LogVisibilityFilterXCTests.swift, LogVisibilityFilter.swift, NotificationCoordinatorXCTests.swift, NotificationSettings.swift (in target 'FishSockTransferTests' from project 'FishSockTransfer')

SwiftDriverJobDiscovery normal arm64 Compiling RsyncBandwidthLimitXCTests.swift, ProgressParserXCTests.swift, ReportEngineXCTests.swift, BundledRsyncServiceXCTests.swift (in target 'FishSockTransferTests' from project 'FishSockTransfer')

SwiftDriverJobDiscovery normal arm64 Compiling LoggerService.swift, TelegramNotificationService.swift, TechnicalLogsUpdateViewModel.swift, TransferViewModel.swift (in target 'FishSockTransfer' from project 'FishSockTransfer')

SwiftDriverJobDiscovery normal arm64 Compiling NotificationTabView.swift, PanelStyle.swift, SourceCardView.swift, StorageAnalysisView.swift (in target 'FishSockTransfer' from project 'FishSockTransfer')

SwiftDriverJobDiscovery normal arm64 Compiling Color+State.swift, ContentView.swift, DestinationCardView.swift, FolderPicker.swift (in target 'FishSockTransfer' from project 'FishSockTransfer')

SwiftDriverJobDiscovery normal arm64 Compiling TerminalLogsView.swift, TransferControlsView.swift, FishSockTransferApp.swift, GeneratedAssetSymbols.swift (in target 'FishSockTransfer' from project 'FishSockTransfer')

SwiftDriverJobDiscovery normal arm64 Compiling StorageMetadata.swift, TransferFileExclusionPolicy.swift, TransferReport.swift, TransferRequest.swift, TransferResult.swift (in target 'FishSockTransfer' from project 'FishSockTransfer')

SwiftDriver\ Compilation FishSockTransfer normal arm64 com.apple.xcode.tools.swift.compiler (in target 'FishSockTransfer' from project 'FishSockTransfer')
    cd /Users/cenvu/DEV/FST_V2/FishSockTransfer
    builtin-Swift-Compilation -- /Applications/Xcode.app/Contents/Developer/Toolchains/XcodeDefault.xctoolchain/usr/bin/swiftc -module-name FishSockTransfer -Onone -enforce-exclusivity\=checked @/tmp/fst-patch3-verify-isolated-20261002-1627-derived/Build/Intermediates.noindex/FishSockTransfer.build/Debug/FishSockTransfer.build/Objects-normal/arm64/FishSockTransfer.SwiftFileList -DDEBUG -default-isolation\=MainActor -enable-bare-slash-regex -enable-upcoming-feature DisableOutwardActorInference -enable-upcoming-feature InferSendableFromCaptures -enable-upcoming-feature GlobalActorIsolatedTypesUsability -enable-upcoming-feature MemberImportVisibility -enable-upcoming-feature InferIsolatedConformances -enable-upcoming-feature NonisolatedNonsendingByDefault -enable-experimental-feature DebugDescriptionMacro -sdk /Applications/Xcode.app/Contents/Developer/Platforms/MacOSX.platform/Developer/SDKs/MacOSX26.2.sdk -target arm64-apple-macos13.5 -g -module-cache-path /tmp/fst-patch3-verify-isolated-20261002-1627-derived/ModuleCache.noindex -Xfrontend -serialize-debugging-options -profile-coverage-mapping -profile-generate -enable-testing -index-store-path /tmp/fst-patch3-verify-isolated-20261002-1627-derived/Index.noindex/DataStore -Xcc -D_LIBCPP_HARDENING_MODE\=_LIBCPP_HARDENING_MODE_DEBUG -swift-version 5 -I /tmp/fst-patch3-verify-isolated-20261002-1627-derived/Build/Products/Debug -F /tmp/fst-patch3-verify-isolated-20261002-1627-derived/Build/Products/Debug -emit-localized-strings -emit-localized-strings-path /tmp/fst-patch3-verify-isolated-20261002-1627-derived/Build/Intermediates.noindex/FishSockTransfer.build/Debug/FishSockTransfer.build/Objects-normal/arm64 -c -j10 -enable-batch-mode -incremental -Xcc -ivfsstatcache -Xcc /tmp/fst-patch3-verify-isolated-20261002-1627-derived/SDKStatCaches.noindex/macosx26.2-25C58-00fa09913b459cbbc988d1f6730289ae.sdkstatcache -output-file-map /tmp/fst-patch3-verify-isolated-20261002-1627-derived/Build/Intermediates.noindex/FishSockTransfer.build/Debug/FishSockTransfer.build/Objects-normal/arm64/FishSockTransfer-OutputFileMap.json -use-frontend-parseable-output -save-temps -no-color-diagnostics -explicit-module-build -module-cache-path /tmp/fst-patch3-verify-isolated-20261002-1627-derived/Build/Intermediates.noindex/SwiftExplicitPrecompiledModules -clang-scanner-module-cache-path /tmp/fst-patch3-verify-isolated-20261002-1627-derived/ModuleCache.noindex -sdk-module-cache-path /tmp/fst-patch3-verify-isolated-20261002-1627-derived/ModuleCache.noindex -serialize-diagnostics -emit-dependencies -emit-module -emit-module-path /tmp/fst-patch3-verify-isolated-20261002-1627-derived/Build/Intermediates.noindex/FishSockTransfer.build/Debug/FishSockTransfer.build/Objects-normal/arm64/FishSockTransfer.swiftmodule -validate-clang-modules-once -clang-build-session-file /tmp/fst-patch3-verify-isolated-20261002-1627-derived/ModuleCache.noindex/Session.modulevalidation -Xcc -I/tmp/fst-patch3-verify-isolated-20261002-1627-derived/Build/Intermediates.noindex/FishSockTransfer.build/Debug/FishSockTransfer.build/swift-overrides.hmap -emit-const-values -Xfrontend -const-gather-protocols-file -Xfrontend /tmp/fst-patch3-verify-isolated-20261002-1627-derived/Build/Intermediates.noindex/FishSockTransfer.build/Debug/FishSockTransfer.build/Objects-normal/arm64/FishSockTransfer_const_extract_protocols.json -Xcc -iquote -Xcc /tmp/fst-patch3-verify-isolated-20261002-1627-derived/Build/Intermediates.noindex/FishSockTransfer.build/Debug/FishSockTransfer.build/FishSockTransfer-generated-files.hmap -Xcc -I/tmp/fst-patch3-verify-isolated-20261002-1627-derived/Build/Intermediates.noindex/FishSockTransfer.build/Debug/FishSockTransfer.build/FishSockTransfer-own-target-headers.hmap -Xcc -I/tmp/fst-patch3-verify-isolated-20261002-1627-derived/Build/Intermediates.noindex/FishSockTransfer.build/Debug/FishSockTransfer.build/FishSockTransfer-all-target-headers.hmap -Xcc -iquote -Xcc /tmp/fst-patch3-verify-isolated-20261002-1627-derived/Build/Intermediates.noindex/FishSockTransfer.build/Debug/FishSockTransfer.build/FishSockTransfer-project-headers.hmap -Xcc -I/tmp/fst-patch3-verify-isolated-20261002-1627-derived/Build/Products/Debug/include -Xcc -I/tmp/fst-patch3-verify-isolated-20261002-1627-derived/Build/Intermediates.noindex/FishSockTransfer.build/Debug/FishSockTransfer.build/DerivedSources-normal/arm64 -Xcc -I/tmp/fst-patch3-verify-isolated-20261002-1627-derived/Build/Intermediates.noindex/FishSockTransfer.build/Debug/FishSockTransfer.build/DerivedSources/arm64 -Xcc -I/tmp/fst-patch3-verify-isolated-20261002-1627-derived/Build/Intermediates.noindex/FishSockTransfer.build/Debug/FishSockTransfer.build/DerivedSources -Xcc -DDEBUG\=1 -emit-objc-header -emit-objc-header-path /tmp/fst-patch3-verify-isolated-20261002-1627-derived/Build/Intermediates.noindex/FishSockTransfer.build/Debug/FishSockTransfer.build/Objects-normal/arm64/FishSockTransfer-Swift.h -working-directory /Users/cenvu/DEV/FST_V2/FishSockTransfer -experimental-emit-module-separately -disable-cmo

Ld /tmp/fst-patch3-verify-isolated-20261002-1627-derived/Build/Products/Debug/FishSockTransfer.app/Contents/MacOS/FishSockTransfer.debug.dylib normal (in target 'FishSockTransfer' from project 'FishSockTransfer')
    cd /Users/cenvu/DEV/FST_V2/FishSockTransfer
    /Applications/Xcode.app/Contents/Developer/Toolchains/XcodeDefault.xctoolchain/usr/bin/clang -Xlinker -reproducible -target arm64-apple-macos13.5 -dynamiclib -isysroot /Applications/Xcode.app/Contents/Developer/Platforms/MacOSX.platform/Developer/SDKs/MacOSX26.2.sdk -O0 -L/tmp/fst-patch3-verify-isolated-20261002-1627-derived/Build/Intermediates.noindex/EagerLinkingTBDs/Debug -L/tmp/fst-patch3-verify-isolated-20261002-1627-derived/Build/Products/Debug -L/Users/cenvu/DEV/FST_V2/FishSockTransfer/FishSockTransfer -F/tmp/fst-patch3-verify-isolated-20261002-1627-derived/Build/Intermediates.noindex/EagerLinkingTBDs/Debug -F/tmp/fst-patch3-verify-isolated-20261002-1627-derived/Build/Products/Debug -filelist /tmp/fst-patch3-verify-isolated-20261002-1627-derived/Build/Intermediates.noindex/FishSockTransfer.build/Debug/FishSockTransfer.build/Objects-normal/arm64/FishSockTransfer.LinkFileList -install_name @rpath/FishSockTransfer.debug.dylib -Xlinker -rpath -Xlinker /usr/lib/swift -Xlinker -rpath -Xlinker @executable_path/../Frameworks -Xlinker -object_path_lto -Xlinker /tmp/fst-patch3-verify-isolated-20261002-1627-derived/Build/Intermediates.noindex/FishSockTransfer.build/Debug/FishSockTransfer.build/Objects-normal/arm64/FishSockTransfer_lto.o -rdynamic -Xlinker -no_deduplicate -Xlinker -debug_variant -Xlinker -dependency_info -Xlinker /tmp/fst-patch3-verify-isolated-20261002-1627-derived/Build/Intermediates.noindex/FishSockTransfer.build/Debug/FishSockTransfer.build/Objects-normal/arm64/FishSockTransfer_dependency_info.dat -fobjc-link-runtime -fprofile-instr-generate -L/Applications/Xcode.app/Contents/Developer/Toolchains/XcodeDefault.xctoolchain/usr/lib/swift/macosx -L/usr/lib/swift -Xlinker -add_ast_path -Xlinker /tmp/fst-patch3-verify-isolated-20261002-1627-derived/Build/Intermediates.noindex/FishSockTransfer.build/Debug/FishSockTransfer.build/Objects-normal/arm64/FishSockTransfer.swiftmodule @/tmp/fst-patch3-verify-isolated-20261002-1627-derived/Build/Intermediates.noindex/FishSockTransfer.build/Debug/FishSockTransfer.build/Objects-normal/arm64/FishSockTransfer-linker-args.resp -Xlinker -alias -Xlinker _main -Xlinker ___debug_main_executable_dylib_entry_point -Xlinker -no_adhoc_codesign -o /tmp/fst-patch3-verify-isolated-20261002-1627-derived/Build/Products/Debug/FishSockTransfer.app/Contents/MacOS/FishSockTransfer.debug.dylib

SwiftDriverJobDiscovery normal arm64 Compiling StorageMetadata.swift, VerificationRequest.swift, VerificationEvent.swift, VerifyEngine.swift (in target 'FishSockTransferTests' from project 'FishSockTransfer')

ConstructStubExecutorLinkFileList /tmp/fst-patch3-verify-isolated-20261002-1627-derived/Build/Intermediates.noindex/FishSockTransfer.build/Debug/FishSockTransfer.build/FishSockTransfer-ExecutorLinkFileList-normal-arm64.txt (in target 'FishSockTransfer' from project 'FishSockTransfer')
    cd /Users/cenvu/DEV/FST_V2/FishSockTransfer
    construct-stub-executor-link-file-list /tmp/fst-patch3-verify-isolated-20261002-1627-derived/Build/Products/Debug/FishSockTransfer.app/Contents/MacOS/FishSockTransfer.debug.dylib /Applications/Xcode.app/Contents/Developer/Platforms/MacOSX.platform/Developer/usr/lib/libPreviewsJITStubExecutor_no_swift_entry_point.a /Applications/Xcode.app/Contents/Developer/Platforms/MacOSX.platform/Developer/usr/lib/libPreviewsJITStubExecutor.a --output /tmp/fst-patch3-verify-isolated-20261002-1627-derived/Build/Intermediates.noindex/FishSockTransfer.build/Debug/FishSockTransfer.build/FishSockTransfer-ExecutorLinkFileList-normal-arm64.txt
note: Using stub executor library with Swift entry point. (in target 'FishSockTransfer' from project 'FishSockTransfer')

Ld /tmp/fst-patch3-verify-isolated-20261002-1627-derived/Build/Products/Debug/FishSockTransfer.app/Contents/MacOS/FishSockTransfer normal (in target 'FishSockTransfer' from project 'FishSockTransfer')
    cd /Users/cenvu/DEV/FST_V2/FishSockTransfer
    /Applications/Xcode.app/Contents/Developer/Toolchains/XcodeDefault.xctoolchain/usr/bin/clang -Xlinker -reproducible -target arm64-apple-macos13.5 -isysroot /Applications/Xcode.app/Contents/Developer/Platforms/MacOSX.platform/Developer/SDKs/MacOSX26.2.sdk -O0 -L/tmp/fst-patch3-verify-isolated-20261002-1627-derived/Build/Products/Debug -L/Users/cenvu/DEV/FST_V2/FishSockTransfer/FishSockTransfer -F/tmp/fst-patch3-verify-isolated-20261002-1627-derived/Build/Products/Debug -Xlinker -rpath -Xlinker @executable_path -Xlinker -rpath -Xlinker @executable_path/../Frameworks -rdynamic -Xlinker -no_deduplicate -Xlinker -debug_variant -e ___debug_blank_executor_main -Xlinker -sectcreate -Xlinker __TEXT -Xlinker __debug_dylib -Xlinker /tmp/fst-patch3-verify-isolated-20261002-1627-derived/Build/Intermediates.noindex/FishSockTransfer.build/Debug/FishSockTransfer.build/FishSockTransfer-DebugDylibPath-normal-arm64.txt -Xlinker -sectcreate -Xlinker __TEXT -Xlinker __debug_instlnm -Xlinker /tmp/fst-patch3-verify-isolated-20261002-1627-derived/Build/Intermediates.noindex/FishSockTransfer.build/Debug/FishSockTransfer.build/FishSockTransfer-DebugDylibInstallName-normal-arm64.txt -Xlinker -filelist -Xlinker /tmp/fst-patch3-verify-isolated-20261002-1627-derived/Build/Intermediates.noindex/FishSockTransfer.build/Debug/FishSockTransfer.build/FishSockTransfer-ExecutorLinkFileList-normal-arm64.txt /tmp/fst-patch3-verify-isolated-20261002-1627-derived/Build/Products/Debug/FishSockTransfer.app/Contents/MacOS/FishSockTransfer.debug.dylib -Xlinker -no_adhoc_codesign -o /tmp/fst-patch3-verify-isolated-20261002-1627-derived/Build/Products/Debug/FishSockTransfer.app/Contents/MacOS/FishSockTransfer

PhaseScriptExecution Copy\ Bundled\ Rsync\ Dylibs /tmp/fst-patch3-verify-isolated-20261002-1627-derived/Build/Intermediates.noindex/FishSockTransfer.build/Debug/FishSockTransfer.build/Script-7D9475CD2FDF280000F41AE2.sh (in target 'FishSockTransfer' from project 'FishSockTransfer')
    cd /Users/cenvu/DEV/FST_V2/FishSockTransfer
    export ACTION\=build
    export AD_HOC_CODE_SIGNING_ALLOWED\=YES
    export AGGREGATE_TRACKED_DOMAINS\=YES
    export ALLOW_BUILD_REQUEST_OVERRIDES\=NO
    export ALLOW_TARGET_PLATFORM_SPECIALIZATION\=NO
    export ALTERNATE_GROUP\=staff
    export ALTERNATE_MODE\=u+w,go-w,a+rX
    export ALTERNATE_OWNER\=cenvu
    export ALTERNATIVE_DISTRIBUTION_WEB\=NO
    export ALWAYS_EMBED_SWIFT_STANDARD_LIBRARIES\=NO
    export ALWAYS_SEARCH_USER_PATHS\=NO
    export ALWAYS_USE_SEPARATE_HEADERMAPS\=NO
    export APPLICATION_EXTENSION_API_ONLY\=NO
    export APPLY_RULES_IN_COPY_FILES\=NO
    export APPLY_RULES_IN_COPY_HEADERS\=NO
    export APP_SHORTCUTS_ENABLE_FLEXIBLE_MATCHING\=YES
    export ARCHS\=arm64
    export ARCHS_STANDARD\=arm64\ x86_64
    export ARCHS_STANDARD_32_64_BIT\=arm64\ x86_64\ i386
    export ARCHS_STANDARD_32_BIT\=i386
    export ARCHS_STANDARD_64_BIT\=arm64\ x86_64
    export ARCHS_STANDARD_INCLUDING_64_BIT\=arm64\ x86_64
    export ASSETCATALOG_COMPILER_APPICON_NAME\=AppIcon
    export ASSETCATALOG_COMPILER_GENERATE_SWIFT_ASSET_SYMBOL_EXTENSIONS\=YES
    export ASSETCATALOG_COMPILER_GLOBAL_ACCENT_COLOR_NAME\=AccentColor
    export AUTOMATICALLY_MERGE_DEPENDENCIES\=NO
    export AUTOMATION_APPLE_EVENTS\=NO
    export AVAILABLE_PLATFORMS\=android\ appletvos\ appletvsimulator\ driverkit\ iphoneos\ iphonesimulator\ macosx\ qnx\ watchos\ watchsimulator\ webassembly\ xros\ xrsimulator
    export BUILD_ACTIVE_RESOURCES_ONLY\=NO
    export BUILD_COMPONENTS\=headers\ build
    export BUILD_DIR\=/tmp/fst-patch3-verify-isolated-20261002-1627-derived/Build/Products
    export BUILD_LIBRARY_FOR_DISTRIBUTION\=NO
    export BUILD_ROOT\=/tmp/fst-patch3-verify-isolated-20261002-1627-derived/Build/Products
    export BUILD_STYLE\=
    export BUILD_VARIANTS\=normal
    export BUILT_PRODUCTS_DIR\=/tmp/fst-patch3-verify-isolated-20261002-1627-derived/Build/Products/Debug
    export BUNDLE_CONTENTS_FOLDER_PATH\=Contents/
    export BUNDLE_CONTENTS_FOLDER_PATH_deep\=Contents/
    export BUNDLE_EXECUTABLE_FOLDER_NAME_deep\=MacOS
    export BUNDLE_EXECUTABLE_FOLDER_PATH\=Contents/MacOS
    export BUNDLE_EXTENSIONS_FOLDER_PATH\=Contents/Extensions
    export BUNDLE_FORMAT\=deep
    export BUNDLE_FRAMEWORKS_FOLDER_PATH\=Contents/Frameworks
    export BUNDLE_PLUGINS_FOLDER_PATH\=Contents/PlugIns
    export BUNDLE_PRIVATE_HEADERS_FOLDER_PATH\=Contents/PrivateHeaders
    export BUNDLE_PUBLIC_HEADERS_FOLDER_PATH\=Contents/Headers
    export CACHE_ROOT\=/var/folders/89/bwjml4px7bd8_gc4y493myh80000gn/C/com.apple.DeveloperTools/26.3-17C529/Xcode
    export CCHROOT\=/var/folders/89/bwjml4px7bd8_gc4y493myh80000gn/C/com.apple.DeveloperTools/26.3-17C529/Xcode
    export CHMOD\=/bin/chmod
    export CHOWN\=/usr/sbin/chown
    export CLANG_ANALYZER_NONNULL\=YES
    export CLANG_ANALYZER_NUMBER_OBJECT_CONVERSION\=YES_AGGRESSIVE
    export CLANG_CACHE_FINE_GRAINED_OUTPUTS\=YES
    export CLANG_COVERAGE_MAPPING\=YES
    export CLANG_CXX_LANGUAGE_STANDARD\=gnu++20
    export CLANG_ENABLE_EXPLICIT_MODULES\=YES
    export CLANG_ENABLE_MODULES\=YES
    export CLANG_ENABLE_OBJC_ARC\=YES
    export CLANG_ENABLE_OBJC_WEAK\=YES
    export CLANG_MODULES_BUILD_SESSION_FILE\=/tmp/fst-patch3-verify-isolated-20261002-1627-derived/ModuleCache.noindex/Session.modulevalidation
    export CLANG_PROFILE_DATA_DIRECTORY\=/tmp/fst-patch3-verify-isolated-20261002-1627-derived/Build/ProfileData
    export CLANG_WARN_BLOCK_CAPTURE_AUTORELEASING\=YES
    export CLANG_WARN_BOOL_CONVERSION\=YES
    export CLANG_WARN_COMMA\=YES
    export CLANG_WARN_CONSTANT_CONVERSION\=YES
    export CLANG_WARN_DEPRECATED_OBJC_IMPLEMENTATIONS\=YES
    export CLANG_WARN_DIRECT_OBJC_ISA_USAGE\=YES_ERROR
    export CLANG_WARN_DOCUMENTATION_COMMENTS\=YES
    export CLANG_WARN_EMPTY_BODY\=YES
    export CLANG_WARN_ENUM_CONVERSION\=YES
    export CLANG_WARN_INFINITE_RECURSION\=YES
    export CLANG_WARN_INT_CONVERSION\=YES
    export CLANG_WARN_NON_LITERAL_NULL_CONVERSION\=YES
    export CLANG_WARN_OBJC_IMPLICIT_RETAIN_SELF\=YES
    export CLANG_WARN_OBJC_LITERAL_CONVERSION\=YES
    export CLANG_WARN_OBJC_ROOT_CLASS\=YES_ERROR
    export CLANG_WARN_QUOTED_INCLUDE_IN_FRAMEWORK_HEADER\=YES
    export CLANG_WARN_RANGE_LOOP_ANALYSIS\=YES
    export CLANG_WARN_STRICT_PROTOTYPES\=YES
    export CLANG_WARN_SUSPICIOUS_MOVE\=YES
    export CLANG_WARN_UNGUARDED_AVAILABILITY\=YES_AGGRESSIVE
    export CLANG_WARN_UNREACHABLE_CODE\=YES
    export CLANG_WARN__DUPLICATE_METHOD_MATCH\=YES
    export CLASS_FILE_DIR\=/tmp/fst-patch3-verify-isolated-20261002-1627-derived/Build/Intermediates.noindex/FishSockTransfer.build/Debug/FishSockTransfer.build/JavaClasses
    export CLEAN_PRECOMPS\=YES
    export CLONE_HEADERS\=NO
    export CODESIGNING_FOLDER_PATH\=/tmp/fst-patch3-verify-isolated-20261002-1627-derived/Build/Products/Debug/FishSockTransfer.app
    export CODE_SIGNING_ALLOWED\=YES
    export CODE_SIGNING_REQUIRED\=YES
    export CODE_SIGN_ENTITLEMENTS\=FishSockTransfer/FishSockTransfer.entitlements
    export CODE_SIGN_IDENTITY\=-
    export CODE_SIGN_IDENTITY_NO\=Apple\ Development
    export CODE_SIGN_IDENTITY_YES\=-
    export CODE_SIGN_INJECT_BASE_ENTITLEMENTS\=YES
    export CODE_SIGN_STYLE\=Automatic
    export COLOR_DIAGNOSTICS\=NO
    export COMBINE_HIDPI_IMAGES\=YES
    export COMPILATION_CACHE_CAS_PATH\=/tmp/fst-patch3-verify-isolated-20261002-1627-derived/CompilationCache.noindex
    export COMPILATION_CACHE_KEEP_CAS_DIRECTORY\=YES
    export COMPILER_INDEX_STORE_ENABLE\=Default
    export COMPOSITE_SDK_DIRS\=/tmp/fst-patch3-verify-isolated-20261002-1627-derived/Build/Intermediates.noindex/CompositeSDKs
    export COMPRESS_PNG_FILES\=NO
    export CONFIGURATION\=Debug
    export CONFIGURATION_BUILD_DIR\=/tmp/fst-patch3-verify-isolated-20261002-1627-derived/Build/Products/Debug
    export CONFIGURATION_TEMP_DIR\=/tmp/fst-patch3-verify-isolated-20261002-1627-derived/Build/Intermediates.noindex/FishSockTransfer.build/Debug
    export CONTENTS_FOLDER_PATH\=FishSockTransfer.app/Contents
    export CONTENTS_FOLDER_PATH_SHALLOW_BUNDLE_NO\=FishSockTransfer.app/Contents
    export CONTENTS_FOLDER_PATH_SHALLOW_BUNDLE_YES\=FishSockTransfer.app
    export COPYING_PRESERVES_HFS_DATA\=NO
    export COPY_HEADERS_RUN_UNIFDEF\=NO
    export COPY_PHASE_STRIP\=NO
    export CP\=/bin/cp
    export CREATE_INFOPLIST_SECTION_IN_BINARY\=NO
    export CURRENT_ARCH\=undefined_arch
    export CURRENT_PROJECT_VERSION\=20260802
    export CURRENT_VARIANT\=normal
    export DEAD_CODE_STRIPPING\=NO
    export DEBUGGING_SYMBOLS\=YES
    export DEBUG_INFORMATION_FORMAT\=dwarf
    export DEBUG_INFORMATION_VERSION\=compiler-default
    export DEFAULT_COMPILER\=com.apple.compilers.llvm.clang.1_0
    export DEFAULT_DEXT_INSTALL_PATH\=/System/Library/DriverExtensions
    export DEFAULT_KEXT_INSTALL_PATH\=/System/Library/Extensions
    export DEFINES_MODULE\=NO
    export DEPLOYMENT_LOCATION\=NO
    export DEPLOYMENT_POSTPROCESSING\=NO
    export DEPLOYMENT_TARGET_SETTING_NAME\=MACOSX_DEPLOYMENT_TARGET
    export DEPLOYMENT_TARGET_SUGGESTED_VALUES\=10.13\ 10.14\ 10.15\ 11.0\ 11.1\ 11.2\ 11.3\ 11.4\ 11.5\ 12.0\ 12.2\ 12.3\ 12.4\ 13.0\ 13.1\ 13.2\ 13.3\ 13.4\ 13.5\ 14.0\ 14.1\ 14.2\ 14.3\ 14.4\ 14.5\ 14.6\ 15.0\ 15.1\ 15.2\ 15.3\ 15.4\ 15.5\ 15.6\ 26.0\ 26.1\ 26.2
    export DERIVED_FILES_DIR\=/tmp/fst-patch3-verify-isolated-20261002-1627-derived/Build/Intermediates.noindex/FishSockTransfer.build/Debug/FishSockTransfer.build/DerivedSources
    export DERIVED_FILE_DIR\=/tmp/fst-patch3-verify-isolated-20261002-1627-derived/Build/Intermediates.noindex/FishSockTransfer.build/Debug/FishSockTransfer.build/DerivedSources
    export DERIVED_SOURCES_DIR\=/tmp/fst-patch3-verify-isolated-20261002-1627-derived/Build/Intermediates.noindex/FishSockTransfer.build/Debug/FishSockTransfer.build/DerivedSources
    export DEVELOPER_APPLICATIONS_DIR\=/Applications/Xcode.app/Contents/Developer/Applications
    export DEVELOPER_BIN_DIR\=/Applications/Xcode.app/Contents/Developer/usr/bin
    export DEVELOPER_DIR\=/Applications/Xcode.app/Contents/Developer
    export DEVELOPER_FRAMEWORKS_DIR\=/Applications/Xcode.app/Contents/Developer/Library/Frameworks
    export DEVELOPER_FRAMEWORKS_DIR_QUOTED\=/Applications/Xcode.app/Contents/Developer/Library/Frameworks
    export DEVELOPER_LIBRARY_DIR\=/Applications/Xcode.app/Contents/Developer/Library
    export DEVELOPER_SDK_DIR\=/Applications/Xcode.app/Contents/Developer/Platforms/MacOSX.platform/Developer/SDKs
    export DEVELOPER_TOOLS_DIR\=/Applications/Xcode.app/Contents/Developer/Tools
    export DEVELOPER_USR_DIR\=/Applications/Xcode.app/Contents/Developer/usr
    export DEVELOPMENT_LANGUAGE\=en
    export DIAGNOSE_MISSING_TARGET_DEPENDENCIES\=YES
    export DIFF\=/usr/bin/diff
    export DOCUMENTATION_FOLDER_PATH\=FishSockTransfer.app/Contents/Resources/en.lproj/Documentation
    export DONT_GENERATE_INFOPLIST_FILE\=NO
    export DSTROOT\=/tmp/FishSockTransfer.dst
    export DT_TOOLCHAIN_DIR\=/Applications/Xcode.app/Contents/Developer/Toolchains/XcodeDefault.xctoolchain
    export DWARF_DSYM_FILE_NAME\=FishSockTransfer.app.dSYM
    export DWARF_DSYM_FILE_SHOULD_ACCOMPANY_PRODUCT\=NO
    export DWARF_DSYM_FOLDER_PATH\=/tmp/fst-patch3-verify-isolated-20261002-1627-derived/Build/Products/Debug
    export DYNAMIC_LIBRARY_EXTENSION\=dylib
    export EAGER_COMPILATION_ALLOW_SCRIPTS\=YES
    export EAGER_LINKING\=NO
    export EMBEDDED_CONTENT_CONTAINS_SWIFT\=NO
    export EMBEDDED_PROFILE_NAME\=embedded.provisionprofile
    export EMBED_ASSET_PACKS_IN_PRODUCT_BUNDLE\=NO
    export ENABLE_APP_SANDBOX\=YES
    export ENABLE_CODE_COVERAGE\=YES
    export ENABLE_CPLUSPLUS_BOUNDS_SAFE_BUFFERS\=NO
    export ENABLE_C_BOUNDS_SAFETY\=NO
    export ENABLE_DEBUG_DYLIB\=YES
    export ENABLE_DEFAULT_HEADER_SEARCH_PATHS\=YES
    export ENABLE_DEFAULT_SEARCH_PATHS\=YES
    export ENABLE_ENHANCED_SECURITY\=NO
    export ENABLE_HARDENED_RUNTIME\=NO
    export ENABLE_HEADER_DEPENDENCIES\=YES
    export ENABLE_INCOMING_NETWORK_CONNECTIONS\=NO
    export ENABLE_ON_DEMAND_RESOURCES\=NO
    export ENABLE_OUTGOING_NETWORK_CONNECTIONS\=YES
    export ENABLE_POINTER_AUTHENTICATION\=NO
    export ENABLE_PREVIEWS\=NO
    export ENABLE_RESOURCE_ACCESS_AUDIO_INPUT\=NO
    export ENABLE_RESOURCE_ACCESS_BLUETOOTH\=NO
    export ENABLE_RESOURCE_ACCESS_CALENDARS\=NO
    export ENABLE_RESOURCE_ACCESS_CAMERA\=NO
    export ENABLE_RESOURCE_ACCESS_CONTACTS\=NO
    export ENABLE_RESOURCE_ACCESS_LOCATION\=NO
    export ENABLE_RESOURCE_ACCESS_PHOTO_LIBRARY\=NO
    export ENABLE_RESOURCE_ACCESS_PRINTING\=NO
    export ENABLE_RESOURCE_ACCESS_USB\=NO
    export ENABLE_SDK_IMPORTS\=NO
    export ENABLE_SECURITY_COMPILER_WARNINGS\=NO
    export ENABLE_STRICT_OBJC_MSGSEND\=YES
    export ENABLE_TESTABILITY\=YES
    export ENABLE_TESTING_SEARCH_PATHS\=NO
    export ENABLE_USER_SCRIPT_SANDBOXING\=YES
    export ENABLE_USER_SELECTED_FILES\=readwrite
    export ENABLE_XOJIT_PREVIEWS\=YES
    export ENFORCE_VALID_ARCHS\=YES
    export ENTITLEMENTS_ALLOWED\=YES
    export ENTITLEMENTS_DESTINATION\=Signature
    export ENTITLEMENTS_REQUIRED\=NO
    export EXCLUDED_INSTALLSRC_SUBDIRECTORY_PATTERNS\=.DS_Store\ .svn\ .git\ .hg\ CVS
    export EXCLUDED_RECURSIVE_SEARCH_PATH_SUBDIRECTORIES\=\*.nib\ \*.lproj\ \*.framework\ \*.gch\ \*.xcode\*\ \*.xcassets\ \*.icon\ \(\*\)\ .DS_Store\ CVS\ .svn\ .git\ .hg\ \*.pbproj\ \*.pbxproj
    export EXCLUDED_SOURCE_FILE_NAMES\=lib\*.dylib
    export EXECUTABLES_FOLDER_PATH\=FishSockTransfer.app/Contents/Executables
    export EXECUTABLE_BLANK_INJECTION_DYLIB_PATH\=FishSockTransfer.app/Contents/MacOS/__preview.dylib
    export EXECUTABLE_DEBUG_DYLIB_INSTALL_NAME\=@rpath/FishSockTransfer.debug.dylib
    export EXECUTABLE_DEBUG_DYLIB_PATH\=FishSockTransfer.app/Contents/MacOS/FishSockTransfer.debug.dylib
    export EXECUTABLE_FOLDER_PATH\=FishSockTransfer.app/Contents/MacOS
    export EXECUTABLE_FOLDER_PATH_SHALLOW_BUNDLE_NO\=FishSockTransfer.app/Contents/MacOS
    export EXECUTABLE_FOLDER_PATH_SHALLOW_BUNDLE_YES\=FishSockTransfer.app/Contents
    export EXECUTABLE_NAME\=FishSockTransfer
    export EXECUTABLE_PATH\=FishSockTransfer.app/Contents/MacOS/FishSockTransfer
    export EXPANDED_CODE_SIGN_IDENTITY\=-
    export EXPANDED_CODE_SIGN_IDENTITY_NAME\=Sign\ to\ Run\ Locally
    export EXTENSIONS_FOLDER_PATH\=FishSockTransfer.app/Contents/Extensions
    export FILE_LIST\=/tmp/fst-patch3-verify-isolated-20261002-1627-derived/Build/Intermediates.noindex/FishSockTransfer.build/Debug/FishSockTransfer.build/Objects/LinkFileList
    export FIXED_FILES_DIR\=/tmp/fst-patch3-verify-isolated-20261002-1627-derived/Build/Intermediates.noindex/FishSockTransfer.build/Debug/FishSockTransfer.build/FixedFiles
    export FRAMEWORKS_FOLDER_PATH\=FishSockTransfer.app/Contents/Frameworks
    export FRAMEWORK_FLAG_PREFIX\=-framework
    export FRAMEWORK_SEARCH_PATHS\=/tmp/fst-patch3-verify-isolated-20261002-1627-derived/Build/Products/Debug\ 
    export FRAMEWORK_VERSION\=A
    export FULL_PRODUCT_NAME\=FishSockTransfer.app
    export FUSE_BUILD_PHASES\=YES
    export FUSE_BUILD_SCRIPT_PHASES\=NO
    export GCC3_VERSION\=3.3
    export GCC_C_LANGUAGE_STANDARD\=gnu17
    export GCC_DYNAMIC_NO_PIC\=NO
    export GCC_INLINES_ARE_PRIVATE_EXTERN\=YES
    export GCC_NO_COMMON_BLOCKS\=YES
    export GCC_OPTIMIZATION_LEVEL\=0
    export GCC_PFE_FILE_C_DIALECTS\=c\ objective-c\ c++\ objective-c++
    export GCC_PREPROCESSOR_DEFINITIONS\=DEBUG\=1\ 
    export GCC_SYMBOLS_PRIVATE_EXTERN\=NO
    export GCC_TREAT_WARNINGS_AS_ERRORS\=NO
    export GCC_VERSION\=com.apple.compilers.llvm.clang.1_0
    export GCC_VERSION_IDENTIFIER\=com_apple_compilers_llvm_clang_1_0
    export GCC_WARN_64_TO_32_BIT_CONVERSION\=YES
    export GCC_WARN_ABOUT_RETURN_TYPE\=YES_ERROR
    export GCC_WARN_UNDECLARED_SELECTOR\=YES
    export GCC_WARN_UNINITIALIZED_AUTOS\=YES_AGGRESSIVE
    export GCC_WARN_UNUSED_FUNCTION\=YES
    export GCC_WARN_UNUSED_VARIABLE\=YES
    export GENERATED_MODULEMAP_DIR\=/tmp/fst-patch3-verify-isolated-20261002-1627-derived/Build/Intermediates.noindex/GeneratedModuleMaps
    export GENERATE_INFOPLIST_FILE\=YES
    export GENERATE_INTERMEDIATE_TEXT_BASED_STUBS\=YES
    export GENERATE_PKGINFO_FILE\=YES
    export GENERATE_PRELINK_OBJECT_FILE\=NO
    export GENERATE_PROFILING_CODE\=NO
    export GENERATE_TEXT_BASED_STUBS\=NO
    export GID\=20
    export GROUP\=staff
    export HEADERMAP_INCLUDES_FLAT_ENTRIES_FOR_TARGET_BEING_BUILT\=YES
    export HEADERMAP_INCLUDES_FRAMEWORK_ENTRIES_FOR_ALL_PRODUCT_TYPES\=YES
    export HEADERMAP_INCLUDES_FRAMEWORK_ENTRIES_FOR_TARGETS_NOT_BEING_BUILT\=YES
    export HEADERMAP_INCLUDES_NONPUBLIC_NONPRIVATE_HEADERS\=YES
    export HEADERMAP_INCLUDES_PROJECT_HEADERS\=YES
    export HEADERMAP_USES_FRAMEWORK_PREFIX_ENTRIES\=YES
    export HEADERMAP_USES_VFS\=NO
    export HEADER_SEARCH_PATHS\=/tmp/fst-patch3-verify-isolated-20261002-1627-derived/Build/Products/Debug/include\ 
    export HOME\=/Users/cenvu
    export HOST_ARCH\=arm64
    export HOST_PLATFORM\=macosx
    export ICONV\=/usr/bin/iconv
    export IMPLICIT_DEPENDENCY_DOMAIN\=default
    export INFOPLIST_ENABLE_CFBUNDLEICONS_MERGE\=YES
    export INFOPLIST_EXPAND_BUILD_SETTINGS\=YES
    export INFOPLIST_OUTPUT_FORMAT\=same-as-input
    export INFOPLIST_PATH\=FishSockTransfer.app/Contents/Info.plist
    export INFOPLIST_PREPROCESS\=NO
    export INFOSTRINGS_PATH\=FishSockTransfer.app/Contents/Resources/en.lproj/InfoPlist.strings
    export INLINE_PRIVATE_FRAMEWORKS\=NO
    export INSTALLAPI_IGNORE_SKIP_INSTALL\=YES
    export INSTALLHDRS_COPY_PHASE\=NO
    export INSTALLHDRS_SCRIPT_PHASE\=NO
    export INSTALL_DIR\=/tmp/FishSockTransfer.dst/Applications
    export INSTALL_GROUP\=staff
    export INSTALL_MODE_FLAG\=u+w,go-w,a+rX
    export INSTALL_OWNER\=cenvu
    export INSTALL_PATH\=/Applications
    export INSTALL_ROOT\=/tmp/FishSockTransfer.dst
    export IOS_UNZIPPERED_TWIN_PREFIX_PATH\=/System/iOSSupport
    export IS_MACCATALYST\=NO
    export IS_UNOPTIMIZED_BUILD\=YES
    export JAVAC_DEFAULT_FLAGS\=-J-Xms64m\ -J-XX:NewSize\=4M\ -J-Dfile.encoding\=UTF8
    export JAVA_APP_STUB\=/System/Library/Frameworks/JavaVM.framework/Resources/MacOS/JavaApplicationStub
    export JAVA_ARCHIVE_CLASSES\=YES
    export JAVA_ARCHIVE_TYPE\=JAR
    export JAVA_COMPILER\=/usr/bin/javac
    export JAVA_FOLDER_PATH\=FishSockTransfer.app/Contents/Resources/Java
    export JAVA_FRAMEWORK_RESOURCES_DIRS\=Resources
    export JAVA_JAR_FLAGS\=cv
    export JAVA_SOURCE_SUBDIR\=.
    export JAVA_USE_DEPENDENCIES\=YES
    export JAVA_ZIP_FLAGS\=-urg
    export JIKES_DEFAULT_FLAGS\=+E\ +OLDCSO
    export KASAN_CFLAGS_CLASSIC\=-DKASAN\=1\ -DKASAN_CLASSIC\=1\ -fsanitize\=address\ -mllvm\ -asan-globals-live-support\ -mllvm\ -asan-force-dynamic-shadow
    export KASAN_CFLAGS_TBI\=-DKASAN\=1\ -DKASAN_TBI\=1\ -fsanitize\=kernel-hwaddress\ -mllvm\ -hwasan-recover\=0\ -mllvm\ -hwasan-instrument-atomics\=0\ -mllvm\ -hwasan-instrument-stack\=1\ -mllvm\ -hwasan-generate-tags-with-calls\=1\ -mllvm\ -hwasan-instrument-with-calls\=1\ -mllvm\ -hwasan-use-short-granules\=0\ -mllvm\ -hwasan-memory-access-callback-prefix\=__asan_
    export KASAN_DEFAULT_CFLAGS\=-DKASAN\=1\ -DKASAN_CLASSIC\=1\ -fsanitize\=address\ -mllvm\ -asan-globals-live-support\ -mllvm\ -asan-force-dynamic-shadow
    export KEEP_PRIVATE_EXTERNS\=NO
    export LD_DEPENDENCY_INFO_FILE\=/tmp/fst-patch3-verify-isolated-20261002-1627-derived/Build/Intermediates.noindex/FishSockTransfer.build/Debug/FishSockTransfer.build/Objects-normal/undefined_arch/FishSockTransfer_dependency_info.dat
    export LD_EXPORT_SYMBOLS\=YES
    export LD_GENERATE_MAP_FILE\=NO
    export LD_MAP_FILE_PATH\=/tmp/fst-patch3-verify-isolated-20261002-1627-derived/Build/Intermediates.noindex/FishSockTransfer.build/Debug/FishSockTransfer.build/FishSockTransfer-LinkMap-normal-undefined_arch.txt
    export LD_NO_PIE\=NO
    export LD_QUOTE_LINKER_ARGUMENTS_FOR_COMPILER_DRIVER\=YES
    export LD_RUNPATH_SEARCH_PATHS\=\ @executable_path/../Frameworks
    export LD_RUNPATH_SEARCH_PATHS_YES\=@loader_path/../Frameworks
    export LD_SHARED_CACHE_ELIGIBLE\=Automatic
    export LD_WARN_DUPLICATE_LIBRARIES\=NO
    export LD_WARN_UNUSED_DYLIBS\=NO
    export LEGACY_DEVELOPER_DIR\=/Applications/Xcode.app/Contents/PlugIns/Xcode3Core.ideplugin/Contents/SharedSupport/Developer
    export LEX\=lex
    export LIBRARY_DEXT_INSTALL_PATH\=/Library/DriverExtensions
    export LIBRARY_FLAG_NOSPACE\=YES
    export LIBRARY_FLAG_PREFIX\=-l
    export LIBRARY_KEXT_INSTALL_PATH\=/Library/Extensions
    export LIBRARY_SEARCH_PATHS\=/tmp/fst-patch3-verify-isolated-20261002-1627-derived/Build/Products/Debug\ \ /Users/cenvu/DEV/FST_V2/FishSockTransfer/FishSockTransfer
    export LINKER_DISPLAYS_MANGLED_NAMES\=NO
    export LINK_FILE_LIST_normal_arm64\=/tmp/fst-patch3-verify-isolated-20261002-1627-derived/Build/Intermediates.noindex/FishSockTransfer.build/Debug/FishSockTransfer.build/Objects-normal/arm64/FishSockTransfer.LinkFileList
    export LINK_OBJC_RUNTIME\=YES
    export LINK_WITH_STANDARD_LIBRARIES\=YES
    export LLVM_TARGET_TRIPLE_OS_VERSION\=macos13.5
    export LLVM_TARGET_TRIPLE_OS_VERSION_NO\=macos13.5
    export LLVM_TARGET_TRIPLE_OS_VERSION_YES\=macos26.2
    export LLVM_TARGET_TRIPLE_VENDOR\=apple
    export LM_AUX_CONST_METADATA_LIST_PATH_normal_arm64\=/tmp/fst-patch3-verify-isolated-20261002-1627-derived/Build/Intermediates.noindex/FishSockTransfer.build/Debug/FishSockTransfer.build/Objects-normal/arm64/FishSockTransfer.SwiftConstValuesFileList
    export LOCALIZATION_EXPORT_SUPPORTED\=YES
    export LOCALIZATION_PREFERS_STRING_CATALOGS\=YES
    export LOCALIZED_RESOURCES_FOLDER_PATH\=FishSockTransfer.app/Contents/Resources/en.lproj
    export LOCALIZED_STRING_MACRO_NAMES\=NSLocalizedString\ CFCopyLocalizedString
    export LOCALIZED_STRING_SWIFTUI_SUPPORT\=YES
    export LOCAL_ADMIN_APPS_DIR\=/Applications/Utilities
    export LOCAL_APPS_DIR\=/Applications
    export LOCAL_DEVELOPER_DIR\=/Library/Developer
    export LOCAL_LIBRARY_DIR\=/Library
    export LOCROOT\=/Users/cenvu/DEV/FST_V2/FishSockTransfer
    export LOCSYMROOT\=/Users/cenvu/DEV/FST_V2/FishSockTransfer
    export MACH_O_TYPE\=mh_execute
    export MACOSX_DEPLOYMENT_TARGET\=13.5
    export MAC_OS_X_PRODUCT_BUILD_VERSION\=24G720
    export MAC_OS_X_VERSION_ACTUAL\=150707
    export MAC_OS_X_VERSION_MAJOR\=150000
    export MAC_OS_X_VERSION_MINOR\=150700
    export MAKE_MERGEABLE\=NO
    export MARKETING_VERSION\=1.3.5
    export MERGEABLE_LIBRARY\=NO
    export MERGED_BINARY_TYPE\=none
    export MERGE_LINKED_LIBRARIES\=NO
    export METAL_LIBRARY_FILE_BASE\=default
    export METAL_LIBRARY_OUTPUT_DIR\=/tmp/fst-patch3-verify-isolated-20261002-1627-derived/Build/Products/Debug/FishSockTransfer.app/Contents/Resources
    export MODULES_FOLDER_PATH\=FishSockTransfer.app/Contents/Modules
    export MODULE_CACHE_DIR\=/tmp/fst-patch3-verify-isolated-20261002-1627-derived/ModuleCache.noindex
    export MTL_ENABLE_DEBUG_INFO\=INCLUDE_SOURCE
    export MTL_FAST_MATH\=YES
    export NATIVE_ARCH\=arm64
    export NATIVE_ARCH_32_BIT\=arm
    export NATIVE_ARCH_64_BIT\=arm64
    export NATIVE_ARCH_ACTUAL\=arm64
    export NO_COMMON\=YES
    export OBJECT_FILE_DIR\=/tmp/fst-patch3-verify-isolated-20261002-1627-derived/Build/Intermediates.noindex/FishSockTransfer.build/Debug/FishSockTransfer.build/Objects
    export OBJECT_FILE_DIR_normal\=/tmp/fst-patch3-verify-isolated-20261002-1627-derived/Build/Intermediates.noindex/FishSockTransfer.build/Debug/FishSockTransfer.build/Objects-normal
    export OBJROOT\=/tmp/fst-patch3-verify-isolated-20261002-1627-derived/Build/Intermediates.noindex
    export ONLY_ACTIVE_ARCH\=YES
    export OS\=MACOS
    export OSAC\=/usr/bin/osacompile
    export PACKAGE_TYPE\=com.apple.package-type.wrapper.application
    export PASCAL_STRINGS\=YES
    export PATH\=/Applications/Xcode.app/Contents/SharedFrameworks/SwiftBuild.framework/Versions/A/PlugIns/SWBBuildService.bundle/Contents/PlugIns/SWBUniversalPlatformPlugin.bundle/Contents/Frameworks/SWBUniversalPlatform.framework/Resources:/Applications/Xcode.app/Contents/Developer/Toolchains/XcodeDefault.xctoolchain/usr/bin:/Applications/Xcode.app/Contents/Developer/Toolchains/XcodeDefault.xctoolchain/usr/local/bin:/Applications/Xcode.app/Contents/Developer/Toolchains/XcodeDefault.xctoolchain/usr/libexec:/Applications/Xcode.app/Contents/Developer/Platforms/MacOSX.platform/usr/bin:/Applications/Xcode.app/Contents/Developer/Platforms/MacOSX.platform/usr/local/bin:/Applications/Xcode.app/Contents/Developer/Platforms/MacOSX.platform/Developer/usr/bin:/Applications/Xcode.app/Contents/Developer/Platforms/MacOSX.platform/Developer/usr/local/bin:/Applications/Xcode.app/Contents/Developer/usr/bin:/Applications/Xcode.app/Contents/Developer/usr/local/bin:/Users/cenvu/.codex/packages/standalone/releases/0.159.3-aarch64-apple-darwin/codex-path:/Users/cenvu/.bun/bin:/Users/cenvu/.nvm/versions/node/v22.23.2/bin:/Users/cenvu/.grok/bin:/Users/cenvu/.antigravity-ide/antigravity-ide/bin:/Users/cenvu/.local/bin:/opt/homebrew/bin:/opt/homebrew/sbin:/Library/Frameworks/Python.framework/Versions/3.13/bin:/usr/local/bin:/System/Cryptexes/App/usr/bin:/usr/bin:/bin:/usr/sbin:/sbin:/var/run/com.apple.security.cryptexd/codex.system/bootstrap/usr/local/bin:/var/run/com.apple.security.cryptexd/codex.system/bootstrap/usr/bin:/var/run/com.apple.security.cryptexd/codex.system/bootstrap/usr/appleinternal/bin://Applications/Topaz\ Gigapixel\ AI.app/Contents/Resources/bin://Applications/Topaz\ Photo\ AI.app/Contents/Resources/bin:/Library/Apple/usr/bin:/Applications/Little\ Snitch.app/Contents/Components:/Users/cenvu/.antigravity_cockpit/instances/codex/cli-69dff02cc1f2/tmp/arg0/codex-arg069f8mT:/Users/cenvu/.cargo/bin:/Applications/Ghostty.app/Contents/MacOS:/Users/cenvu/.lmstudio/bin:/opt/homebrew/opt/fzf/bin:/Users/cenvu/.opencode/bin
    export PATH_PREFIXES_EXCLUDED_FROM_HEADER_DEPENDENCIES\=/usr/include\ /usr/local/include\ /System/Library/Frameworks\ /System/Library/PrivateFrameworks\ /Applications/Xcode.app/Contents/Developer/Headers\ /Applications/Xcode.app/Contents/Developer/SDKs\ /Applications/Xcode.app/Contents/Developer/Platforms
    export PBDEVELOPMENTPLIST_PATH\=FishSockTransfer.app/Contents/pbdevelopment.plist
    export PER_ARCH_MODULE_FILE_DIR\=/tmp/fst-patch3-verify-isolated-20261002-1627-derived/Build/Intermediates.noindex/FishSockTransfer.build/Debug/FishSockTransfer.build/Objects-normal/undefined_arch
    export PER_ARCH_OBJECT_FILE_DIR\=/tmp/fst-patch3-verify-isolated-20261002-1627-derived/Build/Intermediates.noindex/FishSockTransfer.build/Debug/FishSockTransfer.build/Objects-normal/undefined_arch
    export PER_VARIANT_OBJECT_FILE_DIR\=/tmp/fst-patch3-verify-isolated-20261002-1627-derived/Build/Intermediates.noindex/FishSockTransfer.build/Debug/FishSockTransfer.build/Objects-normal
    export PKGINFO_FILE_PATH\=/tmp/fst-patch3-verify-isolated-20261002-1627-derived/Build/Intermediates.noindex/FishSockTransfer.build/Debug/FishSockTransfer.build/PkgInfo
    export PKGINFO_PATH\=FishSockTransfer.app/Contents/PkgInfo
    export PLATFORM_DEVELOPER_APPLICATIONS_DIR\=/Applications/Xcode.app/Contents/Developer/Applications
    export PLATFORM_DEVELOPER_BIN_DIR\=/Applications/Xcode.app/Contents/Developer/usr/bin
    export PLATFORM_DEVELOPER_LIBRARY_DIR\=/Applications/Xcode.app/Contents/Developer/Library
    export PLATFORM_DEVELOPER_SDK_DIR\=/Applications/Xcode.app/Contents/Developer/Platforms/MacOSX.platform/Developer/SDKs
    export PLATFORM_DEVELOPER_TOOLS_DIR\=/Applications/Xcode.app/Contents/Developer/Tools
    export PLATFORM_DEVELOPER_USR_DIR\=/Applications/Xcode.app/Contents/Developer/usr
    export PLATFORM_DIR\=/Applications/Xcode.app/Contents/Developer/Platforms/MacOSX.platform
    export PLATFORM_DISPLAY_NAME\=macOS
    export PLATFORM_FAMILY_NAME\=macOS
    export PLATFORM_NAME\=macosx
    export PLATFORM_PREFERRED_ARCH\=x86_64
    export PLATFORM_PRODUCT_BUILD_VERSION\=25C58
    export PLATFORM_REQUIRES_SWIFT_AUTOLINK_EXTRACT\=NO
    export PLATFORM_REQUIRES_SWIFT_MODULEWRAP\=NO
    export PLIST_FILE_OUTPUT_FORMAT\=same-as-input
    export PLUGINS_FOLDER_PATH\=FishSockTransfer.app/Contents/PlugIns
    export PRECOMPS_INCLUDE_HEADERS_FROM_BUILT_PRODUCTS_DIR\=YES
    export PRECOMP_DESTINATION_DIR\=/tmp/fst-patch3-verify-isolated-20261002-1627-derived/Build/Intermediates.noindex/FishSockTransfer.build/Debug/FishSockTransfer.build/PrefixHeaders
    export PRIVATE_HEADERS_FOLDER_PATH\=FishSockTransfer.app/Contents/PrivateHeaders
    export PROCESSED_INFOPLIST_PATH\=/tmp/fst-patch3-verify-isolated-20261002-1627-derived/Build/Intermediates.noindex/FishSockTransfer.build/Debug/FishSockTransfer.build/Objects-normal/undefined_arch/Processed-Info.plist
    export PRODUCT_BUNDLE_IDENTIFIER\=com.cen.FishSockTransfer
    export PRODUCT_BUNDLE_PACKAGE_TYPE\=APPL
    export PRODUCT_MODULE_NAME\=FishSockTransfer
    export PRODUCT_NAME\=FishSockTransfer
    export PRODUCT_SETTINGS_PATH\=
    export PRODUCT_TYPE\=com.apple.product-type.application
    export PROFILING_CODE\=NO
    export PROJECT\=FishSockTransfer
    export PROJECT_DERIVED_FILE_DIR\=/tmp/fst-patch3-verify-isolated-20261002-1627-derived/Build/Intermediates.noindex/FishSockTransfer.build/DerivedSources
    export PROJECT_DIR\=/Users/cenvu/DEV/FST_V2/FishSockTransfer
    export PROJECT_FILE_PATH\=/Users/cenvu/DEV/FST_V2/FishSockTransfer/FishSockTransfer.xcodeproj
    export PROJECT_GUID\=7b781d80cc4a72f320f94452b7409f22
    export PROJECT_NAME\=FishSockTransfer
    export PROJECT_TEMP_DIR\=/tmp/fst-patch3-verify-isolated-20261002-1627-derived/Build/Intermediates.noindex/FishSockTransfer.build
    export PROJECT_TEMP_ROOT\=/tmp/fst-patch3-verify-isolated-20261002-1627-derived/Build/Intermediates.noindex
    export PROVISIONING_PROFILE_REQUIRED\=NO
    export PROVISIONING_PROFILE_REQUIRED_YES_YES\=YES
    export PROVISIONING_PROFILE_SUPPORTED\=YES
    export PUBLIC_HEADERS_FOLDER_PATH\=FishSockTransfer.app/Contents/Headers
    export RECOMMENDED_MACOSX_DEPLOYMENT_TARGET\=11.0
    export RECURSIVE_SEARCH_PATHS_FOLLOW_SYMLINKS\=YES
    export REGISTER_APP_GROUPS\=YES
    export REMOVE_CVS_FROM_RESOURCES\=YES
    export REMOVE_GIT_FROM_RESOURCES\=YES
    export REMOVE_HEADERS_FROM_EMBEDDED_BUNDLES\=YES
    export REMOVE_HG_FROM_RESOURCES\=YES
    export REMOVE_STATIC_EXECUTABLES_FROM_EMBEDDED_BUNDLES\=YES
    export REMOVE_SVN_FROM_RESOURCES\=YES
    export RESCHEDULE_INDEPENDENT_HEADERS_PHASES\=YES
    export REZ_COLLECTOR_DIR\=/tmp/fst-patch3-verify-isolated-20261002-1627-derived/Build/Intermediates.noindex/FishSockTransfer.build/Debug/FishSockTransfer.build/ResourceManagerResources
    export REZ_OBJECTS_DIR\=/tmp/fst-patch3-verify-isolated-20261002-1627-derived/Build/Intermediates.noindex/FishSockTransfer.build/Debug/FishSockTransfer.build/ResourceManagerResources/Objects
    export REZ_SEARCH_PATHS\=/tmp/fst-patch3-verify-isolated-20261002-1627-derived/Build/Products/Debug\ 
    export RUNTIME_EXCEPTION_ALLOW_DYLD_ENVIRONMENT_VARIABLES\=NO
    export RUNTIME_EXCEPTION_ALLOW_JIT\=NO
    export RUNTIME_EXCEPTION_ALLOW_UNSIGNED_EXECUTABLE_MEMORY\=NO
    export RUNTIME_EXCEPTION_DEBUGGING_TOOL\=NO
    export RUNTIME_EXCEPTION_DISABLE_EXECUTABLE_PAGE_PROTECTION\=NO
    export RUNTIME_EXCEPTION_DISABLE_LIBRARY_VALIDATION\=NO
    export SCAN_ALL_SOURCE_FILES_FOR_INCLUDES\=NO
    export SCRIPTS_FOLDER_PATH\=FishSockTransfer.app/Contents/Resources/Scripts
    export SCRIPT_INPUT_FILE_0\=/Users/cenvu/DEV/FST_V2/FishSockTransfer/FishSockTransfer/libpopt.0.dylib
    export SCRIPT_INPUT_FILE_1\=/Users/cenvu/DEV/FST_V2/FishSockTransfer/FishSockTransfer/liblz4.1.dylib
    export SCRIPT_INPUT_FILE_2\=/Users/cenvu/DEV/FST_V2/FishSockTransfer/FishSockTransfer/libzstd.1.dylib
    export SCRIPT_INPUT_FILE_3\=/Users/cenvu/DEV/FST_V2/FishSockTransfer/FishSockTransfer/libxxhash.0.dylib
    export SCRIPT_INPUT_FILE_4\=/Users/cenvu/DEV/FST_V2/FishSockTransfer/FishSockTransfer/libcrypto.3.dylib
    export SCRIPT_INPUT_FILE_COUNT\=5
    export SCRIPT_INPUT_FILE_LIST_COUNT\=0
    export SCRIPT_OUTPUT_FILE_0\=/tmp/fst-patch3-verify-isolated-20261002-1627-derived/Build/Products/Debug/FishSockTransfer.app/Contents/Resources/libpopt.0.dylib
    export SCRIPT_OUTPUT_FILE_1\=/tmp/fst-patch3-verify-isolated-20261002-1627-derived/Build/Products/Debug/FishSockTransfer.app/Contents/Resources/liblz4.1.dylib
    export SCRIPT_OUTPUT_FILE_2\=/tmp/fst-patch3-verify-isolated-20261002-1627-derived/Build/Products/Debug/FishSockTransfer.app/Contents/Resources/libzstd.1.dylib
    export SCRIPT_OUTPUT_FILE_3\=/tmp/fst-patch3-verify-isolated-20261002-1627-derived/Build/Products/Debug/FishSockTransfer.app/Contents/Resources/libxxhash.0.dylib
    export SCRIPT_OUTPUT_FILE_4\=/tmp/fst-patch3-verify-isolated-20261002-1627-derived/Build/Products/Debug/FishSockTransfer.app/Contents/Resources/libcrypto.3.dylib
    export SCRIPT_OUTPUT_FILE_COUNT\=5
    export SCRIPT_OUTPUT_FILE_LIST_COUNT\=0
    export SDKROOT\=/Applications/Xcode.app/Contents/Developer/Platforms/MacOSX.platform/Developer/SDKs/MacOSX26.2.sdk
    export SDK_DIR\=/Applications/Xcode.app/Contents/Developer/Platforms/MacOSX.platform/Developer/SDKs/MacOSX26.2.sdk
    export SDK_DIR_macosx\=/Applications/Xcode.app/Contents/Developer/Platforms/MacOSX.platform/Developer/SDKs/MacOSX26.2.sdk
    export SDK_DIR_macosx26_2\=/Applications/Xcode.app/Contents/Developer/Platforms/MacOSX.platform/Developer/SDKs/MacOSX26.2.sdk
    export SDK_NAME\=macosx26.2
    export SDK_NAMES\=macosx26.2
    export SDK_PRODUCT_BUILD_VERSION\=25C58
    export SDK_STAT_CACHE_DIR\=/tmp/fst-patch3-verify-isolated-20261002-1627-derived
    export SDK_STAT_CACHE_ENABLE\=YES
    export SDK_STAT_CACHE_PATH\=/tmp/fst-patch3-verify-isolated-20261002-1627-derived/SDKStatCaches.noindex/macosx26.2-25C58-00fa09913b459cbbc988d1f6730289ae.sdkstatcache
    export SDK_VERSION\=26.2
    export SDK_VERSION_ACTUAL\=260200
    export SDK_VERSION_MAJOR\=260000
    export SDK_VERSION_MINOR\=260200
    export SED\=/usr/bin/sed
    export SEPARATE_STRIP\=NO
    export SEPARATE_SYMBOL_EDIT\=NO
    export SET_DIR_MODE_OWNER_GROUP\=YES
    export SET_FILE_MODE_OWNER_GROUP\=NO
    export SHALLOW_BUNDLE\=NO
    export SHALLOW_BUNDLE_PLATFORM\=NO
    export SHALLOW_BUNDLE_TRIPLE\=macos
    export SHALLOW_BUNDLE_ios_macabi\=NO
    export SHALLOW_BUNDLE_macos\=NO
    export SHARED_DERIVED_FILE_DIR\=/tmp/fst-patch3-verify-isolated-20261002-1627-derived/Build/Products/Debug/DerivedSources
    export SHARED_FRAMEWORKS_FOLDER_PATH\=FishSockTransfer.app/Contents/SharedFrameworks
    export SHARED_PRECOMPS_DIR\=/tmp/fst-patch3-verify-isolated-20261002-1627-derived/Build/Intermediates.noindex/PrecompiledHeaders
    export SHARED_SUPPORT_FOLDER_PATH\=FishSockTransfer.app/Contents/SharedSupport
    export SKIP_INSTALL\=NO
    export SOURCE_ROOT\=/Users/cenvu/DEV/FST_V2/FishSockTransfer
    export SRCROOT\=/Users/cenvu/DEV/FST_V2/FishSockTransfer
    export STRINGSDATA_DIR\=/tmp/fst-patch3-verify-isolated-20261002-1627-derived/Build/Intermediates.noindex/FishSockTransfer.build/Debug/FishSockTransfer.build/Objects-normal/undefined_arch
    export STRINGSDATA_ROOT\=/tmp/fst-patch3-verify-isolated-20261002-1627-derived/Build/Intermediates.noindex/FishSockTransfer.build/Debug/FishSockTransfer.build
    export STRINGS_FILE_INFOPLIST_RENAME\=YES
    export STRINGS_FILE_OUTPUT_ENCODING\=UTF-16
    export STRING_CATALOG_GENERATE_SYMBOLS\=YES
    export STRIP_BITCODE_FROM_COPIED_FILES\=NO
    export STRIP_INSTALLED_PRODUCT\=NO
    export STRIP_PNG_TEXT\=NO
    export STRIP_STYLE\=all
    export STRIP_SWIFT_SYMBOLS\=YES
    export SUPPORTED_PLATFORMS\=macosx
    export SUPPORTS_MACCATALYST\=NO
    export SUPPORTS_ON_DEMAND_RESOURCES\=NO
    export SUPPORTS_TEXT_BASED_API\=NO
    export SUPPRESS_WARNINGS\=NO
    export SWIFT_ACTIVE_COMPILATION_CONDITIONS\=DEBUG\ 
    export SWIFT_APPROACHABLE_CONCURRENCY\=YES
    export SWIFT_DEFAULT_ACTOR_ISOLATION\=MainActor
    export SWIFT_EMIT_CONST_VALUE_PROTOCOLS\=AppIntent\ EntityQuery\ AppEntity\ TransientEntity\ AppEnum\ AppShortcutProviding\ AppShortcutsProvider\ AnyResolverProviding\ AppIntentsPackage\ DynamicOptionsProvider\ _IntentValueRepresentable\ _AssistantIntentsProvider\ _GenerativeFunctionExtractable\ IntentValueQuery\ Resolver\ AppExtension\ ExtensionPointDefining
    export SWIFT_EMIT_LOC_STRINGS\=YES
    export SWIFT_ENABLE_EXPLICIT_MODULES\=YES
    export SWIFT_OPTIMIZATION_LEVEL\=-Onone
    export SWIFT_PLATFORM_TARGET_PREFIX\=macos
    export SWIFT_RESPONSE_FILE_PATH_normal_arm64\=/tmp/fst-patch3-verify-isolated-20261002-1627-derived/Build/Intermediates.noindex/FishSockTransfer.build/Debug/FishSockTransfer.build/Objects-normal/arm64/FishSockTransfer.SwiftFileList
    export SWIFT_UPCOMING_FEATURE_MEMBER_IMPORT_VISIBILITY\=YES
    export SWIFT_VERSION\=5.0
    export SYMROOT\=/tmp/fst-patch3-verify-isolated-20261002-1627-derived/Build/Products
    export SYSTEM_ADMIN_APPS_DIR\=/Applications/Utilities
    export SYSTEM_APPS_DIR\=/Applications
    export SYSTEM_CORE_SERVICES_DIR\=/System/Library/CoreServices
    export SYSTEM_DEMOS_DIR\=/Applications/Extras
    export SYSTEM_DEVELOPER_APPS_DIR\=/Applications/Xcode.app/Contents/Developer/Applications
    export SYSTEM_DEVELOPER_BIN_DIR\=/Applications/Xcode.app/Contents/Developer/usr/bin
    export SYSTEM_DEVELOPER_DEMOS_DIR\=/Applications/Xcode.app/Contents/Developer/Applications/Utilities/Built\ Examples
    export SYSTEM_DEVELOPER_DIR\=/Applications/Xcode.app/Contents/Developer
    export SYSTEM_DEVELOPER_DOC_DIR\=/Applications/Xcode.app/Contents/Developer/ADC\ Reference\ Library
    export SYSTEM_DEVELOPER_GRAPHICS_TOOLS_DIR\=/Applications/Xcode.app/Contents/Developer/Applications/Graphics\ Tools
    export SYSTEM_DEVELOPER_JAVA_TOOLS_DIR\=/Applications/Xcode.app/Contents/Developer/Applications/Java\ Tools
    export SYSTEM_DEVELOPER_PERFORMANCE_TOOLS_DIR\=/Applications/Xcode.app/Contents/Developer/Applications/Performance\ Tools
    export SYSTEM_DEVELOPER_RELEASENOTES_DIR\=/Applications/Xcode.app/Contents/Developer/ADC\ Reference\ Library/releasenotes
    export SYSTEM_DEVELOPER_TOOLS\=/Applications/Xcode.app/Contents/Developer/Tools
    export SYSTEM_DEVELOPER_TOOLS_DOC_DIR\=/Applications/Xcode.app/Contents/Developer/ADC\ Reference\ Library/documentation/DeveloperTools
    export SYSTEM_DEVELOPER_TOOLS_RELEASENOTES_DIR\=/Applications/Xcode.app/Contents/Developer/ADC\ Reference\ Library/releasenotes/DeveloperTools
    export SYSTEM_DEVELOPER_USR_DIR\=/Applications/Xcode.app/Contents/Developer/usr
    export SYSTEM_DEVELOPER_UTILITIES_DIR\=/Applications/Xcode.app/Contents/Developer/Applications/Utilities
    export SYSTEM_DEXT_INSTALL_PATH\=/System/Library/DriverExtensions
    export SYSTEM_DOCUMENTATION_DIR\=/Library/Documentation
    export SYSTEM_EXTENSIONS_FOLDER_PATH\=FishSockTransfer.app/Contents/Library/SystemExtensions
    export SYSTEM_EXTENSIONS_FOLDER_PATH_SHALLOW_BUNDLE_NO\=FishSockTransfer.app/Contents/Library/SystemExtensions
    export SYSTEM_EXTENSIONS_FOLDER_PATH_SHALLOW_BUNDLE_YES\=FishSockTransfer.app/Contents/SystemExtensions
    export SYSTEM_KEXT_INSTALL_PATH\=/System/Library/Extensions
    export SYSTEM_LIBRARY_DIR\=/System/Library
    export TAPI_DEMANGLE\=YES
    export TAPI_ENABLE_PROJECT_HEADERS\=NO
    export TAPI_LANGUAGE\=objective-c
    export TAPI_LANGUAGE_STANDARD\=compiler-default
    export TAPI_USE_SRCROOT\=YES
    export TAPI_VERIFY_MODE\=Pedantic
    export TARGETNAME\=FishSockTransfer
    export TARGET_BUILD_DIR\=/tmp/fst-patch3-verify-isolated-20261002-1627-derived/Build/Products/Debug
    export TARGET_NAME\=FishSockTransfer
    export TARGET_TEMP_DIR\=/tmp/fst-patch3-verify-isolated-20261002-1627-derived/Build/Intermediates.noindex/FishSockTransfer.build/Debug/FishSockTransfer.build
    export TEMP_DIR\=/tmp/fst-patch3-verify-isolated-20261002-1627-derived/Build/Intermediates.noindex/FishSockTransfer.build/Debug/FishSockTransfer.build
    export TEMP_FILES_DIR\=/tmp/fst-patch3-verify-isolated-20261002-1627-derived/Build/Intermediates.noindex/FishSockTransfer.build/Debug/FishSockTransfer.build
    export TEMP_FILE_DIR\=/tmp/fst-patch3-verify-isolated-20261002-1627-derived/Build/Intermediates.noindex/FishSockTransfer.build/Debug/FishSockTransfer.build
    export TEMP_ROOT\=/tmp/fst-patch3-verify-isolated-20261002-1627-derived/Build/Intermediates.noindex
    export TEMP_SANDBOX_DIR\=/tmp/fst-patch3-verify-isolated-20261002-1627-derived/Build/Intermediates.noindex/TemporaryTaskSandboxes
    export TEST_FRAMEWORK_SEARCH_PATHS\=\ /Applications/Xcode.app/Contents/Developer/Platforms/MacOSX.platform/Developer/Library/Frameworks
    export TEST_LIBRARY_SEARCH_PATHS\=\ /Applications/Xcode.app/Contents/Developer/Platforms/MacOSX.platform/Developer/usr/lib
    export TOOLCHAINS\=com.apple.dt.toolchain.XcodeDefault
    export TOOLCHAIN_DIR\=/Applications/Xcode.app/Contents/Developer/Toolchains/XcodeDefault.xctoolchain
    export TREAT_MISSING_BASELINES_AS_TEST_FAILURES\=NO
    export TREAT_MISSING_SCRIPT_PHASE_OUTPUTS_AS_ERRORS\=NO
    export UID\=501
    export UNINSTALLED_PRODUCTS_DIR\=/tmp/fst-patch3-verify-isolated-20261002-1627-derived/Build/Intermediates.noindex/UninstalledProducts
    export UNLOCALIZED_RESOURCES_FOLDER_PATH\=FishSockTransfer.app/Contents/Resources
    export UNLOCALIZED_RESOURCES_FOLDER_PATH_SHALLOW_BUNDLE_NO\=FishSockTransfer.app/Contents/Resources
    export UNLOCALIZED_RESOURCES_FOLDER_PATH_SHALLOW_BUNDLE_YES\=FishSockTransfer.app/Contents
    export UNSTRIPPED_PRODUCT\=NO
    export USER\=cenvu
    export USER_APPS_DIR\=/Users/cenvu/Applications
    export USER_LIBRARY_DIR\=/Users/cenvu/Library
    export USE_DYNAMIC_NO_PIC\=YES
    export USE_HEADERMAP\=YES
    export USE_HEADER_SYMLINKS\=NO
    export VALIDATE_DEVELOPMENT_ASSET_PATHS\=YES_ERROR
    export VALIDATE_PRODUCT\=NO
    export VALID_ARCHS\=arm64\ arm64e\ i386\ x86_64
    export VERBOSE_PBXCP\=NO
    export VERSIONPLIST_PATH\=FishSockTransfer.app/Contents/version.plist
    export VERSION_INFO_BUILDER\=cenvu
    export VERSION_INFO_FILE\=FishSockTransfer_vers.c
    export VERSION_INFO_STRING\=\"@\(\#\)PROGRAM:FishSockTransfer\ \ PROJECT:FishSockTransfer-20260802\"
    export WORKSPACE_DIR\=/Users/cenvu/DEV/FST_V2/FishSockTransfer/FishSockTransfer.xcodeproj
    export WRAPPER_EXTENSION\=app
    export WRAPPER_NAME\=FishSockTransfer.app
    export WRAPPER_SUFFIX\=.app
    export WRAP_ASSET_PACKS_IN_SEPARATE_DIRECTORIES\=NO
    export XCODE_APP_SUPPORT_DIR\=/Applications/Xcode.app/Contents/Developer/Library/Xcode
    export XCODE_PRODUCT_BUILD_VERSION\=17C529
    export XCODE_VERSION_ACTUAL\=2630
    export XCODE_VERSION_MAJOR\=2600
    export XCODE_VERSION_MINOR\=2630
    export XPCSERVICES_FOLDER_PATH\=FishSockTransfer.app/Contents/XPCServices
    export YACC\=yacc
    export _BOOL_\=NO
    export _BOOL_NO\=NO
    export _BOOL_YES\=YES
    export _DEVELOPMENT_TEAM_IS_EMPTY\=YES
    export _DISCOVER_COMMAND_LINE_LINKER_INPUTS\=YES
    export _DISCOVER_COMMAND_LINE_LINKER_INPUTS_INCLUDE_WL\=YES
    export _IS_EMPTY_\=YES
    export _LD_MULTIARCH\=YES
    export _MACOSX_DEPLOYMENT_TARGET_IS_EMPTY\=NO
    export _WRAPPER_CONTENTS_DIR\=/Contents
    export _WRAPPER_CONTENTS_DIR_SHALLOW_BUNDLE_NO\=/Contents
    export _WRAPPER_PARENT_PATH\=/..
    export _WRAPPER_PARENT_PATH_SHALLOW_BUNDLE_NO\=/..
    export _WRAPPER_RESOURCES_DIR\=/Resources
    export _WRAPPER_RESOURCES_DIR_SHALLOW_BUNDLE_NO\=/Resources
    export __DIAGNOSE_DEPRECATED_ARCHS\=YES
    export __IS_NOT_MACOS\=NO
    export __IS_NOT_MACOS_macosx\=NO
    export __IS_NOT_SIMULATOR\=YES
    export __IS_NOT_SIMULATOR_simulator\=NO
    export arch\=undefined_arch
    export variant\=normal
    /usr/bin/sandbox-exec -D SCRIPT_OUTPUT_FILE_0\=/tmp/fst-patch3-verify-isolated-20261002-1627-derived/Build/Products/Debug/FishSockTransfer.app/Contents/Resources/libpopt.0.dylib -D SCRIPT_OUTPUT_FILE_1\=/tmp/fst-patch3-verify-isolated-20261002-1627-derived/Build/Products/Debug/FishSockTransfer.app/Contents/Resources/liblz4.1.dylib -D SCRIPT_OUTPUT_FILE_2\=/tmp/fst-patch3-verify-isolated-20261002-1627-derived/Build/Products/Debug/FishSockTransfer.app/Contents/Resources/libzstd.1.dylib -D SCRIPT_OUTPUT_FILE_3\=/tmp/fst-patch3-verify-isolated-20261002-1627-derived/Build/Products/Debug/FishSockTransfer.app/Contents/Resources/libxxhash.0.dylib -D SCRIPT_OUTPUT_FILE_4\=/tmp/fst-patch3-verify-isolated-20261002-1627-derived/Build/Products/Debug/FishSockTransfer.app/Contents/Resources/libcrypto.3.dylib -D SCRIPT_INPUT_FILE_0\=/Users/cenvu/DEV/FST_V2/FishSockTransfer/FishSockTransfer/libpopt.0.dylib -D SCRIPT_INPUT_FILE_1\=/Users/cenvu/DEV/FST_V2/FishSockTransfer/FishSockTransfer/liblz4.1.dylib -D SCRIPT_INPUT_FILE_2\=/Users/cenvu/DEV/FST_V2/FishSockTransfer/FishSockTransfer/libzstd.1.dylib -D SCRIPT_INPUT_FILE_3\=/Users/cenvu/DEV/FST_V2/FishSockTransfer/FishSockTransfer/libxxhash.0.dylib -D SCRIPT_INPUT_FILE_4\=/Users/cenvu/DEV/FST_V2/FishSockTransfer/FishSockTransfer/libcrypto.3.dylib -D SCRIPT_INPUT_FILE_5\=/tmp/fst-patch3-verify-isolated-20261002-1627-derived/Build/Intermediates.noindex/FishSockTransfer.build/Debug/FishSockTransfer.build/Script-7D9475CD2FDF280000F41AE2.sh -D SCRIPT_INPUT_ANCESTOR_0\=/ -D SCRIPT_INPUT_ANCESTOR_1\=/Users -D SCRIPT_INPUT_ANCESTOR_2\=/Users/cenvu -D SCRIPT_INPUT_ANCESTOR_3\=/Users/cenvu/DEV -D SCRIPT_INPUT_ANCESTOR_4\=/Users/cenvu/DEV/FST_V2 -D SCRIPT_INPUT_ANCESTOR_5\=/Users/cenvu/DEV/FST_V2/FishSockTransfer -D SCRIPT_INPUT_ANCESTOR_6\=/Users/cenvu/DEV/FST_V2/FishSockTransfer/FishSockTransfer -D SCRIPT_INPUT_ANCESTOR_7\=/tmp -D SCRIPT_INPUT_ANCESTOR_8\=/tmp/fst-patch3-verify-isolated-20261002-1627-derived -D SCRIPT_INPUT_ANCESTOR_9\=/tmp/fst-patch3-verify-isolated-20261002-1627-derived/Build -D SCRIPT_INPUT_ANCESTOR_10\=/tmp/fst-patch3-verify-isolated-20261002-1627-derived/Build/Intermediates.noindex -D SCRIPT_INPUT_ANCESTOR_11\=/tmp/fst-patch3-verify-isolated-20261002-1627-derived/Build/Intermediates.noindex/FishSockTransfer.build -D SCRIPT_INPUT_ANCESTOR_12\=/tmp/fst-patch3-verify-isolated-20261002-1627-derived/Build/Intermediates.noindex/FishSockTransfer.build/Debug -D SCRIPT_INPUT_ANCESTOR_13\=/tmp/fst-patch3-verify-isolated-20261002-1627-derived/Build/Intermediates.noindex/FishSockTransfer.build/Debug/FishSockTransfer.build -D SCRIPT_OUTPUT_ANCESTOR_0\=/ -D SCRIPT_OUTPUT_ANCESTOR_1\=/tmp -D SCRIPT_OUTPUT_ANCESTOR_2\=/tmp/fst-patch3-verify-isolated-20261002-1627-derived -D SCRIPT_OUTPUT_ANCESTOR_3\=/tmp/fst-patch3-verify-isolated-20261002-1627-derived/Build -D SCRIPT_OUTPUT_ANCESTOR_4\=/tmp/fst-patch3-verify-isolated-20261002-1627-derived/Build/Products -D SCRIPT_OUTPUT_ANCESTOR_5\=/tmp/fst-patch3-verify-isolated-20261002-1627-derived/Build/Products/Debug -D SCRIPT_OUTPUT_ANCESTOR_6\=/tmp/fst-patch3-verify-isolated-20261002-1627-derived/Build/Products/Debug/FishSockTransfer.app -D SCRIPT_OUTPUT_ANCESTOR_7\=/tmp/fst-patch3-verify-isolated-20261002-1627-derived/Build/Products/Debug/FishSockTransfer.app/Contents -D SCRIPT_OUTPUT_ANCESTOR_8\=/tmp/fst-patch3-verify-isolated-20261002-1627-derived/Build/Products/Debug/FishSockTransfer.app/Contents/Resources -D SRCROOT\=/Users/cenvu/DEV/FST_V2/FishSockTransfer -D PROJECT_DIR\=/Users/cenvu/DEV/FST_V2/FishSockTransfer -D OBJROOT\=/tmp/fst-patch3-verify-isolated-20261002-1627-derived/Build/Intermediates.noindex -D SYMROOT\=/tmp/fst-patch3-verify-isolated-20261002-1627-derived/Build/Products -D DSTROOT\=/tmp/FishSockTransfer.dst -D SHARED_PRECOMPS_DIR\=/tmp/fst-patch3-verify-isolated-20261002-1627-derived/Build/Intermediates.noindex/PrecompiledHeaders -D CACHE_ROOT\=/var/folders/89/bwjml4px7bd8_gc4y493myh80000gn/C/com.apple.DeveloperTools/26.3-17C529/Xcode -D CONFIGURATION_BUILD_DIR\=/tmp/fst-patch3-verify-isolated-20261002-1627-derived/Build/Products/Debug -D CONFIGURATION_TEMP_DIR\=/tmp/fst-patch3-verify-isolated-20261002-1627-derived/Build/Intermediates.noindex/FishSockTransfer.build/Debug -D LOCROOT\=/Users/cenvu/DEV/FST_V2/FishSockTransfer -D LOCSYMROOT\=/Users/cenvu/DEV/FST_V2/FishSockTransfer -D INDEX_PRECOMPS_DIR\=/tmp/fst-patch3-verify-isolated-20261002-1627-derived/Index.noindex/PrecompiledHeaders -D INDEX_DATA_STORE_DIR\=/tmp/fst-patch3-verify-isolated-20261002-1627-derived/Index.noindex/DataStore -D TEMP_DIR\=/tmp/fst-patch3-verify-isolated-20261002-1627-derived/Build/Intermediates.noindex/FishSockTransfer.build/Debug/FishSockTransfer.build -D TARGET_TEMP_DIR\=/tmp/fst-patch3-verify-isolated-20261002-1627-derived/Build/Intermediates.noindex/FishSockTransfer.build/Debug/FishSockTransfer.build -D DERIVED_FILE_DIR\=/tmp/fst-patch3-verify-isolated-20261002-1627-derived/Build/Intermediates.noindex/FishSockTransfer.build/Debug/FishSockTransfer.build/DerivedSources -f /tmp/fst-patch3-verify-isolated-20261002-1627-derived/Build/Intermediates.noindex/FishSockTransfer.build/Debug/FishSockTransfer.build/d90f8c6335967b04e85ded9a4b01cd9b.sb /bin/sh -c /tmp/fst-patch3-verify-isolated-20261002-1627-derived/Build/Intermediates.noindex/FishSockTransfer.build/Debug/FishSockTransfer.build/Script-7D9475CD2FDF280000F41AE2.sh

CopySwiftLibs /tmp/fst-patch3-verify-isolated-20261002-1627-derived/Build/Products/Debug/FishSockTransfer.app (in target 'FishSockTransfer' from project 'FishSockTransfer')
    cd /Users/cenvu/DEV/FST_V2/FishSockTransfer
    builtin-swiftStdLibTool --copy --verbose --sign - --scan-executable /tmp/fst-patch3-verify-isolated-20261002-1627-derived/Build/Products/Debug/FishSockTransfer.app/Contents/MacOS/FishSockTransfer.debug.dylib --scan-folder /tmp/fst-patch3-verify-isolated-20261002-1627-derived/Build/Products/Debug/FishSockTransfer.app/Contents/Frameworks --scan-folder /tmp/fst-patch3-verify-isolated-20261002-1627-derived/Build/Products/Debug/FishSockTransfer.app/Contents/PlugIns --scan-folder /tmp/fst-patch3-verify-isolated-20261002-1627-derived/Build/Products/Debug/FishSockTransfer.app/Contents/Library/SystemExtensions --scan-folder /tmp/fst-patch3-verify-isolated-20261002-1627-derived/Build/Products/Debug/FishSockTransfer.app/Contents/Extensions --platform macosx --toolchain /Applications/Xcode.app/Contents/Developer/Toolchains/XcodeDefault.xctoolchain --destination /tmp/fst-patch3-verify-isolated-20261002-1627-derived/Build/Products/Debug/FishSockTransfer.app/Contents/Frameworks --strip-bitcode --strip-bitcode-tool /Applications/Xcode.app/Contents/Developer/Toolchains/XcodeDefault.xctoolchain/usr/bin/bitcode_strip --emit-dependency-info /tmp/fst-patch3-verify-isolated-20261002-1627-derived/Build/Intermediates.noindex/FishSockTransfer.build/Debug/FishSockTransfer.build/SwiftStdLibToolInputDependencies.dep --filter-for-swift-os --back-deploy-swift-span

ExtractAppIntentsMetadata (in target 'FishSockTransfer' from project 'FishSockTransfer')
    cd /Users/cenvu/DEV/FST_V2/FishSockTransfer
    /Applications/Xcode.app/Contents/Developer/Toolchains/XcodeDefault.xctoolchain/usr/bin/appintentsmetadataprocessor --toolchain-dir /Applications/Xcode.app/Contents/Developer/Toolchains/XcodeDefault.xctoolchain --module-name FishSockTransfer --sdk-root /Applications/Xcode.app/Contents/Developer/Platforms/MacOSX.platform/Developer/SDKs/MacOSX26.2.sdk --xcode-version 17C529 --platform-family macOS --deployment-target 13.5 --bundle-identifier com.cen.FishSockTransfer --output /tmp/fst-patch3-verify-isolated-20261002-1627-derived/Build/Products/Debug/FishSockTransfer.app/Contents/Resources --target-triple arm64-apple-macos13.5 --binary-file /tmp/fst-patch3-verify-isolated-20261002-1627-derived/Build/Products/Debug/FishSockTransfer.app/Contents/MacOS/FishSockTransfer --dependency-file /tmp/fst-patch3-verify-isolated-20261002-1627-derived/Build/Intermediates.noindex/FishSockTransfer.build/Debug/FishSockTransfer.build/Objects-normal/arm64/FishSockTransfer_dependency_info.dat --stringsdata-file /tmp/fst-patch3-verify-isolated-20261002-1627-derived/Build/Intermediates.noindex/FishSockTransfer.build/Debug/FishSockTransfer.build/Objects-normal/arm64/ExtractedAppShortcutsMetadata.stringsdata --source-file-list /tmp/fst-patch3-verify-isolated-20261002-1627-derived/Build/Intermediates.noindex/FishSockTransfer.build/Debug/FishSockTransfer.build/Objects-normal/arm64/FishSockTransfer.SwiftFileList --metadata-file-list /tmp/fst-patch3-verify-isolated-20261002-1627-derived/Build/Intermediates.noindex/FishSockTransfer.build/Debug/FishSockTransfer.build/FishSockTransfer.DependencyMetadataFileList --static-metadata-file-list /tmp/fst-patch3-verify-isolated-20261002-1627-derived/Build/Intermediates.noindex/FishSockTransfer.build/Debug/FishSockTransfer.build/FishSockTransfer.DependencyStaticMetadataFileList --swift-const-vals-list /tmp/fst-patch3-verify-isolated-20261002-1627-derived/Build/Intermediates.noindex/FishSockTransfer.build/Debug/FishSockTransfer.build/Objects-normal/arm64/FishSockTransfer.SwiftConstValuesFileList --compile-time-extraction --deployment-aware-processing --validate-assistant-intents --no-app-shortcuts-localization
2026-10-02 16:27:14.160 appintentsmetadataprocessor[62855:85502758] Starting appintentsmetadataprocessor export
2026-10-02 16:27:14.163 appintentsmetadataprocessor[62855:85502758] warning: Metadata extraction skipped. No AppIntents.framework dependency found.

CodeSign /tmp/fst-patch3-verify-isolated-20261002-1627-derived/Build/Products/Debug/FishSockTransfer.app/Contents/MacOS/FishSockTransfer.debug.dylib (in target 'FishSockTransfer' from project 'FishSockTransfer')
    cd /Users/cenvu/DEV/FST_V2/FishSockTransfer
    
    Signing Identity:     "Sign to Run Locally"
    
    /usr/bin/codesign --force --sign - --timestamp\=none --generate-entitlement-der /tmp/fst-patch3-verify-isolated-20261002-1627-derived/Build/Products/Debug/FishSockTransfer.app/Contents/MacOS/FishSockTransfer.debug.dylib

CodeSign /tmp/fst-patch3-verify-isolated-20261002-1627-derived/Build/Products/Debug/FishSockTransfer.app/Contents/MacOS/__preview.dylib (in target 'FishSockTransfer' from project 'FishSockTransfer')
    cd /Users/cenvu/DEV/FST_V2/FishSockTransfer
    
    Signing Identity:     "Sign to Run Locally"
    
    /usr/bin/codesign --force --sign - --timestamp\=none --generate-entitlement-der /tmp/fst-patch3-verify-isolated-20261002-1627-derived/Build/Products/Debug/FishSockTransfer.app/Contents/MacOS/__preview.dylib

CodeSign /tmp/fst-patch3-verify-isolated-20261002-1627-derived/Build/Products/Debug/FishSockTransfer.app (in target 'FishSockTransfer' from project 'FishSockTransfer')
    cd /Users/cenvu/DEV/FST_V2/FishSockTransfer
    
    Signing Identity:     "Sign to Run Locally"
    
    /usr/bin/codesign --force --sign - --entitlements /tmp/fst-patch3-verify-isolated-20261002-1627-derived/Build/Intermediates.noindex/FishSockTransfer.build/Debug/FishSockTransfer.build/FishSockTransfer.app.xcent --timestamp\=none --generate-entitlement-der /tmp/fst-patch3-verify-isolated-20261002-1627-derived/Build/Products/Debug/FishSockTransfer.app

RegisterExecutionPolicyException /tmp/fst-patch3-verify-isolated-20261002-1627-derived/Build/Products/Debug/FishSockTransfer.app (in target 'FishSockTransfer' from project 'FishSockTransfer')
    cd /Users/cenvu/DEV/FST_V2/FishSockTransfer
    builtin-RegisterExecutionPolicyException /tmp/fst-patch3-verify-isolated-20261002-1627-derived/Build/Products/Debug/FishSockTransfer.app

Validate /tmp/fst-patch3-verify-isolated-20261002-1627-derived/Build/Products/Debug/FishSockTransfer.app (in target 'FishSockTransfer' from project 'FishSockTransfer')
    cd /Users/cenvu/DEV/FST_V2/FishSockTransfer
    builtin-validationUtility /tmp/fst-patch3-verify-isolated-20261002-1627-derived/Build/Products/Debug/FishSockTransfer.app -no-validate-extension -infoplist-subpath Contents/Info.plist

Touch /tmp/fst-patch3-verify-isolated-20261002-1627-derived/Build/Products/Debug/FishSockTransfer.app (in target 'FishSockTransfer' from project 'FishSockTransfer')
    cd /Users/cenvu/DEV/FST_V2/FishSockTransfer
    /usr/bin/touch -c /tmp/fst-patch3-verify-isolated-20261002-1627-derived/Build/Products/Debug/FishSockTransfer.app

RegisterWithLaunchServices /tmp/fst-patch3-verify-isolated-20261002-1627-derived/Build/Products/Debug/FishSockTransfer.app (in target 'FishSockTransfer' from project 'FishSockTransfer')
    cd /Users/cenvu/DEV/FST_V2/FishSockTransfer
    /System/Library/Frameworks/CoreServices.framework/Versions/Current/Frameworks/LaunchServices.framework/Versions/Current/Support/lsregister -f -R -trusted /tmp/fst-patch3-verify-isolated-20261002-1627-derived/Build/Products/Debug/FishSockTransfer.app

SwiftDriverJobDiscovery normal arm64 Compiling LoggerService.swift, RsyncEngine.swift, TransferCoordinator.swift, TransferViewModel.swift (in target 'FishSockTransferTests' from project 'FishSockTransfer')

SwiftDriverJobDiscovery normal arm64 Compiling MetadataOnlySourceSafetyXCTests.swift, VerificationHashStrategyXCTests.swift, TransferViewModelRuntimeXCTests.swift, RsyncBandwidthLimit.swift (in target 'FishSockTransferTests' from project 'FishSockTransfer')

SwiftDriver\ Compilation FishSockTransferTests normal arm64 com.apple.xcode.tools.swift.compiler (in target 'FishSockTransferTests' from project 'FishSockTransfer')
    cd /Users/cenvu/DEV/FST_V2/FishSockTransfer
    builtin-Swift-Compilation -- /Applications/Xcode.app/Contents/Developer/Toolchains/XcodeDefault.xctoolchain/usr/bin/swiftc -module-name FishSockTransferTests -Onone -enforce-exclusivity\=checked @/tmp/fst-patch3-verify-isolated-20261002-1627-derived/Build/Intermediates.noindex/FishSockTransfer.build/Debug/FishSockTransferTests.build/Objects-normal/arm64/FishSockTransferTests.SwiftFileList -DDEBUG -plugin-path /Applications/Xcode.app/Contents/Developer/Toolchains/XcodeDefault.xctoolchain/usr/lib/swift/host/plugins/testing -enable-bare-slash-regex -enable-experimental-feature DebugDescriptionMacro -sdk /Applications/Xcode.app/Contents/Developer/Platforms/MacOSX.platform/Developer/SDKs/MacOSX26.2.sdk -target arm64-apple-macos13.5 -g -module-cache-path /tmp/fst-patch3-verify-isolated-20261002-1627-derived/ModuleCache.noindex -Xfrontend -serialize-debugging-options -profile-coverage-mapping -profile-generate -enable-testing -index-store-path /tmp/fst-patch3-verify-isolated-20261002-1627-derived/Index.noindex/DataStore -Xcc -D_LIBCPP_HARDENING_MODE\=_LIBCPP_HARDENING_MODE_DEBUG -swift-version 5 -I /tmp/fst-patch3-verify-isolated-20261002-1627-derived/Build/Products/Debug -Isystem /Applications/Xcode.app/Contents/Developer/Platforms/MacOSX.platform/Developer/usr/lib -F /tmp/fst-patch3-verify-isolated-20261002-1627-derived/Build/Products/Debug -F /Applications/Xcode.app/Contents/Developer/Platforms/MacOSX.platform/Developer/Library/Frameworks -c -j10 -enable-batch-mode -incremental -Xcc -ivfsstatcache -Xcc /tmp/fst-patch3-verify-isolated-20261002-1627-derived/SDKStatCaches.noindex/macosx26.2-25C58-00fa09913b459cbbc988d1f6730289ae.sdkstatcache -output-file-map /tmp/fst-patch3-verify-isolated-20261002-1627-derived/Build/Intermediates.noindex/FishSockTransfer.build/Debug/FishSockTransferTests.build/Objects-normal/arm64/FishSockTransferTests-OutputFileMap.json -use-frontend-parseable-output -save-temps -no-color-diagnostics -explicit-module-build -module-cache-path /tmp/fst-patch3-verify-isolated-20261002-1627-derived/Build/Intermediates.noindex/SwiftExplicitPrecompiledModules -clang-scanner-module-cache-path /tmp/fst-patch3-verify-isolated-20261002-1627-derived/ModuleCache.noindex -sdk-module-cache-path /tmp/fst-patch3-verify-isolated-20261002-1627-derived/ModuleCache.noindex -serialize-diagnostics -emit-dependencies -emit-module -emit-module-path /tmp/fst-patch3-verify-isolated-20261002-1627-derived/Build/Intermediates.noindex/FishSockTransfer.build/Debug/FishSockTransferTests.build/Objects-normal/arm64/FishSockTransferTests.swiftmodule -validate-clang-modules-once -clang-build-session-file /tmp/fst-patch3-verify-isolated-20261002-1627-derived/ModuleCache.noindex/Session.modulevalidation -Xcc -I/tmp/fst-patch3-verify-isolated-20261002-1627-derived/Build/Intermediates.noindex/FishSockTransfer.build/Debug/FishSockTransferTests.build/swift-overrides.hmap -emit-const-values -Xfrontend -const-gather-protocols-file -Xfrontend /tmp/fst-patch3-verify-isolated-20261002-1627-derived/Build/Intermediates.noindex/FishSockTransfer.build/Debug/FishSockTransferTests.build/Objects-normal/arm64/FishSockTransferTests_const_extract_protocols.json -Xcc -iquote -Xcc /tmp/fst-patch3-verify-isolated-20261002-1627-derived/Build/Intermediates.noindex/FishSockTransfer.build/Debug/FishSockTransferTests.build/FishSockTransferTests-generated-files.hmap -Xcc -I/tmp/fst-patch3-verify-isolated-20261002-1627-derived/Build/Intermediates.noindex/FishSockTransfer.build/Debug/FishSockTransferTests.build/FishSockTransferTests-own-target-headers.hmap -Xcc -I/tmp/fst-patch3-verify-isolated-20261002-1627-derived/Build/Intermediates.noindex/FishSockTransfer.build/Debug/FishSockTransferTests.build/FishSockTransferTests-all-target-headers.hmap -Xcc -iquote -Xcc /tmp/fst-patch3-verify-isolated-20261002-1627-derived/Build/Intermediates.noindex/FishSockTransfer.build/Debug/FishSockTransferTests.build/FishSockTransferTests-project-headers.hmap -Xcc -I/tmp/fst-patch3-verify-isolated-20261002-1627-derived/Build/Products/Debug/include -Xcc -I/tmp/fst-patch3-verify-isolated-20261002-1627-derived/Build/Intermediates.noindex/FishSockTransfer.build/Debug/FishSockTransferTests.build/DerivedSources-normal/arm64 -Xcc -I/tmp/fst-patch3-verify-isolated-20261002-1627-derived/Build/Intermediates.noindex/FishSockTransfer.build/Debug/FishSockTransferTests.build/DerivedSources/arm64 -Xcc -I/tmp/fst-patch3-verify-isolated-20261002-1627-derived/Build/Intermediates.noindex/FishSockTransfer.build/Debug/FishSockTransferTests.build/DerivedSources -Xcc -DDEBUG\=1 -emit-objc-header -emit-objc-header-path /tmp/fst-patch3-verify-isolated-20261002-1627-derived/Build/Intermediates.noindex/FishSockTransfer.build/Debug/FishSockTransferTests.build/Objects-normal/arm64/FishSockTransferTests-Swift.h -working-directory /Users/cenvu/DEV/FST_V2/FishSockTransfer -experimental-emit-module-separately -disable-cmo

Ld /tmp/fst-patch3-verify-isolated-20261002-1627-derived/Build/Products/Debug/FishSockTransferTests.xctest/Contents/MacOS/FishSockTransferTests normal (in target 'FishSockTransferTests' from project 'FishSockTransfer')
    cd /Users/cenvu/DEV/FST_V2/FishSockTransfer
    /Applications/Xcode.app/Contents/Developer/Toolchains/XcodeDefault.xctoolchain/usr/bin/clang -Xlinker -reproducible -target arm64-apple-macos13.5 -bundle -isysroot /Applications/Xcode.app/Contents/Developer/Platforms/MacOSX.platform/Developer/SDKs/MacOSX26.2.sdk -O0 -L/tmp/fst-patch3-verify-isolated-20261002-1627-derived/Build/Intermediates.noindex/EagerLinkingTBDs/Debug -L/tmp/fst-patch3-verify-isolated-20261002-1627-derived/Build/Products/Debug -L/Applications/Xcode.app/Contents/Developer/Platforms/MacOSX.platform/Developer/usr/lib -F/tmp/fst-patch3-verify-isolated-20261002-1627-derived/Build/Intermediates.noindex/EagerLinkingTBDs/Debug -F/tmp/fst-patch3-verify-isolated-20261002-1627-derived/Build/Products/Debug -iframework /Applications/Xcode.app/Contents/Developer/Platforms/MacOSX.platform/Developer/Library/Frameworks -filelist /tmp/fst-patch3-verify-isolated-20261002-1627-derived/Build/Intermediates.noindex/FishSockTransfer.build/Debug/FishSockTransferTests.build/Objects-normal/arm64/FishSockTransferTests.LinkFileList -Xlinker -rpath -Xlinker /usr/lib/swift -Xlinker -rpath -Xlinker @loader_path/../Frameworks -Xlinker -object_path_lto -Xlinker /tmp/fst-patch3-verify-isolated-20261002-1627-derived/Build/Intermediates.noindex/FishSockTransfer.build/Debug/FishSockTransferTests.build/Objects-normal/arm64/FishSockTransferTests_lto.o -rdynamic -Xlinker -no_deduplicate -Xlinker -debug_variant -Xlinker -dependency_info -Xlinker /tmp/fst-patch3-verify-isolated-20261002-1627-derived/Build/Intermediates.noindex/FishSockTransfer.build/Debug/FishSockTransferTests.build/Objects-normal/arm64/FishSockTransferTests_dependency_info.dat -fobjc-link-runtime -fprofile-instr-generate -L/Applications/Xcode.app/Contents/Developer/Toolchains/XcodeDefault.xctoolchain/usr/lib/swift/macosx -L/usr/lib/swift -Xlinker -add_ast_path -Xlinker /tmp/fst-patch3-verify-isolated-20261002-1627-derived/Build/Intermediates.noindex/FishSockTransfer.build/Debug/FishSockTransferTests.build/Objects-normal/arm64/FishSockTransferTests.swiftmodule @/tmp/fst-patch3-verify-isolated-20261002-1627-derived/Build/Intermediates.noindex/FishSockTransfer.build/Debug/FishSockTransferTests.build/Objects-normal/arm64/FishSockTransferTests-linker-args.resp -Xlinker -needed_framework -Xlinker XCTest -framework XCTest -Xlinker -needed-lXCTestSwiftSupport -lXCTestSwiftSupport -Xlinker -no_adhoc_codesign -o /tmp/fst-patch3-verify-isolated-20261002-1627-derived/Build/Products/Debug/FishSockTransferTests.xctest/Contents/MacOS/FishSockTransferTests
ld: warning: building for macOS-13.5, but linking with dylib '@rpath/XCTest.framework/Versions/A/XCTest' which was built for newer version 14.0
ld: warning: building for macOS-13.5, but linking with dylib '@rpath/libXCTestSwiftSupport.dylib' which was built for newer version 14.0

CopySwiftLibs /tmp/fst-patch3-verify-isolated-20261002-1627-derived/Build/Products/Debug/FishSockTransferTests.xctest (in target 'FishSockTransferTests' from project 'FishSockTransfer')
    cd /Users/cenvu/DEV/FST_V2/FishSockTransfer
    builtin-swiftStdLibTool --copy --verbose --sign - --scan-executable /tmp/fst-patch3-verify-isolated-20261002-1627-derived/Build/Products/Debug/FishSockTransferTests.xctest/Contents/MacOS/FishSockTransferTests --scan-folder /tmp/fst-patch3-verify-isolated-20261002-1627-derived/Build/Products/Debug/FishSockTransferTests.xctest/Contents/Frameworks --scan-folder /tmp/fst-patch3-verify-isolated-20261002-1627-derived/Build/Products/Debug/FishSockTransferTests.xctest/Contents/PlugIns --scan-folder /tmp/fst-patch3-verify-isolated-20261002-1627-derived/Build/Products/Debug/FishSockTransferTests.xctest/Contents/Library/SystemExtensions --scan-folder /tmp/fst-patch3-verify-isolated-20261002-1627-derived/Build/Products/Debug/FishSockTransferTests.xctest/Contents/Extensions --platform macosx --toolchain /Applications/Xcode.app/Contents/Developer/Toolchains/XcodeDefault.xctoolchain --destination /tmp/fst-patch3-verify-isolated-20261002-1627-derived/Build/Products/Debug/FishSockTransferTests.xctest/Contents/Frameworks --strip-bitcode --scan-executable /Applications/Xcode.app/Contents/Developer/Platforms/MacOSX.platform/Developer/usr/lib/libXCTestSwiftSupport.dylib --strip-bitcode-tool /Applications/Xcode.app/Contents/Developer/Toolchains/XcodeDefault.xctoolchain/usr/bin/bitcode_strip --emit-dependency-info /tmp/fst-patch3-verify-isolated-20261002-1627-derived/Build/Intermediates.noindex/FishSockTransfer.build/Debug/FishSockTransferTests.build/SwiftStdLibToolInputDependencies.dep --filter-for-swift-os --back-deploy-swift-span

ExtractAppIntentsMetadata (in target 'FishSockTransferTests' from project 'FishSockTransfer')
    cd /Users/cenvu/DEV/FST_V2/FishSockTransfer
    /Applications/Xcode.app/Contents/Developer/Toolchains/XcodeDefault.xctoolchain/usr/bin/appintentsmetadataprocessor --toolchain-dir /Applications/Xcode.app/Contents/Developer/Toolchains/XcodeDefault.xctoolchain --module-name FishSockTransferTests --sdk-root /Applications/Xcode.app/Contents/Developer/Platforms/MacOSX.platform/Developer/SDKs/MacOSX26.2.sdk --xcode-version 17C529 --platform-family macOS --deployment-target 13.5 --bundle-identifier com.cen.FishSockTransferTests --output /tmp/fst-patch3-verify-isolated-20261002-1627-derived/Build/Products/Debug/FishSockTransferTests.xctest/Contents/Resources --target-triple arm64-apple-macos13.5 --binary-file /tmp/fst-patch3-verify-isolated-20261002-1627-derived/Build/Products/Debug/FishSockTransferTests.xctest/Contents/MacOS/FishSockTransferTests --dependency-file /tmp/fst-patch3-verify-isolated-20261002-1627-derived/Build/Intermediates.noindex/FishSockTransfer.build/Debug/FishSockTransferTests.build/Objects-normal/arm64/FishSockTransferTests_dependency_info.dat --stringsdata-file /tmp/fst-patch3-verify-isolated-20261002-1627-derived/Build/Intermediates.noindex/FishSockTransfer.build/Debug/FishSockTransferTests.build/Objects-normal/arm64/ExtractedAppShortcutsMetadata.stringsdata --source-file-list /tmp/fst-patch3-verify-isolated-20261002-1627-derived/Build/Intermediates.noindex/FishSockTransfer.build/Debug/FishSockTransferTests.build/Objects-normal/arm64/FishSockTransferTests.SwiftFileList --metadata-file-list /tmp/fst-patch3-verify-isolated-20261002-1627-derived/Build/Intermediates.noindex/FishSockTransfer.build/Debug/FishSockTransferTests.build/FishSockTransferTests.DependencyMetadataFileList --static-metadata-file-list /tmp/fst-patch3-verify-isolated-20261002-1627-derived/Build/Intermediates.noindex/FishSockTransfer.build/Debug/FishSockTransferTests.build/FishSockTransferTests.DependencyStaticMetadataFileList --swift-const-vals-list /tmp/fst-patch3-verify-isolated-20261002-1627-derived/Build/Intermediates.noindex/FishSockTransfer.build/Debug/FishSockTransferTests.build/Objects-normal/arm64/FishSockTransferTests.SwiftConstValuesFileList --compile-time-extraction --deployment-aware-processing --validate-assistant-intents --no-app-shortcuts-localization
2026-10-02 16:27:16.224 appintentsmetadataprocessor[62864:85502997] Starting appintentsmetadataprocessor export
2026-10-02 16:27:16.227 appintentsmetadataprocessor[62864:85502997] warning: Metadata extraction skipped. No AppIntents.framework dependency found.

CodeSign /tmp/fst-patch3-verify-isolated-20261002-1627-derived/Build/Products/Debug/FishSockTransferTests.xctest (in target 'FishSockTransferTests' from project 'FishSockTransfer')
    cd /Users/cenvu/DEV/FST_V2/FishSockTransfer
    
    Signing Identity:     "Sign to Run Locally"
    
    /usr/bin/codesign --force --sign - --timestamp\=none --generate-entitlement-der /tmp/fst-patch3-verify-isolated-20261002-1627-derived/Build/Products/Debug/FishSockTransferTests.xctest

RegisterExecutionPolicyException /tmp/fst-patch3-verify-isolated-20261002-1627-derived/Build/Products/Debug/FishSockTransferTests.xctest (in target 'FishSockTransferTests' from project 'FishSockTransfer')
    cd /Users/cenvu/DEV/FST_V2/FishSockTransfer
    builtin-RegisterExecutionPolicyException /tmp/fst-patch3-verify-isolated-20261002-1627-derived/Build/Products/Debug/FishSockTransferTests.xctest

Touch /tmp/fst-patch3-verify-isolated-20261002-1627-derived/Build/Products/Debug/FishSockTransferTests.xctest (in target 'FishSockTransferTests' from project 'FishSockTransfer')
    cd /Users/cenvu/DEV/FST_V2/FishSockTransfer
    /usr/bin/touch -c /tmp/fst-patch3-verify-isolated-20261002-1627-derived/Build/Products/Debug/FishSockTransferTests.xctest

Test Suite 'Selected tests' started at 2026-10-02 16:27:17.898.
Test Suite 'FishSockTransferTests.xctest' started at 2026-10-02 16:27:17.899.
Test Suite 'DestinationCapacityImageRuntimeXCTests' started at 2026-10-02 16:27:17.899.
Test Case '-[FishSockTransferTests.DestinationCapacityImageRuntimeXCTests testDisposableAPFSAdmissionAndVerifiedCopy]' started.
2026-10-02 16:27:20.592633+0700 xctest[62869:85503098] [client] Not Valid
2026-10-02 16:27:20.592679+0700 xctest[62869:85503098] [client] CacheDeleteCopyAvailableSpaceForVolume failed for volume /private/var/folders/89/bwjml4px7bd8_gc4y493myh80000gn/T/FSTCapacityImageQA-53ACA323-30AC-4986-AD1A-F4C1A7808555/mount: Error Domain=CacheDeleteErrorDomain Code=10 "(null)" UserInfo={Invalid volume=/private/var/folders/89/bwjml4px7bd8_gc4y493myh80000gn/T/FSTCapacityImageQA-53ACA323-30AC-4986-AD1A-F4C1A7808555/mount}
2026-10-02 16:27:21.054553+0700 xctest[62869:85503098] [client] Not Valid
2026-10-02 16:27:21.054603+0700 xctest[62869:85503098] [client] CacheDeleteCopyAvailableSpaceForVolume failed for volume /private/var/folders/89/bwjml4px7bd8_gc4y493myh80000gn/T/FSTCapacityImageQA-53ACA323-30AC-4986-AD1A-F4C1A7808555/mount: Error Domain=CacheDeleteErrorDomain Code=10 "(null)" UserInfo={Invalid volume=/private/var/folders/89/bwjml4px7bd8_gc4y493myh80000gn/T/FSTCapacityImageQA-53ACA323-30AC-4986-AD1A-F4C1A7808555/mount}
FST_CAPACITY_QA FS=apfs UNIT=4096 L=8192 FLOOR=33554432 F=132767744 POLICY=validatedAPFSRounded
2026-10-02 16:27:21.056459+0700 xctest[62869:85503098] [client] Not Valid
2026-10-02 16:27:21.056487+0700 xctest[62869:85503098] [client] CacheDeleteCopyAvailableSpaceForVolume failed for volume /private/var/folders/89/bwjml4px7bd8_gc4y493myh80000gn/T/FSTCapacityImageQA-53ACA323-30AC-4986-AD1A-F4C1A7808555/mount: Error Domain=CacheDeleteErrorDomain Code=10 "(null)" UserInfo={Invalid volume=/private/var/folders/89/bwjml4px7bd8_gc4y493myh80000gn/T/FSTCapacityImageQA-53ACA323-30AC-4986-AD1A-F4C1A7808555/mount}
2026-10-02 16:27:21.056944+0700 xctest[62869:85503098] [client] Not Valid
2026-10-02 16:27:21.056963+0700 xctest[62869:85503098] [client] CacheDeleteCopyAvailableSpaceForVolume failed for volume /private/var/folders/89/bwjml4px7bd8_gc4y493myh80000gn/T/FSTCapacityImageQA-53ACA323-30AC-4986-AD1A-F4C1A7808555/mount: Error Domain=CacheDeleteErrorDomain Code=10 "(null)" UserInfo={Invalid volume=/private/var/folders/89/bwjml4px7bd8_gc4y493myh80000gn/T/FSTCapacityImageQA-53ACA323-30AC-4986-AD1A-F4C1A7808555/mount}
2026-10-02 16:27:21.057341+0700 xctest[62869:85503098] [client] Not Valid
2026-10-02 16:27:21.057355+0700 xctest[62869:85503098] [client] CacheDeleteCopyAvailableSpaceForVolume failed for volume /private/var/folders/89/bwjml4px7bd8_gc4y493myh80000gn/T/FSTCapacityImageQA-53ACA323-30AC-4986-AD1A-F4C1A7808555/mount: Error Domain=CacheDeleteErrorDomain Code=10 "(null)" UserInfo={Invalid volume=/private/var/folders/89/bwjml4px7bd8_gc4y493myh80000gn/T/FSTCapacityImageQA-53ACA323-30AC-4986-AD1A-F4C1A7808555/mount}
2026-10-02 16:27:21.057718+0700 xctest[62869:85503098] [client] Not Valid
2026-10-02 16:27:21.057731+0700 xctest[62869:85503098] [client] CacheDeleteCopyAvailableSpaceForVolume failed for volume /private/var/folders/89/bwjml4px7bd8_gc4y493myh80000gn/T/FSTCapacityImageQA-53ACA323-30AC-4986-AD1A-F4C1A7808555/mount: Error Domain=CacheDeleteErrorDomain Code=10 "(null)" UserInfo={Invalid volume=/private/var/folders/89/bwjml4px7bd8_gc4y493myh80000gn/T/FSTCapacityImageQA-53ACA323-30AC-4986-AD1A-F4C1A7808555/mount}
2026-10-02 16:27:21.058084+0700 xctest[62869:85503098] [client] Not Valid
2026-10-02 16:27:21.058096+0700 xctest[62869:85503098] [client] CacheDeleteCopyAvailableSpaceForVolume failed for volume /private/var/folders/89/bwjml4px7bd8_gc4y493myh80000gn/T/FSTCapacityImageQA-53ACA323-30AC-4986-AD1A-F4C1A7808555/mount: Error Domain=CacheDeleteErrorDomain Code=10 "(null)" UserInfo={Invalid volume=/private/var/folders/89/bwjml4px7bd8_gc4y493myh80000gn/T/FSTCapacityImageQA-53ACA323-30AC-4986-AD1A-F4C1A7808555/mount}
2026-10-02 16:27:21.058436+0700 xctest[62869:85503098] [client] Not Valid
2026-10-02 16:27:21.058446+0700 xctest[62869:85503098] [client] CacheDeleteCopyAvailableSpaceForVolume failed for volume /private/var/folders/89/bwjml4px7bd8_gc4y493myh80000gn/T/FSTCapacityImageQA-53ACA323-30AC-4986-AD1A-F4C1A7808555/mount: Error Domain=CacheDeleteErrorDomain Code=10 "(null)" UserInfo={Invalid volume=/private/var/folders/89/bwjml4px7bd8_gc4y493myh80000gn/T/FSTCapacityImageQA-53ACA323-30AC-4986-AD1A-F4C1A7808555/mount}
2026-10-02 16:27:21.058765+0700 xctest[62869:85503098] [client] Not Valid
2026-10-02 16:27:21.058775+0700 xctest[62869:85503098] [client] CacheDeleteCopyAvailableSpaceForVolume failed for volume /private/var/folders/89/bwjml4px7bd8_gc4y493myh80000gn/T/FSTCapacityImageQA-53ACA323-30AC-4986-AD1A-F4C1A7808555/mount: Error Domain=CacheDeleteErrorDomain Code=10 "(null)" UserInfo={Invalid volume=/private/var/folders/89/bwjml4px7bd8_gc4y493myh80000gn/T/FSTCapacityImageQA-53ACA323-30AC-4986-AD1A-F4C1A7808555/mount}
2026-10-02 16:27:21.059096+0700 xctest[62869:85503098] [client] Not Valid
2026-10-02 16:27:21.059106+0700 xctest[62869:85503098] [client] CacheDeleteCopyAvailableSpaceForVolume failed for volume /private/var/folders/89/bwjml4px7bd8_gc4y493myh80000gn/T/FSTCapacityImageQA-53ACA323-30AC-4986-AD1A-F4C1A7808555/mount: Error Domain=CacheDeleteErrorDomain Code=10 "(null)" UserInfo={Invalid volume=/private/var/folders/89/bwjml4px7bd8_gc4y493myh80000gn/T/FSTCapacityImageQA-53ACA323-30AC-4986-AD1A-F4C1A7808555/mount}
2026-10-02 16:27:21.059451+0700 xctest[62869:85503098] [client] Not Valid
2026-10-02 16:27:21.059463+0700 xctest[62869:85503098] [client] CacheDeleteCopyAvailableSpaceForVolume failed for volume /private/var/folders/89/bwjml4px7bd8_gc4y493myh80000gn/T/FSTCapacityImageQA-53ACA323-30AC-4986-AD1A-F4C1A7808555/mount: Error Domain=CacheDeleteErrorDomain Code=10 "(null)" UserInfo={Invalid volume=/private/var/folders/89/bwjml4px7bd8_gc4y493myh80000gn/T/FSTCapacityImageQA-53ACA323-30AC-4986-AD1A-F4C1A7808555/mount}
2026-10-02 16:27:21.059868+0700 xctest[62869:85503098] [client] Not Valid
2026-10-02 16:27:21.059879+0700 xctest[62869:85503098] [client] CacheDeleteCopyAvailableSpaceForVolume failed for volume /private/var/folders/89/bwjml4px7bd8_gc4y493myh80000gn/T/FSTCapacityImageQA-53ACA323-30AC-4986-AD1A-F4C1A7808555/mount: Error Domain=CacheDeleteErrorDomain Code=10 "(null)" UserInfo={Invalid volume=/private/var/folders/89/bwjml4px7bd8_gc4y493myh80000gn/T/FSTCapacityImageQA-53ACA323-30AC-4986-AD1A-F4C1A7808555/mount}
2026-10-02 16:27:21.060212+0700 xctest[62869:85503098] [client] Not Valid
2026-10-02 16:27:21.060222+0700 xctest[62869:85503098] [client] CacheDeleteCopyAvailableSpaceForVolume failed for volume /private/var/folders/89/bwjml4px7bd8_gc4y493myh80000gn/T/FSTCapacityImageQA-53ACA323-30AC-4986-AD1A-F4C1A7808555/mount: Error Domain=CacheDeleteErrorDomain Code=10 "(null)" UserInfo={Invalid volume=/private/var/folders/89/bwjml4px7bd8_gc4y493myh80000gn/T/FSTCapacityImageQA-53ACA323-30AC-4986-AD1A-F4C1A7808555/mount}
2026-10-02 16:27:21.060550+0700 xctest[62869:85503098] [client] Not Valid
2026-10-02 16:27:21.060560+0700 xctest[62869:85503098] [client] CacheDeleteCopyAvailableSpaceForVolume failed for volume /private/var/folders/89/bwjml4px7bd8_gc4y493myh80000gn/T/FSTCapacityImageQA-53ACA323-30AC-4986-AD1A-F4C1A7808555/mount: Error Domain=CacheDeleteErrorDomain Code=10 "(null)" UserInfo={Invalid volume=/private/var/folders/89/bwjml4px7bd8_gc4y493myh80000gn/T/FSTCapacityImageQA-53ACA323-30AC-4986-AD1A-F4C1A7808555/mount}
2026-10-02 16:27:21.060888+0700 xctest[62869:85503098] [client] Not Valid
2026-10-02 16:27:21.060897+0700 xctest[62869:85503098] [client] CacheDeleteCopyAvailableSpaceForVolume failed for volume /private/var/folders/89/bwjml4px7bd8_gc4y493myh80000gn/T/FSTCapacityImageQA-53ACA323-30AC-4986-AD1A-F4C1A7808555/mount: Error Domain=CacheDeleteErrorDomain Code=10 "(null)" UserInfo={Invalid volume=/private/var/folders/89/bwjml4px7bd8_gc4y493myh80000gn/T/FSTCapacityImageQA-53ACA323-30AC-4986-AD1A-F4C1A7808555/mount}
2026-10-02 16:27:21.061246+0700 xctest[62869:85503098] [client] Not Valid
2026-10-02 16:27:21.061256+0700 xctest[62869:85503098] [client] CacheDeleteCopyAvailableSpaceForVolume failed for volume /private/var/folders/89/bwjml4px7bd8_gc4y493myh80000gn/T/FSTCapacityImageQA-53ACA323-30AC-4986-AD1A-F4C1A7808555/mount: Error Domain=CacheDeleteErrorDomain Code=10 "(null)" UserInfo={Invalid volume=/private/var/folders/89/bwjml4px7bd8_gc4y493myh80000gn/T/FSTCapacityImageQA-53ACA323-30AC-4986-AD1A-F4C1A7808555/mount}
2026-10-02 16:27:21.061699+0700 xctest[62869:85503098] [client] Not Valid
2026-10-02 16:27:21.061718+0700 xctest[62869:85503098] [client] CacheDeleteCopyAvailableSpaceForVolume failed for volume /private/var/folders/89/bwjml4px7bd8_gc4y493myh80000gn/T/FSTCapacityImageQA-53ACA323-30AC-4986-AD1A-F4C1A7808555/mount: Error Domain=CacheDeleteErrorDomain Code=10 "(null)" UserInfo={Invalid volume=/private/var/folders/89/bwjml4px7bd8_gc4y493myh80000gn/T/FSTCapacityImageQA-53ACA323-30AC-4986-AD1A-F4C1A7808555/mount}
2026-10-02 16:27:21.062101+0700 xctest[62869:85503098] [client] Not Valid
2026-10-02 16:27:21.062120+0700 xctest[62869:85503098] [client] CacheDeleteCopyAvailableSpaceForVolume failed for volume /private/var/folders/89/bwjml4px7bd8_gc4y493myh80000gn/T/FSTCapacityImageQA-53ACA323-30AC-4986-AD1A-F4C1A7808555/mount: Error Domain=CacheDeleteErrorDomain Code=10 "(null)" UserInfo={Invalid volume=/private/var/folders/89/bwjml4px7bd8_gc4y493myh80000gn/T/FSTCapacityImageQA-53ACA323-30AC-4986-AD1A-F4C1A7808555/mount}
2026-10-02 16:27:21.062481+0700 xctest[62869:85503098] [client] Not Valid
2026-10-02 16:27:21.062493+0700 xctest[62869:85503098] [client] CacheDeleteCopyAvailableSpaceForVolume failed for volume /private/var/folders/89/bwjml4px7bd8_gc4y493myh80000gn/T/FSTCapacityImageQA-53ACA323-30AC-4986-AD1A-F4C1A7808555/mount: Error Domain=CacheDeleteErrorDomain Code=10 "(null)" UserInfo={Invalid volume=/private/var/folders/89/bwjml4px7bd8_gc4y493myh80000gn/T/FSTCapacityImageQA-53ACA323-30AC-4986-AD1A-F4C1A7808555/mount}
2026-10-02 16:27:21.062936+0700 xctest[62869:85503098] [client] Not Valid
2026-10-02 16:27:21.062949+0700 xctest[62869:85503098] [client] CacheDeleteCopyAvailableSpaceForVolume failed for volume /private/var/folders/89/bwjml4px7bd8_gc4y493myh80000gn/T/FSTCapacityImageQA-53ACA323-30AC-4986-AD1A-F4C1A7808555/mount: Error Domain=CacheDeleteErrorDomain Code=10 "(null)" UserInfo={Invalid volume=/private/var/folders/89/bwjml4px7bd8_gc4y493myh80000gn/T/FSTCapacityImageQA-53ACA323-30AC-4986-AD1A-F4C1A7808555/mount}
2026-10-02 16:27:21.064599+0700 xctest[62869:85503098] [client] Not Valid
2026-10-02 16:27:21.064632+0700 xctest[62869:85503098] [client] CacheDeleteCopyAvailableSpaceForVolume failed for volume /private/var/folders/89/bwjml4px7bd8_gc4y493myh80000gn/T/FSTCapacityImageQA-53ACA323-30AC-4986-AD1A-F4C1A7808555/mount: Error Domain=CacheDeleteErrorDomain Code=10 "(null)" UserInfo={Invalid volume=/private/var/folders/89/bwjml4px7bd8_gc4y493myh80000gn/T/FSTCapacityImageQA-53ACA323-30AC-4986-AD1A-F4C1A7808555/mount}
2026-10-02 16:27:21.065434+0700 xctest[62869:85503098] [client] Not Valid
2026-10-02 16:27:21.065467+0700 xctest[62869:85503098] [client] CacheDeleteCopyAvailableSpaceForVolume failed for volume /private/var/folders/89/bwjml4px7bd8_gc4y493myh80000gn/T/FSTCapacityImageQA-53ACA323-30AC-4986-AD1A-F4C1A7808555/mount: Error Domain=CacheDeleteErrorDomain Code=10 "(null)" UserInfo={Invalid volume=/private/var/folders/89/bwjml4px7bd8_gc4y493myh80000gn/T/FSTCapacityImageQA-53ACA323-30AC-4986-AD1A-F4C1A7808555/mount}
2026-10-02 16:27:21.065945+0700 xctest[62869:85503098] [client] Not Valid
2026-10-02 16:27:21.065970+0700 xctest[62869:85503098] [client] CacheDeleteCopyAvailableSpaceForVolume failed for volume /private/var/folders/89/bwjml4px7bd8_gc4y493myh80000gn/T/FSTCapacityImageQA-53ACA323-30AC-4986-AD1A-F4C1A7808555/mount: Error Domain=CacheDeleteErrorDomain Code=10 "(null)" UserInfo={Invalid volume=/private/var/folders/89/bwjml4px7bd8_gc4y493myh80000gn/T/FSTCapacityImageQA-53ACA323-30AC-4986-AD1A-F4C1A7808555/mount}
2026-10-02 16:27:21.066372+0700 xctest[62869:85503098] [client] Not Valid
2026-10-02 16:27:21.066385+0700 xctest[62869:85503098] [client] CacheDeleteCopyAvailableSpaceForVolume failed for volume /private/var/folders/89/bwjml4px7bd8_gc4y493myh80000gn/T/FSTCapacityImageQA-53ACA323-30AC-4986-AD1A-F4C1A7808555/mount: Error Domain=CacheDeleteErrorDomain Code=10 "(null)" UserInfo={Invalid volume=/private/var/folders/89/bwjml4px7bd8_gc4y493myh80000gn/T/FSTCapacityImageQA-53ACA323-30AC-4986-AD1A-F4C1A7808555/mount}
2026-10-02 16:27:21.066727+0700 xctest[62869:85503098] [client] Not Valid
2026-10-02 16:27:21.066739+0700 xctest[62869:85503098] [client] CacheDeleteCopyAvailableSpaceForVolume failed for volume /private/var/folders/89/bwjml4px7bd8_gc4y493myh80000gn/T/FSTCapacityImageQA-53ACA323-30AC-4986-AD1A-F4C1A7808555/mount: Error Domain=CacheDeleteErrorDomain Code=10 "(null)" UserInfo={Invalid volume=/private/var/folders/89/bwjml4px7bd8_gc4y493myh80000gn/T/FSTCapacityImageQA-53ACA323-30AC-4986-AD1A-F4C1A7808555/mount}
2026-10-02 16:27:21.067137+0700 xctest[62869:85503098] [client] Not Valid
2026-10-02 16:27:21.067149+0700 xctest[62869:85503098] [client] CacheDeleteCopyAvailableSpaceForVolume failed for volume /private/var/folders/89/bwjml4px7bd8_gc4y493myh80000gn/T/FSTCapacityImageQA-53ACA323-30AC-4986-AD1A-F4C1A7808555/mount: Error Domain=CacheDeleteErrorDomain Code=10 "(null)" UserInfo={Invalid volume=/private/var/folders/89/bwjml4px7bd8_gc4y493myh80000gn/T/FSTCapacityImageQA-53ACA323-30AC-4986-AD1A-F4C1A7808555/mount}
2026-10-02 16:27:21.067484+0700 xctest[62869:85503098] [client] Not Valid
2026-10-02 16:27:21.067496+0700 xctest[62869:85503098] [client] CacheDeleteCopyAvailableSpaceForVolume failed for volume /private/var/folders/89/bwjml4px7bd8_gc4y493myh80000gn/T/FSTCapacityImageQA-53ACA323-30AC-4986-AD1A-F4C1A7808555/mount: Error Domain=CacheDeleteErrorDomain Code=10 "(null)" UserInfo={Invalid volume=/private/var/folders/89/bwjml4px7bd8_gc4y493myh80000gn/T/FSTCapacityImageQA-53ACA323-30AC-4986-AD1A-F4C1A7808555/mount}
2026-10-02 16:27:21.068239+0700 xctest[62869:85503098] [client] Not Valid
2026-10-02 16:27:21.068266+0700 xctest[62869:85503098] [client] CacheDeleteCopyAvailableSpaceForVolume failed for volume /private/var/folders/89/bwjml4px7bd8_gc4y493myh80000gn/T/FSTCapacityImageQA-53ACA323-30AC-4986-AD1A-F4C1A7808555/mount: Error Domain=CacheDeleteErrorDomain Code=10 "(null)" UserInfo={Invalid volume=/private/var/folders/89/bwjml4px7bd8_gc4y493myh80000gn/T/FSTCapacityImageQA-53ACA323-30AC-4986-AD1A-F4C1A7808555/mount}
2026-10-02 16:27:21.068804+0700 xctest[62869:85503098] [client] Not Valid
2026-10-02 16:27:21.068823+0700 xctest[62869:85503098] [client] CacheDeleteCopyAvailableSpaceForVolume failed for volume /private/var/folders/89/bwjml4px7bd8_gc4y493myh80000gn/T/FSTCapacityImageQA-53ACA323-30AC-4986-AD1A-F4C1A7808555/mount: Error Domain=CacheDeleteErrorDomain Code=10 "(null)" UserInfo={Invalid volume=/private/var/folders/89/bwjml4px7bd8_gc4y493myh80000gn/T/FSTCapacityImageQA-53ACA323-30AC-4986-AD1A-F4C1A7808555/mount}
2026-10-02 16:27:21.069422+0700 xctest[62869:85503098] [client] Not Valid
2026-10-02 16:27:21.069447+0700 xctest[62869:85503098] [client] CacheDeleteCopyAvailableSpaceForVolume failed for volume /private/var/folders/89/bwjml4px7bd8_gc4y493myh80000gn/T/FSTCapacityImageQA-53ACA323-30AC-4986-AD1A-F4C1A7808555/mount: Error Domain=CacheDeleteErrorDomain Code=10 "(null)" UserInfo={Invalid volume=/private/var/folders/89/bwjml4px7bd8_gc4y493myh80000gn/T/FSTCapacityImageQA-53ACA323-30AC-4986-AD1A-F4C1A7808555/mount}
2026-10-02 16:27:21.069920+0700 xctest[62869:85503098] [client] Not Valid
2026-10-02 16:27:21.069940+0700 xctest[62869:85503098] [client] CacheDeleteCopyAvailableSpaceForVolume failed for volume /private/var/folders/89/bwjml4px7bd8_gc4y493myh80000gn/T/FSTCapacityImageQA-53ACA323-30AC-4986-AD1A-F4C1A7808555/mount: Error Domain=CacheDeleteErrorDomain Code=10 "(null)" UserInfo={Invalid volume=/private/var/folders/89/bwjml4px7bd8_gc4y493myh80000gn/T/FSTCapacityImageQA-53ACA323-30AC-4986-AD1A-F4C1A7808555/mount}
2026-10-02 16:27:21.070348+0700 xctest[62869:85503098] [client] Not Valid
2026-10-02 16:27:21.070361+0700 xctest[62869:85503098] [client] CacheDeleteCopyAvailableSpaceForVolume failed for volume /private/var/folders/89/bwjml4px7bd8_gc4y493myh80000gn/T/FSTCapacityImageQA-53ACA323-30AC-4986-AD1A-F4C1A7808555/mount: Error Domain=CacheDeleteErrorDomain Code=10 "(null)" UserInfo={Invalid volume=/private/var/folders/89/bwjml4px7bd8_gc4y493myh80000gn/T/FSTCapacityImageQA-53ACA323-30AC-4986-AD1A-F4C1A7808555/mount}
2026-10-02 16:27:21.070706+0700 xctest[62869:85503098] [client] Not Valid
2026-10-02 16:27:21.070718+0700 xctest[62869:85503098] [client] CacheDeleteCopyAvailableSpaceForVolume failed for volume /private/var/folders/89/bwjml4px7bd8_gc4y493myh80000gn/T/FSTCapacityImageQA-53ACA323-30AC-4986-AD1A-F4C1A7808555/mount: Error Domain=CacheDeleteErrorDomain Code=10 "(null)" UserInfo={Invalid volume=/private/var/folders/89/bwjml4px7bd8_gc4y493myh80000gn/T/FSTCapacityImageQA-53ACA323-30AC-4986-AD1A-F4C1A7808555/mount}
2026-10-02 16:27:21.071092+0700 xctest[62869:85503098] [client] Not Valid
2026-10-02 16:27:21.071105+0700 xctest[62869:85503098] [client] CacheDeleteCopyAvailableSpaceForVolume failed for volume /private/var/folders/89/bwjml4px7bd8_gc4y493myh80000gn/T/FSTCapacityImageQA-53ACA323-30AC-4986-AD1A-F4C1A7808555/mount: Error Domain=CacheDeleteErrorDomain Code=10 "(null)" UserInfo={Invalid volume=/private/var/folders/89/bwjml4px7bd8_gc4y493myh80000gn/T/FSTCapacityImageQA-53ACA323-30AC-4986-AD1A-F4C1A7808555/mount}
2026-10-02 16:27:21.071433+0700 xctest[62869:85503098] [client] Not Valid
2026-10-02 16:27:21.071445+0700 xctest[62869:85503098] [client] CacheDeleteCopyAvailableSpaceForVolume failed for volume /private/var/folders/89/bwjml4px7bd8_gc4y493myh80000gn/T/FSTCapacityImageQA-53ACA323-30AC-4986-AD1A-F4C1A7808555/mount: Error Domain=CacheDeleteErrorDomain Code=10 "(null)" UserInfo={Invalid volume=/private/var/folders/89/bwjml4px7bd8_gc4y493myh80000gn/T/FSTCapacityImageQA-53ACA323-30AC-4986-AD1A-F4C1A7808555/mount}
2026-10-02 16:27:21.071824+0700 xctest[62869:85503098] [client] Not Valid
2026-10-02 16:27:21.071836+0700 xctest[62869:85503098] [client] CacheDeleteCopyAvailableSpaceForVolume failed for volume /private/var/folders/89/bwjml4px7bd8_gc4y493myh80000gn/T/FSTCapacityImageQA-53ACA323-30AC-4986-AD1A-F4C1A7808555/mount: Error Domain=CacheDeleteErrorDomain Code=10 "(null)" UserInfo={Invalid volume=/private/var/folders/89/bwjml4px7bd8_gc4y493myh80000gn/T/FSTCapacityImageQA-53ACA323-30AC-4986-AD1A-F4C1A7808555/mount}
2026-10-02 16:27:21.072178+0700 xctest[62869:85503098] [client] Not Valid
2026-10-02 16:27:21.072190+0700 xctest[62869:85503098] [client] CacheDeleteCopyAvailableSpaceForVolume failed for volume /private/var/folders/89/bwjml4px7bd8_gc4y493myh80000gn/T/FSTCapacityImageQA-53ACA323-30AC-4986-AD1A-F4C1A7808555/mount: Error Domain=CacheDeleteErrorDomain Code=10 "(null)" UserInfo={Invalid volume=/private/var/folders/89/bwjml4px7bd8_gc4y493myh80000gn/T/FSTCapacityImageQA-53ACA323-30AC-4986-AD1A-F4C1A7808555/mount}
2026-10-02 16:27:21.072555+0700 xctest[62869:85503098] [client] Not Valid
2026-10-02 16:27:21.072567+0700 xctest[62869:85503098] [client] CacheDeleteCopyAvailableSpaceForVolume failed for volume /private/var/folders/89/bwjml4px7bd8_gc4y493myh80000gn/T/FSTCapacityImageQA-53ACA323-30AC-4986-AD1A-F4C1A7808555/mount: Error Domain=CacheDeleteErrorDomain Code=10 "(null)" UserInfo={Invalid volume=/private/var/folders/89/bwjml4px7bd8_gc4y493myh80000gn/T/FSTCapacityImageQA-53ACA323-30AC-4986-AD1A-F4C1A7808555/mount}
2026-10-02 16:27:21.072904+0700 xctest[62869:85503098] [client] Not Valid
2026-10-02 16:27:21.072914+0700 xctest[62869:85503098] [client] CacheDeleteCopyAvailableSpaceForVolume failed for volume /private/var/folders/89/bwjml4px7bd8_gc4y493myh80000gn/T/FSTCapacityImageQA-53ACA323-30AC-4986-AD1A-F4C1A7808555/mount: Error Domain=CacheDeleteErrorDomain Code=10 "(null)" UserInfo={Invalid volume=/private/var/folders/89/bwjml4px7bd8_gc4y493myh80000gn/T/FSTCapacityImageQA-53ACA323-30AC-4986-AD1A-F4C1A7808555/mount}
2026-10-02 16:27:21.073288+0700 xctest[62869:85503098] [client] Not Valid
2026-10-02 16:27:21.073299+0700 xctest[62869:85503098] [client] CacheDeleteCopyAvailableSpaceForVolume failed for volume /private/var/folders/89/bwjml4px7bd8_gc4y493myh80000gn/T/FSTCapacityImageQA-53ACA323-30AC-4986-AD1A-F4C1A7808555/mount: Error Domain=CacheDeleteErrorDomain Code=10 "(null)" UserInfo={Invalid volume=/private/var/folders/89/bwjml4px7bd8_gc4y493myh80000gn/T/FSTCapacityImageQA-53ACA323-30AC-4986-AD1A-F4C1A7808555/mount}
2026-10-02 16:27:21.074029+0700 xctest[62869:85503098] [client] Not Valid
2026-10-02 16:27:21.074058+0700 xctest[62869:85503098] [client] CacheDeleteCopyAvailableSpaceForVolume failed for volume /private/var/folders/89/bwjml4px7bd8_gc4y493myh80000gn/T/FSTCapacityImageQA-53ACA323-30AC-4986-AD1A-F4C1A7808555/mount: Error Domain=CacheDeleteErrorDomain Code=10 "(null)" UserInfo={Invalid volume=/private/var/folders/89/bwjml4px7bd8_gc4y493myh80000gn/T/FSTCapacityImageQA-53ACA323-30AC-4986-AD1A-F4C1A7808555/mount}
2026-10-02 16:27:21.074616+0700 xctest[62869:85503098] [client] Not Valid
2026-10-02 16:27:21.074630+0700 xctest[62869:85503098] [client] CacheDeleteCopyAvailableSpaceForVolume failed for volume /private/var/folders/89/bwjml4px7bd8_gc4y493myh80000gn/T/FSTCapacityImageQA-53ACA323-30AC-4986-AD1A-F4C1A7808555/mount: Error Domain=CacheDeleteErrorDomain Code=10 "(null)" UserInfo={Invalid volume=/private/var/folders/89/bwjml4px7bd8_gc4y493myh80000gn/T/FSTCapacityImageQA-53ACA323-30AC-4986-AD1A-F4C1A7808555/mount}
2026-10-02 16:27:21.075011+0700 xctest[62869:85503098] [client] Not Valid
2026-10-02 16:27:21.075023+0700 xctest[62869:85503098] [client] CacheDeleteCopyAvailableSpaceForVolume failed for volume /private/var/folders/89/bwjml4px7bd8_gc4y493myh80000gn/T/FSTCapacityImageQA-53ACA323-30AC-4986-AD1A-F4C1A7808555/mount: Error Domain=CacheDeleteErrorDomain Code=10 "(null)" UserInfo={Invalid volume=/private/var/folders/89/bwjml4px7bd8_gc4y493myh80000gn/T/FSTCapacityImageQA-53ACA323-30AC-4986-AD1A-F4C1A7808555/mount}
2026-10-02 16:27:21.075531+0700 xctest[62869:85503098] [client] Not Valid
2026-10-02 16:27:21.075557+0700 xctest[62869:85503098] [client] CacheDeleteCopyAvailableSpaceForVolume failed for volume /private/var/folders/89/bwjml4px7bd8_gc4y493myh80000gn/T/FSTCapacityImageQA-53ACA323-30AC-4986-AD1A-F4C1A7808555/mount: Error Domain=CacheDeleteErrorDomain Code=10 "(null)" UserInfo={Invalid volume=/private/var/folders/89/bwjml4px7bd8_gc4y493myh80000gn/T/FSTCapacityImageQA-53ACA323-30AC-4986-AD1A-F4C1A7808555/mount}
2026-10-02 16:27:21.075962+0700 xctest[62869:85503098] [client] Not Valid
2026-10-02 16:27:21.075981+0700 xctest[62869:85503098] [client] CacheDeleteCopyAvailableSpaceForVolume failed for volume /private/var/folders/89/bwjml4px7bd8_gc4y493myh80000gn/T/FSTCapacityImageQA-53ACA323-30AC-4986-AD1A-F4C1A7808555/mount: Error Domain=CacheDeleteErrorDomain Code=10 "(null)" UserInfo={Invalid volume=/private/var/folders/89/bwjml4px7bd8_gc4y493myh80000gn/T/FSTCapacityImageQA-53ACA323-30AC-4986-AD1A-F4C1A7808555/mount}
2026-10-02 16:27:21.076444+0700 xctest[62869:85503098] [client] Not Valid
2026-10-02 16:27:21.076458+0700 xctest[62869:85503098] [client] CacheDeleteCopyAvailableSpaceForVolume failed for volume /private/var/folders/89/bwjml4px7bd8_gc4y493myh80000gn/T/FSTCapacityImageQA-53ACA323-30AC-4986-AD1A-F4C1A7808555/mount: Error Domain=CacheDeleteErrorDomain Code=10 "(null)" UserInfo={Invalid volume=/private/var/folders/89/bwjml4px7bd8_gc4y493myh80000gn/T/FSTCapacityImageQA-53ACA323-30AC-4986-AD1A-F4C1A7808555/mount}
2026-10-02 16:27:21.076799+0700 xctest[62869:85503098] [client] Not Valid
2026-10-02 16:27:21.076812+0700 xctest[62869:85503098] [client] CacheDeleteCopyAvailableSpaceForVolume failed for volume /private/var/folders/89/bwjml4px7bd8_gc4y493myh80000gn/T/FSTCapacityImageQA-53ACA323-30AC-4986-AD1A-F4C1A7808555/mount: Error Domain=CacheDeleteErrorDomain Code=10 "(null)" UserInfo={Invalid volume=/private/var/folders/89/bwjml4px7bd8_gc4y493myh80000gn/T/FSTCapacityImageQA-53ACA323-30AC-4986-AD1A-F4C1A7808555/mount}
2026-10-02 16:27:21.077169+0700 xctest[62869:85503098] [client] Not Valid
2026-10-02 16:27:21.077180+0700 xctest[62869:85503098] [client] CacheDeleteCopyAvailableSpaceForVolume failed for volume /private/var/folders/89/bwjml4px7bd8_gc4y493myh80000gn/T/FSTCapacityImageQA-53ACA323-30AC-4986-AD1A-F4C1A7808555/mount: Error Domain=CacheDeleteErrorDomain Code=10 "(null)" UserInfo={Invalid volume=/private/var/folders/89/bwjml4px7bd8_gc4y493myh80000gn/T/FSTCapacityImageQA-53ACA323-30AC-4986-AD1A-F4C1A7808555/mount}
2026-10-02 16:27:21.077496+0700 xctest[62869:85503098] [client] Not Valid
2026-10-02 16:27:21.077507+0700 xctest[62869:85503098] [client] CacheDeleteCopyAvailableSpaceForVolume failed for volume /private/var/folders/89/bwjml4px7bd8_gc4y493myh80000gn/T/FSTCapacityImageQA-53ACA323-30AC-4986-AD1A-F4C1A7808555/mount: Error Domain=CacheDeleteErrorDomain Code=10 "(null)" UserInfo={Invalid volume=/private/var/folders/89/bwjml4px7bd8_gc4y493myh80000gn/T/FSTCapacityImageQA-53ACA323-30AC-4986-AD1A-F4C1A7808555/mount}
2026-10-02 16:27:21.077849+0700 xctest[62869:85503098] [client] Not Valid
2026-10-02 16:27:21.077860+0700 xctest[62869:85503098] [client] CacheDeleteCopyAvailableSpaceForVolume failed for volume /private/var/folders/89/bwjml4px7bd8_gc4y493myh80000gn/T/FSTCapacityImageQA-53ACA323-30AC-4986-AD1A-F4C1A7808555/mount: Error Domain=CacheDeleteErrorDomain Code=10 "(null)" UserInfo={Invalid volume=/private/var/folders/89/bwjml4px7bd8_gc4y493myh80000gn/T/FSTCapacityImageQA-53ACA323-30AC-4986-AD1A-F4C1A7808555/mount}
2026-10-02 16:27:21.078175+0700 xctest[62869:85503098] [client] Not Valid
2026-10-02 16:27:21.078186+0700 xctest[62869:85503098] [client] CacheDeleteCopyAvailableSpaceForVolume failed for volume /private/var/folders/89/bwjml4px7bd8_gc4y493myh80000gn/T/FSTCapacityImageQA-53ACA323-30AC-4986-AD1A-F4C1A7808555/mount: Error Domain=CacheDeleteErrorDomain Code=10 "(null)" UserInfo={Invalid volume=/private/var/folders/89/bwjml4px7bd8_gc4y493myh80000gn/T/FSTCapacityImageQA-53ACA323-30AC-4986-AD1A-F4C1A7808555/mount}
2026-10-02 16:27:21.078562+0700 xctest[62869:85503098] [client] Not Valid
2026-10-02 16:27:21.078574+0700 xctest[62869:85503098] [client] CacheDeleteCopyAvailableSpaceForVolume failed for volume /private/var/folders/89/bwjml4px7bd8_gc4y493myh80000gn/T/FSTCapacityImageQA-53ACA323-30AC-4986-AD1A-F4C1A7808555/mount: Error Domain=CacheDeleteErrorDomain Code=10 "(null)" UserInfo={Invalid volume=/private/var/folders/89/bwjml4px7bd8_gc4y493myh80000gn/T/FSTCapacityImageQA-53ACA323-30AC-4986-AD1A-F4C1A7808555/mount}
2026-10-02 16:27:21.078906+0700 xctest[62869:85503098] [client] Not Valid
2026-10-02 16:27:21.078918+0700 xctest[62869:85503098] [client] CacheDeleteCopyAvailableSpaceForVolume failed for volume /private/var/folders/89/bwjml4px7bd8_gc4y493myh80000gn/T/FSTCapacityImageQA-53ACA323-30AC-4986-AD1A-F4C1A7808555/mount: Error Domain=CacheDeleteErrorDomain Code=10 "(null)" UserInfo={Invalid volume=/private/var/folders/89/bwjml4px7bd8_gc4y493myh80000gn/T/FSTCapacityImageQA-53ACA323-30AC-4986-AD1A-F4C1A7808555/mount}
2026-10-02 16:27:21.079259+0700 xctest[62869:85503098] [client] Not Valid
2026-10-02 16:27:21.079270+0700 xctest[62869:85503098] [client] CacheDeleteCopyAvailableSpaceForVolume failed for volume /private/var/folders/89/bwjml4px7bd8_gc4y493myh80000gn/T/FSTCapacityImageQA-53ACA323-30AC-4986-AD1A-F4C1A7808555/mount: Error Domain=CacheDeleteErrorDomain Code=10 "(null)" UserInfo={Invalid volume=/private/var/folders/89/bwjml4px7bd8_gc4y493myh80000gn/T/FSTCapacityImageQA-53ACA323-30AC-4986-AD1A-F4C1A7808555/mount}
2026-10-02 16:27:21.079589+0700 xctest[62869:85503098] [client] Not Valid
2026-10-02 16:27:21.079600+0700 xctest[62869:85503098] [client] CacheDeleteCopyAvailableSpaceForVolume failed for volume /private/var/folders/89/bwjml4px7bd8_gc4y493myh80000gn/T/FSTCapacityImageQA-53ACA323-30AC-4986-AD1A-F4C1A7808555/mount: Error Domain=CacheDeleteErrorDomain Code=10 "(null)" UserInfo={Invalid volume=/private/var/folders/89/bwjml4px7bd8_gc4y493myh80000gn/T/FSTCapacityImageQA-53ACA323-30AC-4986-AD1A-F4C1A7808555/mount}
2026-10-02 16:27:21.080591+0700 xctest[62869:85503098] [client] Not Valid
2026-10-02 16:27:21.080614+0700 xctest[62869:85503098] [client] CacheDeleteCopyAvailableSpaceForVolume failed for volume /private/var/folders/89/bwjml4px7bd8_gc4y493myh80000gn/T/FSTCapacityImageQA-53ACA323-30AC-4986-AD1A-F4C1A7808555/mount: Error Domain=CacheDeleteErrorDomain Code=10 "(null)" UserInfo={Invalid volume=/private/var/folders/89/bwjml4px7bd8_gc4y493myh80000gn/T/FSTCapacityImageQA-53ACA323-30AC-4986-AD1A-F4C1A7808555/mount}
2026-10-02 16:27:21.081014+0700 xctest[62869:85503098] [client] Not Valid
2026-10-02 16:27:21.081026+0700 xctest[62869:85503098] [client] CacheDeleteCopyAvailableSpaceForVolume failed for volume /private/var/folders/89/bwjml4px7bd8_gc4y493myh80000gn/T/FSTCapacityImageQA-53ACA323-30AC-4986-AD1A-F4C1A7808555/mount: Error Domain=CacheDeleteErrorDomain Code=10 "(null)" UserInfo={Invalid volume=/private/var/folders/89/bwjml4px7bd8_gc4y493myh80000gn/T/FSTCapacityImageQA-53ACA323-30AC-4986-AD1A-F4C1A7808555/mount}
2026-10-02 16:27:21.081436+0700 xctest[62869:85503098] [client] Not Valid
2026-10-02 16:27:21.081449+0700 xctest[62869:85503098] [client] CacheDeleteCopyAvailableSpaceForVolume failed for volume /private/var/folders/89/bwjml4px7bd8_gc4y493myh80000gn/T/FSTCapacityImageQA-53ACA323-30AC-4986-AD1A-F4C1A7808555/mount: Error Domain=CacheDeleteErrorDomain Code=10 "(null)" UserInfo={Invalid volume=/private/var/folders/89/bwjml4px7bd8_gc4y493myh80000gn/T/FSTCapacityImageQA-53ACA323-30AC-4986-AD1A-F4C1A7808555/mount}
2026-10-02 16:27:21.081818+0700 xctest[62869:85503098] [client] Not Valid
2026-10-02 16:27:21.081829+0700 xctest[62869:85503098] [client] CacheDeleteCopyAvailableSpaceForVolume failed for volume /private/var/folders/89/bwjml4px7bd8_gc4y493myh80000gn/T/FSTCapacityImageQA-53ACA323-30AC-4986-AD1A-F4C1A7808555/mount: Error Domain=CacheDeleteErrorDomain Code=10 "(null)" UserInfo={Invalid volume=/private/var/folders/89/bwjml4px7bd8_gc4y493myh80000gn/T/FSTCapacityImageQA-53ACA323-30AC-4986-AD1A-F4C1A7808555/mount}
2026-10-02 16:27:21.082242+0700 xctest[62869:85503098] [client] Not Valid
2026-10-02 16:27:21.082253+0700 xctest[62869:85503098] [client] CacheDeleteCopyAvailableSpaceForVolume failed for volume /private/var/folders/89/bwjml4px7bd8_gc4y493myh80000gn/T/FSTCapacityImageQA-53ACA323-30AC-4986-AD1A-F4C1A7808555/mount: Error Domain=CacheDeleteErrorDomain Code=10 "(null)" UserInfo={Invalid volume=/private/var/folders/89/bwjml4px7bd8_gc4y493myh80000gn/T/FSTCapacityImageQA-53ACA323-30AC-4986-AD1A-F4C1A7808555/mount}
2026-10-02 16:27:21.082622+0700 xctest[62869:85503098] [client] Not Valid
2026-10-02 16:27:21.082633+0700 xctest[62869:85503098] [client] CacheDeleteCopyAvailableSpaceForVolume failed for volume /private/var/folders/89/bwjml4px7bd8_gc4y493myh80000gn/T/FSTCapacityImageQA-53ACA323-30AC-4986-AD1A-F4C1A7808555/mount: Error Domain=CacheDeleteErrorDomain Code=10 "(null)" UserInfo={Invalid volume=/private/var/folders/89/bwjml4px7bd8_gc4y493myh80000gn/T/FSTCapacityImageQA-53ACA323-30AC-4986-AD1A-F4C1A7808555/mount}
2026-10-02 16:27:21.083048+0700 xctest[62869:85503098] [client] Not Valid
2026-10-02 16:27:21.083059+0700 xctest[62869:85503098] [client] CacheDeleteCopyAvailableSpaceForVolume failed for volume /private/var/folders/89/bwjml4px7bd8_gc4y493myh80000gn/T/FSTCapacityImageQA-53ACA323-30AC-4986-AD1A-F4C1A7808555/mount: Error Domain=CacheDeleteErrorDomain Code=10 "(null)" UserInfo={Invalid volume=/private/var/folders/89/bwjml4px7bd8_gc4y493myh80000gn/T/FSTCapacityImageQA-53ACA323-30AC-4986-AD1A-F4C1A7808555/mount}
2026-10-02 16:27:21.083427+0700 xctest[62869:85503098] [client] Not Valid
2026-10-02 16:27:21.083437+0700 xctest[62869:85503098] [client] CacheDeleteCopyAvailableSpaceForVolume failed for volume /private/var/folders/89/bwjml4px7bd8_gc4y493myh80000gn/T/FSTCapacityImageQA-53ACA323-30AC-4986-AD1A-F4C1A7808555/mount: Error Domain=CacheDeleteErrorDomain Code=10 "(null)" UserInfo={Invalid volume=/private/var/folders/89/bwjml4px7bd8_gc4y493myh80000gn/T/FSTCapacityImageQA-53ACA323-30AC-4986-AD1A-F4C1A7808555/mount}
2026-10-02 16:27:21.083852+0700 xctest[62869:85503098] [client] Not Valid
2026-10-02 16:27:21.083863+0700 xctest[62869:85503098] [client] CacheDeleteCopyAvailableSpaceForVolume failed for volume /private/var/folders/89/bwjml4px7bd8_gc4y493myh80000gn/T/FSTCapacityImageQA-53ACA323-30AC-4986-AD1A-F4C1A7808555/mount: Error Domain=CacheDeleteErrorDomain Code=10 "(null)" UserInfo={Invalid volume=/private/var/folders/89/bwjml4px7bd8_gc4y493myh80000gn/T/FSTCapacityImageQA-53ACA323-30AC-4986-AD1A-F4C1A7808555/mount}
2026-10-02 16:27:21.084224+0700 xctest[62869:85503098] [client] Not Valid
2026-10-02 16:27:21.084257+0700 xctest[62869:85503098] [client] CacheDeleteCopyAvailableSpaceForVolume failed for volume /private/var/folders/89/bwjml4px7bd8_gc4y493myh80000gn/T/FSTCapacityImageQA-53ACA323-30AC-4986-AD1A-F4C1A7808555/mount: Error Domain=CacheDeleteErrorDomain Code=10 "(null)" UserInfo={Invalid volume=/private/var/folders/89/bwjml4px7bd8_gc4y493myh80000gn/T/FSTCapacityImageQA-53ACA323-30AC-4986-AD1A-F4C1A7808555/mount}
2026-10-02 16:27:21.084752+0700 xctest[62869:85503098] [client] Not Valid
2026-10-02 16:27:21.084771+0700 xctest[62869:85503098] [client] CacheDeleteCopyAvailableSpaceForVolume failed for volume /private/var/folders/89/bwjml4px7bd8_gc4y493myh80000gn/T/FSTCapacityImageQA-53ACA323-30AC-4986-AD1A-F4C1A7808555/mount: Error Domain=CacheDeleteErrorDomain Code=10 "(null)" UserInfo={Invalid volume=/private/var/folders/89/bwjml4px7bd8_gc4y493myh80000gn/T/FSTCapacityImageQA-53ACA323-30AC-4986-AD1A-F4C1A7808555/mount}
2026-10-02 16:27:21.085151+0700 xctest[62869:85503098] [client] Not Valid
2026-10-02 16:27:21.085163+0700 xctest[62869:85503098] [client] CacheDeleteCopyAvailableSpaceForVolume failed for volume /private/var/folders/89/bwjml4px7bd8_gc4y493myh80000gn/T/FSTCapacityImageQA-53ACA323-30AC-4986-AD1A-F4C1A7808555/mount: Error Domain=CacheDeleteErrorDomain Code=10 "(null)" UserInfo={Invalid volume=/private/var/folders/89/bwjml4px7bd8_gc4y493myh80000gn/T/FSTCapacityImageQA-53ACA323-30AC-4986-AD1A-F4C1A7808555/mount}
2026-10-02 16:27:21.085705+0700 xctest[62869:85503098] [client] Not Valid
2026-10-02 16:27:21.085741+0700 xctest[62869:85503098] [client] CacheDeleteCopyAvailableSpaceForVolume failed for volume /private/var/folders/89/bwjml4px7bd8_gc4y493myh80000gn/T/FSTCapacityImageQA-53ACA323-30AC-4986-AD1A-F4C1A7808555/mount: Error Domain=CacheDeleteErrorDomain Code=10 "(null)" UserInfo={Invalid volume=/private/var/folders/89/bwjml4px7bd8_gc4y493myh80000gn/T/FSTCapacityImageQA-53ACA323-30AC-4986-AD1A-F4C1A7808555/mount}
2026-10-02 16:27:21.086302+0700 xctest[62869:85503098] [client] Not Valid
2026-10-02 16:27:21.086322+0700 xctest[62869:85503098] [client] CacheDeleteCopyAvailableSpaceForVolume failed for volume /private/var/folders/89/bwjml4px7bd8_gc4y493myh80000gn/T/FSTCapacityImageQA-53ACA323-30AC-4986-AD1A-F4C1A7808555/mount: Error Domain=CacheDeleteErrorDomain Code=10 "(null)" UserInfo={Invalid volume=/private/var/folders/89/bwjml4px7bd8_gc4y493myh80000gn/T/FSTCapacityImageQA-53ACA323-30AC-4986-AD1A-F4C1A7808555/mount}
2026-10-02 16:27:21.086763+0700 xctest[62869:85503098] [client] Not Valid
2026-10-02 16:27:21.086778+0700 xctest[62869:85503098] [client] CacheDeleteCopyAvailableSpaceForVolume failed for volume /private/var/folders/89/bwjml4px7bd8_gc4y493myh80000gn/T/FSTCapacityImageQA-53ACA323-30AC-4986-AD1A-F4C1A7808555/mount: Error Domain=CacheDeleteErrorDomain Code=10 "(null)" UserInfo={Invalid volume=/private/var/folders/89/bwjml4px7bd8_gc4y493myh80000gn/T/FSTCapacityImageQA-53ACA323-30AC-4986-AD1A-F4C1A7808555/mount}
2026-10-02 16:27:21.087208+0700 xctest[62869:85503098] [client] Not Valid
2026-10-02 16:27:21.087226+0700 xctest[62869:85503098] [client] CacheDeleteCopyAvailableSpaceForVolume failed for volume /private/var/folders/89/bwjml4px7bd8_gc4y493myh80000gn/T/FSTCapacityImageQA-53ACA323-30AC-4986-AD1A-F4C1A7808555/mount: Error Domain=CacheDeleteErrorDomain Code=10 "(null)" UserInfo={Invalid volume=/private/var/folders/89/bwjml4px7bd8_gc4y493myh80000gn/T/FSTCapacityImageQA-53ACA323-30AC-4986-AD1A-F4C1A7808555/mount}
2026-10-02 16:27:21.087777+0700 xctest[62869:85503098] [client] Not Valid
2026-10-02 16:27:21.087796+0700 xctest[62869:85503098] [client] CacheDeleteCopyAvailableSpaceForVolume failed for volume /private/var/folders/89/bwjml4px7bd8_gc4y493myh80000gn/T/FSTCapacityImageQA-53ACA323-30AC-4986-AD1A-F4C1A7808555/mount: Error Domain=CacheDeleteErrorDomain Code=10 "(null)" UserInfo={Invalid volume=/private/var/folders/89/bwjml4px7bd8_gc4y493myh80000gn/T/FSTCapacityImageQA-53ACA323-30AC-4986-AD1A-F4C1A7808555/mount}
2026-10-02 16:27:21.088224+0700 xctest[62869:85503098] [client] Not Valid
2026-10-02 16:27:21.088238+0700 xctest[62869:85503098] [client] CacheDeleteCopyAvailableSpaceForVolume failed for volume /private/var/folders/89/bwjml4px7bd8_gc4y493myh80000gn/T/FSTCapacityImageQA-53ACA323-30AC-4986-AD1A-F4C1A7808555/mount: Error Domain=CacheDeleteErrorDomain Code=10 "(null)" UserInfo={Invalid volume=/private/var/folders/89/bwjml4px7bd8_gc4y493myh80000gn/T/FSTCapacityImageQA-53ACA323-30AC-4986-AD1A-F4C1A7808555/mount}
2026-10-02 16:27:21.088652+0700 xctest[62869:85503098] [client] Not Valid
2026-10-02 16:27:21.088664+0700 xctest[62869:85503098] [client] CacheDeleteCopyAvailableSpaceForVolume failed for volume /private/var/folders/89/bwjml4px7bd8_gc4y493myh80000gn/T/FSTCapacityImageQA-53ACA323-30AC-4986-AD1A-F4C1A7808555/mount: Error Domain=CacheDeleteErrorDomain Code=10 "(null)" UserInfo={Invalid volume=/private/var/folders/89/bwjml4px7bd8_gc4y493myh80000gn/T/FSTCapacityImageQA-53ACA323-30AC-4986-AD1A-F4C1A7808555/mount}
2026-10-02 16:27:21.089013+0700 xctest[62869:85503098] [client] Not Valid
2026-10-02 16:27:21.089024+0700 xctest[62869:85503098] [client] CacheDeleteCopyAvailableSpaceForVolume failed for volume /private/var/folders/89/bwjml4px7bd8_gc4y493myh80000gn/T/FSTCapacityImageQA-53ACA323-30AC-4986-AD1A-F4C1A7808555/mount: Error Domain=CacheDeleteErrorDomain Code=10 "(null)" UserInfo={Invalid volume=/private/var/folders/89/bwjml4px7bd8_gc4y493myh80000gn/T/FSTCapacityImageQA-53ACA323-30AC-4986-AD1A-F4C1A7808555/mount}
2026-10-02 16:27:21.089411+0700 xctest[62869:85503098] [client] Not Valid
2026-10-02 16:27:21.089423+0700 xctest[62869:85503098] [client] CacheDeleteCopyAvailableSpaceForVolume failed for volume /private/var/folders/89/bwjml4px7bd8_gc4y493myh80000gn/T/FSTCapacityImageQA-53ACA323-30AC-4986-AD1A-F4C1A7808555/mount: Error Domain=CacheDeleteErrorDomain Code=10 "(null)" UserInfo={Invalid volume=/private/var/folders/89/bwjml4px7bd8_gc4y493myh80000gn/T/FSTCapacityImageQA-53ACA323-30AC-4986-AD1A-F4C1A7808555/mount}
2026-10-02 16:27:21.089752+0700 xctest[62869:85503098] [client] Not Valid
2026-10-02 16:27:21.089763+0700 xctest[62869:85503098] [client] CacheDeleteCopyAvailableSpaceForVolume failed for volume /private/var/folders/89/bwjml4px7bd8_gc4y493myh80000gn/T/FSTCapacityImageQA-53ACA323-30AC-4986-AD1A-F4C1A7808555/mount: Error Domain=CacheDeleteErrorDomain Code=10 "(null)" UserInfo={Invalid volume=/private/var/folders/89/bwjml4px7bd8_gc4y493myh80000gn/T/FSTCapacityImageQA-53ACA323-30AC-4986-AD1A-F4C1A7808555/mount}
2026-10-02 16:27:21.090435+0700 xctest[62869:85503098] [client] Not Valid
2026-10-02 16:27:21.090461+0700 xctest[62869:85503098] [client] CacheDeleteCopyAvailableSpaceForVolume failed for volume /private/var/folders/89/bwjml4px7bd8_gc4y493myh80000gn/T/FSTCapacityImageQA-53ACA323-30AC-4986-AD1A-F4C1A7808555/mount: Error Domain=CacheDeleteErrorDomain Code=10 "(null)" UserInfo={Invalid volume=/private/var/folders/89/bwjml4px7bd8_gc4y493myh80000gn/T/FSTCapacityImageQA-53ACA323-30AC-4986-AD1A-F4C1A7808555/mount}
2026-10-02 16:27:21.090941+0700 xctest[62869:85503098] [client] Not Valid
2026-10-02 16:27:21.090954+0700 xctest[62869:85503098] [client] CacheDeleteCopyAvailableSpaceForVolume failed for volume /private/var/folders/89/bwjml4px7bd8_gc4y493myh80000gn/T/FSTCapacityImageQA-53ACA323-30AC-4986-AD1A-F4C1A7808555/mount: Error Domain=CacheDeleteErrorDomain Code=10 "(null)" UserInfo={Invalid volume=/private/var/folders/89/bwjml4px7bd8_gc4y493myh80000gn/T/FSTCapacityImageQA-53ACA323-30AC-4986-AD1A-F4C1A7808555/mount}
2026-10-02 16:27:21.091428+0700 xctest[62869:85503098] [client] Not Valid
2026-10-02 16:27:21.091443+0700 xctest[62869:85503098] [client] CacheDeleteCopyAvailableSpaceForVolume failed for volume /private/var/folders/89/bwjml4px7bd8_gc4y493myh80000gn/T/FSTCapacityImageQA-53ACA323-30AC-4986-AD1A-F4C1A7808555/mount: Error Domain=CacheDeleteErrorDomain Code=10 "(null)" UserInfo={Invalid volume=/private/var/folders/89/bwjml4px7bd8_gc4y493myh80000gn/T/FSTCapacityImageQA-53ACA323-30AC-4986-AD1A-F4C1A7808555/mount}
2026-10-02 16:27:21.091851+0700 xctest[62869:85503098] [client] Not Valid
2026-10-02 16:27:21.091863+0700 xctest[62869:85503098] [client] CacheDeleteCopyAvailableSpaceForVolume failed for volume /private/var/folders/89/bwjml4px7bd8_gc4y493myh80000gn/T/FSTCapacityImageQA-53ACA323-30AC-4986-AD1A-F4C1A7808555/mount: Error Domain=CacheDeleteErrorDomain Code=10 "(null)" UserInfo={Invalid volume=/private/var/folders/89/bwjml4px7bd8_gc4y493myh80000gn/T/FSTCapacityImageQA-53ACA323-30AC-4986-AD1A-F4C1A7808555/mount}
2026-10-02 16:27:21.092290+0700 xctest[62869:85503098] [client] Not Valid
2026-10-02 16:27:21.092302+0700 xctest[62869:85503098] [client] CacheDeleteCopyAvailableSpaceForVolume failed for volume /private/var/folders/89/bwjml4px7bd8_gc4y493myh80000gn/T/FSTCapacityImageQA-53ACA323-30AC-4986-AD1A-F4C1A7808555/mount: Error Domain=CacheDeleteErrorDomain Code=10 "(null)" UserInfo={Invalid volume=/private/var/folders/89/bwjml4px7bd8_gc4y493myh80000gn/T/FSTCapacityImageQA-53ACA323-30AC-4986-AD1A-F4C1A7808555/mount}
2026-10-02 16:27:21.092711+0700 xctest[62869:85503098] [client] Not Valid
2026-10-02 16:27:21.092725+0700 xctest[62869:85503098] [client] CacheDeleteCopyAvailableSpaceForVolume failed for volume /private/var/folders/89/bwjml4px7bd8_gc4y493myh80000gn/T/FSTCapacityImageQA-53ACA323-30AC-4986-AD1A-F4C1A7808555/mount: Error Domain=CacheDeleteErrorDomain Code=10 "(null)" UserInfo={Invalid volume=/private/var/folders/89/bwjml4px7bd8_gc4y493myh80000gn/T/FSTCapacityImageQA-53ACA323-30AC-4986-AD1A-F4C1A7808555/mount}
2026-10-02 16:27:21.093291+0700 xctest[62869:85503098] [client] Not Valid
2026-10-02 16:27:21.093310+0700 xctest[62869:85503098] [client] CacheDeleteCopyAvailableSpaceForVolume failed for volume /private/var/folders/89/bwjml4px7bd8_gc4y493myh80000gn/T/FSTCapacityImageQA-53ACA323-30AC-4986-AD1A-F4C1A7808555/mount: Error Domain=CacheDeleteErrorDomain Code=10 "(null)" UserInfo={Invalid volume=/private/var/folders/89/bwjml4px7bd8_gc4y493myh80000gn/T/FSTCapacityImageQA-53ACA323-30AC-4986-AD1A-F4C1A7808555/mount}
2026-10-02 16:27:21.093817+0700 xctest[62869:85503098] [client] Not Valid
2026-10-02 16:27:21.093845+0700 xctest[62869:85503098] [client] CacheDeleteCopyAvailableSpaceForVolume failed for volume /private/var/folders/89/bwjml4px7bd8_gc4y493myh80000gn/T/FSTCapacityImageQA-53ACA323-30AC-4986-AD1A-F4C1A7808555/mount: Error Domain=CacheDeleteErrorDomain Code=10 "(null)" UserInfo={Invalid volume=/private/var/folders/89/bwjml4px7bd8_gc4y493myh80000gn/T/FSTCapacityImageQA-53ACA323-30AC-4986-AD1A-F4C1A7808555/mount}
2026-10-02 16:27:21.094393+0700 xctest[62869:85503098] [client] Not Valid
2026-10-02 16:27:21.094409+0700 xctest[62869:85503098] [client] CacheDeleteCopyAvailableSpaceForVolume failed for volume /private/var/folders/89/bwjml4px7bd8_gc4y493myh80000gn/T/FSTCapacityImageQA-53ACA323-30AC-4986-AD1A-F4C1A7808555/mount: Error Domain=CacheDeleteErrorDomain Code=10 "(null)" UserInfo={Invalid volume=/private/var/folders/89/bwjml4px7bd8_gc4y493myh80000gn/T/FSTCapacityImageQA-53ACA323-30AC-4986-AD1A-F4C1A7808555/mount}
2026-10-02 16:27:21.094768+0700 xctest[62869:85503098] [client] Not Valid
2026-10-02 16:27:21.094780+0700 xctest[62869:85503098] [client] CacheDeleteCopyAvailableSpaceForVolume failed for volume /private/var/folders/89/bwjml4px7bd8_gc4y493myh80000gn/T/FSTCapacityImageQA-53ACA323-30AC-4986-AD1A-F4C1A7808555/mount: Error Domain=CacheDeleteErrorDomain Code=10 "(null)" UserInfo={Invalid volume=/private/var/folders/89/bwjml4px7bd8_gc4y493myh80000gn/T/FSTCapacityImageQA-53ACA323-30AC-4986-AD1A-F4C1A7808555/mount}
2026-10-02 16:27:21.095158+0700 xctest[62869:85503098] [client] Not Valid
2026-10-02 16:27:21.095171+0700 xctest[62869:85503098] [client] CacheDeleteCopyAvailableSpaceForVolume failed for volume /private/var/folders/89/bwjml4px7bd8_gc4y493myh80000gn/T/FSTCapacityImageQA-53ACA323-30AC-4986-AD1A-F4C1A7808555/mount: Error Domain=CacheDeleteErrorDomain Code=10 "(null)" UserInfo={Invalid volume=/private/var/folders/89/bwjml4px7bd8_gc4y493myh80000gn/T/FSTCapacityImageQA-53ACA323-30AC-4986-AD1A-F4C1A7808555/mount}
2026-10-02 16:27:21.095503+0700 xctest[62869:85503098] [client] Not Valid
2026-10-02 16:27:21.095515+0700 xctest[62869:85503098] [client] CacheDeleteCopyAvailableSpaceForVolume failed for volume /private/var/folders/89/bwjml4px7bd8_gc4y493myh80000gn/T/FSTCapacityImageQA-53ACA323-30AC-4986-AD1A-F4C1A7808555/mount: Error Domain=CacheDeleteErrorDomain Code=10 "(null)" UserInfo={Invalid volume=/private/var/folders/89/bwjml4px7bd8_gc4y493myh80000gn/T/FSTCapacityImageQA-53ACA323-30AC-4986-AD1A-F4C1A7808555/mount}
2026-10-02 16:27:21.095867+0700 xctest[62869:85503098] [client] Not Valid
2026-10-02 16:27:21.095879+0700 xctest[62869:85503098] [client] CacheDeleteCopyAvailableSpaceForVolume failed for volume /private/var/folders/89/bwjml4px7bd8_gc4y493myh80000gn/T/FSTCapacityImageQA-53ACA323-30AC-4986-AD1A-F4C1A7808555/mount: Error Domain=CacheDeleteErrorDomain Code=10 "(null)" UserInfo={Invalid volume=/private/var/folders/89/bwjml4px7bd8_gc4y493myh80000gn/T/FSTCapacityImageQA-53ACA323-30AC-4986-AD1A-F4C1A7808555/mount}
2026-10-02 16:27:21.096204+0700 xctest[62869:85503098] [client] Not Valid
2026-10-02 16:27:21.096216+0700 xctest[62869:85503098] [client] CacheDeleteCopyAvailableSpaceForVolume failed for volume /private/var/folders/89/bwjml4px7bd8_gc4y493myh80000gn/T/FSTCapacityImageQA-53ACA323-30AC-4986-AD1A-F4C1A7808555/mount: Error Domain=CacheDeleteErrorDomain Code=10 "(null)" UserInfo={Invalid volume=/private/var/folders/89/bwjml4px7bd8_gc4y493myh80000gn/T/FSTCapacityImageQA-53ACA323-30AC-4986-AD1A-F4C1A7808555/mount}
2026-10-02 16:27:21.096570+0700 xctest[62869:85503098] [client] Not Valid
2026-10-02 16:27:21.096581+0700 xctest[62869:85503098] [client] CacheDeleteCopyAvailableSpaceForVolume failed for volume /private/var/folders/89/bwjml4px7bd8_gc4y493myh80000gn/T/FSTCapacityImageQA-53ACA323-30AC-4986-AD1A-F4C1A7808555/mount: Error Domain=CacheDeleteErrorDomain Code=10 "(null)" UserInfo={Invalid volume=/private/var/folders/89/bwjml4px7bd8_gc4y493myh80000gn/T/FSTCapacityImageQA-53ACA323-30AC-4986-AD1A-F4C1A7808555/mount}
2026-10-02 16:27:21.096913+0700 xctest[62869:85503098] [client] Not Valid
2026-10-02 16:27:21.096924+0700 xctest[62869:85503098] [client] CacheDeleteCopyAvailableSpaceForVolume failed for volume /private/var/folders/89/bwjml4px7bd8_gc4y493myh80000gn/T/FSTCapacityImageQA-53ACA323-30AC-4986-AD1A-F4C1A7808555/mount: Error Domain=CacheDeleteErrorDomain Code=10 "(null)" UserInfo={Invalid volume=/private/var/folders/89/bwjml4px7bd8_gc4y493myh80000gn/T/FSTCapacityImageQA-53ACA323-30AC-4986-AD1A-F4C1A7808555/mount}
2026-10-02 16:27:21.097299+0700 xctest[62869:85503098] [client] Not Valid
2026-10-02 16:27:21.097311+0700 xctest[62869:85503098] [client] CacheDeleteCopyAvailableSpaceForVolume failed for volume /private/var/folders/89/bwjml4px7bd8_gc4y493myh80000gn/T/FSTCapacityImageQA-53ACA323-30AC-4986-AD1A-F4C1A7808555/mount: Error Domain=CacheDeleteErrorDomain Code=10 "(null)" UserInfo={Invalid volume=/private/var/folders/89/bwjml4px7bd8_gc4y493myh80000gn/T/FSTCapacityImageQA-53ACA323-30AC-4986-AD1A-F4C1A7808555/mount}
2026-10-02 16:27:21.097693+0700 xctest[62869:85503098] [client] Not Valid
2026-10-02 16:27:21.097707+0700 xctest[62869:85503098] [client] CacheDeleteCopyAvailableSpaceForVolume failed for volume /private/var/folders/89/bwjml4px7bd8_gc4y493myh80000gn/T/FSTCapacityImageQA-53ACA323-30AC-4986-AD1A-F4C1A7808555/mount: Error Domain=CacheDeleteErrorDomain Code=10 "(null)" UserInfo={Invalid volume=/private/var/folders/89/bwjml4px7bd8_gc4y493myh80000gn/T/FSTCapacityImageQA-53ACA323-30AC-4986-AD1A-F4C1A7808555/mount}
2026-10-02 16:27:21.098313+0700 xctest[62869:85503098] [client] Not Valid
2026-10-02 16:27:21.098337+0700 xctest[62869:85503098] [client] CacheDeleteCopyAvailableSpaceForVolume failed for volume /private/var/folders/89/bwjml4px7bd8_gc4y493myh80000gn/T/FSTCapacityImageQA-53ACA323-30AC-4986-AD1A-F4C1A7808555/mount: Error Domain=CacheDeleteErrorDomain Code=10 "(null)" UserInfo={Invalid volume=/private/var/folders/89/bwjml4px7bd8_gc4y493myh80000gn/T/FSTCapacityImageQA-53ACA323-30AC-4986-AD1A-F4C1A7808555/mount}
2026-10-02 16:27:21.098735+0700 xctest[62869:85503098] [client] Not Valid
2026-10-02 16:27:21.098757+0700 xctest[62869:85503098] [client] CacheDeleteCopyAvailableSpaceForVolume failed for volume /private/var/folders/89/bwjml4px7bd8_gc4y493myh80000gn/T/FSTCapacityImageQA-53ACA323-30AC-4986-AD1A-F4C1A7808555/mount: Error Domain=CacheDeleteErrorDomain Code=10 "(null)" UserInfo={Invalid volume=/private/var/folders/89/bwjml4px7bd8_gc4y493myh80000gn/T/FSTCapacityImageQA-53ACA323-30AC-4986-AD1A-F4C1A7808555/mount}
2026-10-02 16:27:21.099191+0700 xctest[62869:85503098] [client] Not Valid
2026-10-02 16:27:21.099204+0700 xctest[62869:85503098] [client] CacheDeleteCopyAvailableSpaceForVolume failed for volume /private/var/folders/89/bwjml4px7bd8_gc4y493myh80000gn/T/FSTCapacityImageQA-53ACA323-30AC-4986-AD1A-F4C1A7808555/mount: Error Domain=CacheDeleteErrorDomain Code=10 "(null)" UserInfo={Invalid volume=/private/var/folders/89/bwjml4px7bd8_gc4y493myh80000gn/T/FSTCapacityImageQA-53ACA323-30AC-4986-AD1A-F4C1A7808555/mount}
2026-10-02 16:27:21.099540+0700 xctest[62869:85503098] [client] Not Valid
2026-10-02 16:27:21.099553+0700 xctest[62869:85503098] [client] CacheDeleteCopyAvailableSpaceForVolume failed for volume /private/var/folders/89/bwjml4px7bd8_gc4y493myh80000gn/T/FSTCapacityImageQA-53ACA323-30AC-4986-AD1A-F4C1A7808555/mount: Error Domain=CacheDeleteErrorDomain Code=10 "(null)" UserInfo={Invalid volume=/private/var/folders/89/bwjml4px7bd8_gc4y493myh80000gn/T/FSTCapacityImageQA-53ACA323-30AC-4986-AD1A-F4C1A7808555/mount}
2026-10-02 16:27:21.099944+0700 xctest[62869:85503098] [client] Not Valid
2026-10-02 16:27:21.099957+0700 xctest[62869:85503098] [client] CacheDeleteCopyAvailableSpaceForVolume failed for volume /private/var/folders/89/bwjml4px7bd8_gc4y493myh80000gn/T/FSTCapacityImageQA-53ACA323-30AC-4986-AD1A-F4C1A7808555/mount: Error Domain=CacheDeleteErrorDomain Code=10 "(null)" UserInfo={Invalid volume=/private/var/folders/89/bwjml4px7bd8_gc4y493myh80000gn/T/FSTCapacityImageQA-53ACA323-30AC-4986-AD1A-F4C1A7808555/mount}
2026-10-02 16:27:21.100310+0700 xctest[62869:85503098] [client] Not Valid
2026-10-02 16:27:21.100322+0700 xctest[62869:85503098] [client] CacheDeleteCopyAvailableSpaceForVolume failed for volume /private/var/folders/89/bwjml4px7bd8_gc4y493myh80000gn/T/FSTCapacityImageQA-53ACA323-30AC-4986-AD1A-F4C1A7808555/mount: Error Domain=CacheDeleteErrorDomain Code=10 "(null)" UserInfo={Invalid volume=/private/var/folders/89/bwjml4px7bd8_gc4y493myh80000gn/T/FSTCapacityImageQA-53ACA323-30AC-4986-AD1A-F4C1A7808555/mount}
2026-10-02 16:27:21.100678+0700 xctest[62869:85503098] [client] Not Valid
2026-10-02 16:27:21.100690+0700 xctest[62869:85503098] [client] CacheDeleteCopyAvailableSpaceForVolume failed for volume /private/var/folders/89/bwjml4px7bd8_gc4y493myh80000gn/T/FSTCapacityImageQA-53ACA323-30AC-4986-AD1A-F4C1A7808555/mount: Error Domain=CacheDeleteErrorDomain Code=10 "(null)" UserInfo={Invalid volume=/private/var/folders/89/bwjml4px7bd8_gc4y493myh80000gn/T/FSTCapacityImageQA-53ACA323-30AC-4986-AD1A-F4C1A7808555/mount}
2026-10-02 16:27:21.101008+0700 xctest[62869:85503098] [client] Not Valid
2026-10-02 16:27:21.101019+0700 xctest[62869:85503098] [client] CacheDeleteCopyAvailableSpaceForVolume failed for volume /private/var/folders/89/bwjml4px7bd8_gc4y493myh80000gn/T/FSTCapacityImageQA-53ACA323-30AC-4986-AD1A-F4C1A7808555/mount: Error Domain=CacheDeleteErrorDomain Code=10 "(null)" UserInfo={Invalid volume=/private/var/folders/89/bwjml4px7bd8_gc4y493myh80000gn/T/FSTCapacityImageQA-53ACA323-30AC-4986-AD1A-F4C1A7808555/mount}
2026-10-02 16:27:21.101386+0700 xctest[62869:85503098] [client] Not Valid
2026-10-02 16:27:21.101397+0700 xctest[62869:85503098] [client] CacheDeleteCopyAvailableSpaceForVolume failed for volume /private/var/folders/89/bwjml4px7bd8_gc4y493myh80000gn/T/FSTCapacityImageQA-53ACA323-30AC-4986-AD1A-F4C1A7808555/mount: Error Domain=CacheDeleteErrorDomain Code=10 "(null)" UserInfo={Invalid volume=/private/var/folders/89/bwjml4px7bd8_gc4y493myh80000gn/T/FSTCapacityImageQA-53ACA323-30AC-4986-AD1A-F4C1A7808555/mount}
2026-10-02 16:27:21.101717+0700 xctest[62869:85503098] [client] Not Valid
2026-10-02 16:27:21.101729+0700 xctest[62869:85503098] [client] CacheDeleteCopyAvailableSpaceForVolume failed for volume /private/var/folders/89/bwjml4px7bd8_gc4y493myh80000gn/T/FSTCapacityImageQA-53ACA323-30AC-4986-AD1A-F4C1A7808555/mount: Error Domain=CacheDeleteErrorDomain Code=10 "(null)" UserInfo={Invalid volume=/private/var/folders/89/bwjml4px7bd8_gc4y493myh80000gn/T/FSTCapacityImageQA-53ACA323-30AC-4986-AD1A-F4C1A7808555/mount}
2026-10-02 16:27:21.102090+0700 xctest[62869:85503098] [client] Not Valid
2026-10-02 16:27:21.102101+0700 xctest[62869:85503098] [client] CacheDeleteCopyAvailableSpaceForVolume failed for volume /private/var/folders/89/bwjml4px7bd8_gc4y493myh80000gn/T/FSTCapacityImageQA-53ACA323-30AC-4986-AD1A-F4C1A7808555/mount: Error Domain=CacheDeleteErrorDomain Code=10 "(null)" UserInfo={Invalid volume=/private/var/folders/89/bwjml4px7bd8_gc4y493myh80000gn/T/FSTCapacityImageQA-53ACA323-30AC-4986-AD1A-F4C1A7808555/mount}
2026-10-02 16:27:21.102429+0700 xctest[62869:85503098] [client] Not Valid
2026-10-02 16:27:21.102440+0700 xctest[62869:85503098] [client] CacheDeleteCopyAvailableSpaceForVolume failed for volume /private/var/folders/89/bwjml4px7bd8_gc4y493myh80000gn/T/FSTCapacityImageQA-53ACA323-30AC-4986-AD1A-F4C1A7808555/mount: Error Domain=CacheDeleteErrorDomain Code=10 "(null)" UserInfo={Invalid volume=/private/var/folders/89/bwjml4px7bd8_gc4y493myh80000gn/T/FSTCapacityImageQA-53ACA323-30AC-4986-AD1A-F4C1A7808555/mount}
2026-10-02 16:27:21.102799+0700 xctest[62869:85503098] [client] Not Valid
2026-10-02 16:27:21.102810+0700 xctest[62869:85503098] [client] CacheDeleteCopyAvailableSpaceForVolume failed for volume /private/var/folders/89/bwjml4px7bd8_gc4y493myh80000gn/T/FSTCapacityImageQA-53ACA323-30AC-4986-AD1A-F4C1A7808555/mount: Error Domain=CacheDeleteErrorDomain Code=10 "(null)" UserInfo={Invalid volume=/private/var/folders/89/bwjml4px7bd8_gc4y493myh80000gn/T/FSTCapacityImageQA-53ACA323-30AC-4986-AD1A-F4C1A7808555/mount}
2026-10-02 16:27:21.103129+0700 xctest[62869:85503098] [client] Not Valid
2026-10-02 16:27:21.103141+0700 xctest[62869:85503098] [client] CacheDeleteCopyAvailableSpaceForVolume failed for volume /private/var/folders/89/bwjml4px7bd8_gc4y493myh80000gn/T/FSTCapacityImageQA-53ACA323-30AC-4986-AD1A-F4C1A7808555/mount: Error Domain=CacheDeleteErrorDomain Code=10 "(null)" UserInfo={Invalid volume=/private/var/folders/89/bwjml4px7bd8_gc4y493myh80000gn/T/FSTCapacityImageQA-53ACA323-30AC-4986-AD1A-F4C1A7808555/mount}
2026-10-02 16:27:21.103491+0700 xctest[62869:85503098] [client] Not Valid
2026-10-02 16:27:21.103503+0700 xctest[62869:85503098] [client] CacheDeleteCopyAvailableSpaceForVolume failed for volume /private/var/folders/89/bwjml4px7bd8_gc4y493myh80000gn/T/FSTCapacityImageQA-53ACA323-30AC-4986-AD1A-F4C1A7808555/mount: Error Domain=CacheDeleteErrorDomain Code=10 "(null)" UserInfo={Invalid volume=/private/var/folders/89/bwjml4px7bd8_gc4y493myh80000gn/T/FSTCapacityImageQA-53ACA323-30AC-4986-AD1A-F4C1A7808555/mount}
2026-10-02 16:27:21.103819+0700 xctest[62869:85503098] [client] Not Valid
2026-10-02 16:27:21.103829+0700 xctest[62869:85503098] [client] CacheDeleteCopyAvailableSpaceForVolume failed for volume /private/var/folders/89/bwjml4px7bd8_gc4y493myh80000gn/T/FSTCapacityImageQA-53ACA323-30AC-4986-AD1A-F4C1A7808555/mount: Error Domain=CacheDeleteErrorDomain Code=10 "(null)" UserInfo={Invalid volume=/private/var/folders/89/bwjml4px7bd8_gc4y493myh80000gn/T/FSTCapacityImageQA-53ACA323-30AC-4986-AD1A-F4C1A7808555/mount}
2026-10-02 16:27:21.104175+0700 xctest[62869:85503098] [client] Not Valid
2026-10-02 16:27:21.104186+0700 xctest[62869:85503098] [client] CacheDeleteCopyAvailableSpaceForVolume failed for volume /private/var/folders/89/bwjml4px7bd8_gc4y493myh80000gn/T/FSTCapacityImageQA-53ACA323-30AC-4986-AD1A-F4C1A7808555/mount: Error Domain=CacheDeleteErrorDomain Code=10 "(null)" UserInfo={Invalid volume=/private/var/folders/89/bwjml4px7bd8_gc4y493myh80000gn/T/FSTCapacityImageQA-53ACA323-30AC-4986-AD1A-F4C1A7808555/mount}
2026-10-02 16:27:21.104510+0700 xctest[62869:85503098] [client] Not Valid
2026-10-02 16:27:21.104522+0700 xctest[62869:85503098] [client] CacheDeleteCopyAvailableSpaceForVolume failed for volume /private/var/folders/89/bwjml4px7bd8_gc4y493myh80000gn/T/FSTCapacityImageQA-53ACA323-30AC-4986-AD1A-F4C1A7808555/mount: Error Domain=CacheDeleteErrorDomain Code=10 "(null)" UserInfo={Invalid volume=/private/var/folders/89/bwjml4px7bd8_gc4y493myh80000gn/T/FSTCapacityImageQA-53ACA323-30AC-4986-AD1A-F4C1A7808555/mount}
2026-10-02 16:27:21.104870+0700 xctest[62869:85503098] [client] Not Valid
2026-10-02 16:27:21.104882+0700 xctest[62869:85503098] [client] CacheDeleteCopyAvailableSpaceForVolume failed for volume /private/var/folders/89/bwjml4px7bd8_gc4y493myh80000gn/T/FSTCapacityImageQA-53ACA323-30AC-4986-AD1A-F4C1A7808555/mount: Error Domain=CacheDeleteErrorDomain Code=10 "(null)" UserInfo={Invalid volume=/private/var/folders/89/bwjml4px7bd8_gc4y493myh80000gn/T/FSTCapacityImageQA-53ACA323-30AC-4986-AD1A-F4C1A7808555/mount}
2026-10-02 16:27:21.105194+0700 xctest[62869:85503098] [client] Not Valid
2026-10-02 16:27:21.105205+0700 xctest[62869:85503098] [client] CacheDeleteCopyAvailableSpaceForVolume failed for volume /private/var/folders/89/bwjml4px7bd8_gc4y493myh80000gn/T/FSTCapacityImageQA-53ACA323-30AC-4986-AD1A-F4C1A7808555/mount: Error Domain=CacheDeleteErrorDomain Code=10 "(null)" UserInfo={Invalid volume=/private/var/folders/89/bwjml4px7bd8_gc4y493myh80000gn/T/FSTCapacityImageQA-53ACA323-30AC-4986-AD1A-F4C1A7808555/mount}
2026-10-02 16:27:21.105601+0700 xctest[62869:85503098] [client] Not Valid
2026-10-02 16:27:21.105611+0700 xctest[62869:85503098] [client] CacheDeleteCopyAvailableSpaceForVolume failed for volume /private/var/folders/89/bwjml4px7bd8_gc4y493myh80000gn/T/FSTCapacityImageQA-53ACA323-30AC-4986-AD1A-F4C1A7808555/mount: Error Domain=CacheDeleteErrorDomain Code=10 "(null)" UserInfo={Invalid volume=/private/var/folders/89/bwjml4px7bd8_gc4y493myh80000gn/T/FSTCapacityImageQA-53ACA323-30AC-4986-AD1A-F4C1A7808555/mount}
2026-10-02 16:27:21.106794+0700 xctest[62869:85503098] [client] Not Valid
2026-10-02 16:27:21.106828+0700 xctest[62869:85503098] [client] CacheDeleteCopyAvailableSpaceForVolume failed for volume /private/var/folders/89/bwjml4px7bd8_gc4y493myh80000gn/T/FSTCapacityImageQA-53ACA323-30AC-4986-AD1A-F4C1A7808555/mount: Error Domain=CacheDeleteErrorDomain Code=10 "(null)" UserInfo={Invalid volume=/private/var/folders/89/bwjml4px7bd8_gc4y493myh80000gn/T/FSTCapacityImageQA-53ACA323-30AC-4986-AD1A-F4C1A7808555/mount}
2026-10-02 16:27:21.572049+0700 xctest[62869:85503098] [client] Not Valid
2026-10-02 16:27:21.572090+0700 xctest[62869:85503098] [client] CacheDeleteCopyAvailableSpaceForVolume failed for volume /private/var/folders/89/bwjml4px7bd8_gc4y493myh80000gn/T/FSTCapacityImageQA-53ACA323-30AC-4986-AD1A-F4C1A7808555/mount: Error Domain=CacheDeleteErrorDomain Code=10 "(null)" UserInfo={Invalid volume=/private/var/folders/89/bwjml4px7bd8_gc4y493myh80000gn/T/FSTCapacityImageQA-53ACA323-30AC-4986-AD1A-F4C1A7808555/mount}
2026-10-02 16:27:21.572994+0700 xctest[62869:85503098] [client] Not Valid
2026-10-02 16:27:21.573017+0700 xctest[62869:85503098] [client] CacheDeleteCopyAvailableSpaceForVolume failed for volume /private/var/folders/89/bwjml4px7bd8_gc4y493myh80000gn/T/FSTCapacityImageQA-53ACA323-30AC-4986-AD1A-F4C1A7808555/mount: Error Domain=CacheDeleteErrorDomain Code=10 "(null)" UserInfo={Invalid volume=/private/var/folders/89/bwjml4px7bd8_gc4y493myh80000gn/T/FSTCapacityImageQA-53ACA323-30AC-4986-AD1A-F4C1A7808555/mount}
2026-10-02 16:27:22.034822+0700 xctest[62869:85503098] [client] Not Valid
2026-10-02 16:27:22.034862+0700 xctest[62869:85503098] [client] CacheDeleteCopyAvailableSpaceForVolume failed for volume /private/var/folders/89/bwjml4px7bd8_gc4y493myh80000gn/T/FSTCapacityImageQA-53ACA323-30AC-4986-AD1A-F4C1A7808555/mount: Error Domain=CacheDeleteErrorDomain Code=10 "(null)" UserInfo={Invalid volume=/private/var/folders/89/bwjml4px7bd8_gc4y493myh80000gn/T/FSTCapacityImageQA-53ACA323-30AC-4986-AD1A-F4C1A7808555/mount}
FST_CAPACITY_QA APFS_BLOCK_BEFORE_RSYNC=PASS FLOOR=33554432 F=14278656
[INFO] Validating transfer requirements...
2026-10-02 16:27:22.037047+0700 xctest[62869:85503101] [client] Not Valid
2026-10-02 16:27:22.037073+0700 xctest[62869:85503101] [client] CacheDeleteCopyAvailableSpaceForVolume failed for volume /private/var/folders/89/bwjml4px7bd8_gc4y493myh80000gn/T/FSTCapacityImageQA-53ACA323-30AC-4986-AD1A-F4C1A7808555/mount: Error Domain=CacheDeleteErrorDomain Code=10 "(null)" UserInfo={Invalid volume=/private/var/folders/89/bwjml4px7bd8_gc4y493myh80000gn/T/FSTCapacityImageQA-53ACA323-30AC-4986-AD1A-F4C1A7808555/mount}
2026-10-02 16:27:22.498546+0700 xctest[62869:85503101] [client] Not Valid
2026-10-02 16:27:22.498588+0700 xctest[62869:85503101] [client] CacheDeleteCopyAvailableSpaceForVolume failed for volume /private/var/folders/89/bwjml4px7bd8_gc4y493myh80000gn/T/FSTCapacityImageQA-53ACA323-30AC-4986-AD1A-F4C1A7808555/mount: Error Domain=CacheDeleteErrorDomain Code=10 "(null)" UserInfo={Invalid volume=/private/var/folders/89/bwjml4px7bd8_gc4y493myh80000gn/T/FSTCapacityImageQA-53ACA323-30AC-4986-AD1A-F4C1A7808555/mount}
[ERROR] TRANSFER ERROR: Destination capacity is below the required preflight floor. Floor: 32 MB (33,554,432 bytes), Available: 13.6 MB (14,278,656 bytes).
[SYSTEM] Report saved: /var/folders/89/bwjml4px7bd8_gc4y493myh80000gn/T/FSTCapacityImageQA-53ACA323-30AC-4986-AD1A-F4C1A7808555/mount/FST_Report_FST-20261002-162722-7C8F5055.txt
2026-10-02 16:27:22.513172+0700 xctest[62869:85503098] [client] Not Valid
2026-10-02 16:27:22.513209+0700 xctest[62869:85503098] [client] CacheDeleteCopyAvailableSpaceForVolume failed for volume /private/var/folders/89/bwjml4px7bd8_gc4y493myh80000gn/T/FSTCapacityImageQA-53ACA323-30AC-4986-AD1A-F4C1A7808555/mount: Error Domain=CacheDeleteErrorDomain Code=10 "(null)" UserInfo={Invalid volume=/private/var/folders/89/bwjml4px7bd8_gc4y493myh80000gn/T/FSTCapacityImageQA-53ACA323-30AC-4986-AD1A-F4C1A7808555/mount}
2026-10-02 16:27:23.002968+0700 xctest[62869:85503098] [client] Not Valid
2026-10-02 16:27:23.003012+0700 xctest[62869:85503098] [client] CacheDeleteCopyAvailableSpaceForVolume failed for volume /private/var/folders/89/bwjml4px7bd8_gc4y493myh80000gn/T/FSTCapacityImageQA-53ACA323-30AC-4986-AD1A-F4C1A7808555/mount: Error Domain=CacheDeleteErrorDomain Code=10 "(null)" UserInfo={Invalid volume=/private/var/folders/89/bwjml4px7bd8_gc4y493myh80000gn/T/FSTCapacityImageQA-53ACA323-30AC-4986-AD1A-F4C1A7808555/mount}
FST_CAPACITY_QA FS=APFS F_GE_FLOOR_PASS=YES RSYNC=3.4.4 HASH_FILES=8192 HASH=PASS OBSERVER_L=8192 GUARANTEED_FIT_CLAIM=NONE
FST_CAPACITY_QA CLEANUP=PASS ROOT=/var/folders/89/bwjml4px7bd8_gc4y493myh80000gn/T/FSTCapacityImageQA-53ACA323-30AC-4986-AD1A-F4C1A7808555 OWNER_MEDIA_TOUCHED=NONE
Test Case '-[FishSockTransferTests.DestinationCapacityImageRuntimeXCTests testDisposableAPFSAdmissionAndVerifiedCopy]' passed (11.737 seconds).
Test Suite 'DestinationCapacityImageRuntimeXCTests' passed at 2026-10-02 16:27:29.637.
	 Executed 1 test, with 0 failures (0 unexpected) in 11.737 (11.738) seconds
Test Suite 'FishSockTransferTests.xctest' passed at 2026-10-02 16:27:29.637.
	 Executed 1 test, with 0 failures (0 unexpected) in 11.737 (11.738) seconds
Test Suite 'Selected tests' passed at 2026-10-02 16:27:29.637.
	 Executed 1 test, with 0 failures (0 unexpected) in 11.737 (11.739) seconds
2026-10-02 16:27:29.911 xcodebuild[62681:85501155] [MT] IDETestOperationsObserverDebug: 13.594 elapsed -- Testing started completed.
2026-10-02 16:27:29.911 xcodebuild[62681:85501155] [MT] IDETestOperationsObserverDebug: 0.000 sec, +0.000 sec -- start
2026-10-02 16:27:29.911 xcodebuild[62681:85501155] [MT] IDETestOperationsObserverDebug: 13.594 sec, +13.594 sec -- end

Test session results, code coverage, and logs:
	/tmp/fst-patch3-verify-isolated-20261002-1627.xcresult

** TEST SUCCEEDED **

Testing started
